Age,Gender,Height,Weight,BMI,Calories,WorkoutDuration,Steps,SleepHours,WaterIntake,ActivityLevel,FatLoss,WeightLoss
22,Male,174.1,63.6,20.99,1762,68,8544,7.1,2.6,Moderate,7.9,8.12
55,Female,153.5,78.5,33.31,2249,47,5729,6.2,2.4,Moderate,5.49,6.0
49,Female,160.8,64.9,25.08,2093,55,5454,8.6,0.8,Moderate,6.41,7.4
39,Female,155.4,70.9,29.33,2742,28,9172,6.9,2.8,High,4.73,5.72
38,Male,183.6,101.2,30.02,2330,22,3808,8.3,0.8,Moderate,4.75,5.42
59,Male,171.1,75.3,25.73,1900,0,5314,5.0,3.1,Low,3.1,3.59
22,Female,154.1,45.1,18.98,2785,86,7290,7.4,2.7,Low,4.64,5.85
51,Female,172.2,70.4,23.72,2664,71,9128,7.7,3.3,High,6.81,7.46
27,Female,167.8,79.0,28.07,1594,63,2696,6.8,2.0,Moderate,5.99,6.81
22,Female,171.2,78.7,26.85,2426,54,7542,6.4,2.6,Moderate,5.16,5.33
43,Male,167.4,88.0,31.4,1942,0,3482,6.8,3.2,Low,3.69,4.27
64,Male,176.9,86.5,27.64,1929,23,5605,7.9,1.8,High,5.78,6.76
53,Male,189.4,75.5,21.04,3234,37,10760,5.5,3.1,Moderate,3.19,3.32
54,Male,176.0,56.5,18.25,2362,14,7741,7.8,3.1,High,4.72,5.31
52,Male,181.2,70.1,21.34,2191,0,13841,7.4,2.5,Low,3.06,3.8
55,Female,162.5,66.8,25.31,2342,17,7747,6.7,4.0,Low,3.77,4.87
42,Male,176.5,72.9,23.4,2737,46,11388,6.7,3.1,Low,4.7,5.64
24,Male,175.5,90.4,29.37,1949,46,10781,7.1,1.1,Moderate,8.05,9.24
58,Female,175.8,85.3,27.59,2034,70,7953,9.0,3.5,High,7.01,7.91
39,Male,180.1,92.8,28.62,2628,102,3395,7.4,2.0,Moderate,6.35,7.26
42,Male,163.2,71.1,26.7,1541,64,7632,5.9,3.3,High,7.27,7.54
35,Female,173.9,105.2,34.78,2795,40,6135,6.5,2.9,Moderate,4.36,4.61
26,Male,172.5,90.1,30.27,1497,95,6000,5.6,0.8,Low,7.29,8.48
62,Female,158.6,80.0,31.81,2177,0,8545,4.7,3.1,Moderate,4.1,4.55
55,Female,154.8,88.9,37.1,1500,0,2926,5.6,2.4,High,4.4,4.81
48,Male,168.1,65.8,23.29,1771,20,4941,7.1,2.2,Moderate,5.43,5.43
37,Female,166.7,45.0,16.2,2948,67,4457,8.5,2.2,Low,3.66,4.64
57,Female,160.6,67.1,26.0,2822,49,7110,8.2,3.3,High,5.51,5.72
44,Female,162.4,91.5,34.69,2875,13,5311,5.6,1.8,Moderate,3.68,3.99
39,Female,165.9,79.4,28.87,1575,24,5541,6.0,3.6,High,6.11,7.09
39,Female,149.0,75.5,34.02,1774,10,8474,5.9,1.2,Moderate,5.29,5.29
28,Female,171.0,62.7,21.45,2469,10,6440,4.0,2.9,Moderate,3.48,4.56
22,Female,159.6,45.0,17.68,2657,88,8016,6.8,3.3,Moderate,4.65,4.96
44,Male,170.5,103.6,35.67,1900,40,4095,8.0,3.3,High,7.66,8.21
60,Female,166.3,74.3,26.84,2010,94,5100,6.7,2.8,High,6.73,7.06
21,Female,171.6,70.3,23.86,1734,20,15142,5.5,2.4,Moderate,5.0,5.13
59,Female,161.3,65.9,25.34,3129,58,5559,6.0,2.1,Low,3.69,4.03
57,Male,163.8,100.6,37.48,2062,51,1000,6.6,1.5,Low,5.11,5.42
31,Male,176.5,93.9,30.15,2315,69,9197,7.9,2.0,Low,6.5,6.67
48,Female,163.4,60.6,22.69,2341,52,5522,6.8,1.7,Moderate,4.6,5.74
25,Female,154.8,99.0,41.32,2852,72,8853,7.8,1.6,Moderate,7.04,7.3
54,Male,175.2,75.4,24.55,1823,60,7686,6.9,4.2,Low,5.52,5.52
51,Male,177.1,67.0,21.37,2884,14,9924,7.3,1.1,Moderate,3.81,3.81
35,Male,178.0,72.7,22.95,1660,65,7651,5.9,3.6,High,7.32,8.07
21,Female,166.7,63.9,22.99,2882,42,7207,6.2,1.5,Low,3.66,3.66
64,Male,175.5,54.2,17.61,1442,23,12017,5.5,1.7,Moderate,4.94,5.48
39,Other,175.9,92.0,29.73,2247,64,1000,7.7,1.7,Low,5.19,6.48
60,Male,154.6,74.0,30.98,3112,70,3360,6.7,1.6,Moderate,4.61,5.27
50,Male,179.2,89.1,27.76,2648,31,5112,4.0,3.4,High,4.94,5.65
55,Male,175.2,83.2,27.1,2510,35,2075,7.6,3.1,Low,5.0,5.41
54,Female,162.6,87.9,33.26,1775,6,6322,8.2,2.4,High,6.35,6.94
27,Female,158.9,45.0,17.82,1932,0,5976,6.0,5.0,Low,2.67,3.19
35,Female,165.2,62.4,22.85,2972,38,11411,7.6,2.6,Moderate,4.06,4.77
40,Female,171.4,88.2,30.02,2536,67,7691,6.7,2.7,Low,4.57,5.75
41,Male,180.0,55.1,17.0,2745,28,7254,4.5,2.0,Moderate,3.04,3.49
20,Female,166.8,84.7,30.45,2336,84,6670,9.3,1.9,Low,5.54,5.86
44,Male,166.6,53.0,19.09,2159,39,4318,6.8,2.1,Moderate,4.62,5.19
25,Male,178.3,78.3,24.64,2683,39,11117,7.2,3.4,Low,4.52,5.45
53,Male,169.0,107.0,37.47,2429,36,12235,6.3,3.1,High,5.28,5.76
50,Male,166.6,91.9,33.14,2215,72,3757,6.6,3.8,Low,4.77,5.46
62,Female,156.9,45.0,18.28,1592,18,13670,7.2,2.0,Low,5.36,6.14
53,Female,154.5,93.3,39.05,2776,41,5651,5.7,3.1,Moderate,4.52,5.87
35,Female,148.9,110.8,49.98,2520,29,5366,9.0,2.9,Moderate,5.34,6.27
64,Female,152.6,128.3,55.13,1996,29,9654,8.0,3.0,High,6.98,7.27
37,Female,160.2,86.6,33.72,2889,45,9967,7.6,1.8,High,6.63,6.63
33,Male,172.4,53.4,17.99,2421,41,7750,6.8,1.7,Moderate,3.55,4.2
61,Male,168.8,85.8,30.12,2431,74,6788,6.1,3.1,High,5.77,6.13
35,Male,175.3,106.7,34.71,2741,44,12103,8.2,3.4,Low,5.9,6.33
21,Female,159.0,74.6,29.53,2634,60,5818,7.7,2.0,High,6.13,6.38
40,Other,170.5,96.8,33.28,2446,49,7759,6.5,3.1,Moderate,5.22,5.64
56,Male,178.8,62.9,19.67,2205,84,13928,5.7,3.7,Low,5.58,6.0
27,Female,166.9,84.7,30.42,3291,36,3320,5.1,2.3,Moderate,4.04,4.6
40,Female,163.4,45.0,16.85,1933,36,6394,7.0,1.3,Moderate,6.11,6.48
24,Female,152.2,60.9,26.29,2672,65,11587,6.7,1.4,Moderate,5.76,6.1
50,Female,161.4,77.9,29.91,2258,36,9848,8.4,2.0,Low,5.61,6.39
40,Female,153.4,71.5,30.39,2527,58,11129,8.2,2.2,Moderate,7.14,7.74
33,Female,161.2,54.6,21.0,2916,110,3369,7.0,2.6,Moderate,5.37,5.97
28,Female,156.8,69.0,28.07,2144,17,9123,6.9,2.6,Moderate,4.17,4.75
45,Male,171.8,83.9,28.43,2600,87,7001,5.6,2.4,High,5.36,5.65
50,Female,152.6,76.4,32.83,2432,31,15953,8.3,3.2,High,6.01,7.11
63,Male,166.8,79.1,28.43,1979,82,10832,6.9,1.9,Moderate,7.53,8.84
38,Female,166.0,91.2,33.08,2929,64,7921,7.7,3.7,Moderate,6.19,7.22
25,Male,170.5,71.8,24.7,2655,61,9000,8.4,3.4,Moderate,7.02,7.02
57,Male,170.8,102.5,35.11,2082,40,8190,6.3,3.4,High,6.78,7.15
48,Male,174.7,60.2,19.72,2851,37,10446,6.0,2.0,Moderate,3.94,4.79
51,Male,183.9,112.7,33.32,1884,24,5002,10.0,2.5,Moderate,4.8,5.14
22,Male,179.4,98.0,30.46,2285,45,12778,7.7,3.3,Moderate,6.85,7.2
32,Male,161.0,71.6,27.61,2085,39,3363,6.7,2.4,High,5.9,6.02
54,Male,178.9,72.8,22.75,2675,50,8717,8.5,2.0,Moderate,5.68,6.15
57,Male,174.9,81.7,26.72,2060,5,5115,6.6,1.9,Low,3.77,4.09
38,Female,160.1,88.8,34.64,2679,45,8149,7.4,2.0,Moderate,5.39,5.39
56,Female,148.8,97.7,44.15,2597,80,11458,6.3,1.6,Low,5.24,6.24
58,Female,157.9,53.9,21.6,2112,71,2006,7.0,5.2,Low,5.64,6.38
36,Male,168.5,85.9,30.26,3214,45,7406,6.7,0.8,Moderate,4.39,4.52
61,Male,172.5,45.0,15.12,1927,116,2960,6.1,1.7,Moderate,6.34,7.25
31,Female,167.7,74.8,26.61,1595,28,7022,7.3,3.1,High,6.5,7.14
29,Male,168.4,104.2,36.75,2728,42,2951,6.2,2.0,High,4.65,5.66
50,Male,165.8,52.5,19.1,1225,4,8566,7.7,2.3,Moderate,5.09,5.95
48,Female,168.5,49.2,17.34,3045,33,6508,6.6,3.0,Low,3.32,3.64
24,Female,149.7,82.0,36.56,2350,95,10614,4.9,3.5,Low,6.23,7.07
57,Male,160.2,103.0,40.11,1586,34,12299,7.7,2.4,High,7.72,8.57
27,Female,160.4,83.9,32.59,1825,2,8037,7.8,3.4,Moderate,5.76,6.73
56,Male,185.6,45.0,13.06,1482,69,11127,9.7,1.1,Moderate,7.39,8.34
18,Female,159.9,47.7,18.65,2491,55,12838,7.0,2.1,Moderate,6.97,8.3
56,Male,175.4,79.8,25.92,1636,68,4772,7.2,3.0,Low,7.22,8.16
55,Male,157.0,56.8,23.04,2551,36,13022,7.6,4.4,Moderate,5.09,5.42
55,Female,161.0,80.5,31.06,2147,16,7870,8.2,1.7,High,5.53,6.19
49,Male,174.7,81.5,26.7,2062,39,4575,8.1,1.6,Moderate,6.17,6.41
40,Female,163.4,69.2,25.91,2554,60,9044,7.4,2.9,Moderate,6.46,7.49
51,Male,175.4,110.7,35.95,2611,42,7747,7.0,2.6,Low,4.18,4.48
31,Female,151.9,88.6,38.42,2872,55,3075,8.0,2.0,Low,4.43,5.81
55,Female,165.4,99.8,36.46,1983,29,4146,6.9,1.5,Low,4.72,5.22
44,Female,159.7,94.6,37.09,2285,56,13730,5.5,2.1,Moderate,6.75,7.34
40,Female,160.8,75.3,29.11,1982,44,8975,5.2,3.1,Low,6.33,6.77
42,Male,172.2,74.5,25.13,2381,25,13186,6.6,2.3,Moderate,4.46,4.81
45,Female,157.0,72.6,29.48,1910,48,6541,7.1,3.7,Moderate,7.3,7.71
19,Male,172.6,90.3,30.31,2087,34,5194,10.0,2.5,Moderate,4.56,5.24
24,Female,172.1,66.3,22.38,2090,62,2108,6.9,3.1,Low,5.4,6.01
29,Female,167.3,109.1,38.98,2446,69,11387,7.1,2.9,Moderate,6.88,7.33
23,Female,155.1,64.6,26.83,2301,59,9437,6.5,2.2,Moderate,6.16,6.87
39,Female,146.7,81.9,38.04,2553,0,6573,7.7,3.3,Low,3.76,4.17
50,Female,169.6,73.9,25.7,2246,17,5225,7.3,1.5,Moderate,4.81,5.41
49,Male,169.5,69.9,24.33,2010,27,11944,6.2,2.1,Moderate,4.32,5.53
40,Female,156.8,117.1,47.64,2395,22,7379,5.8,2.2,Moderate,4.47,4.87
59,Female,170.2,70.1,24.19,1841,29,7417,6.5,2.9,High,5.11,5.6
45,Male,162.7,72.5,27.38,2584,70,5897,6.0,3.2,High,5.26,5.46
21,Female,159.0,66.0,26.11,2157,64,6573,6.7,1.9,Moderate,6.32,6.8
54,Male,187.9,78.7,22.31,2402,33,9925,7.2,1.7,High,5.25,5.98
45,Male,179.5,76.2,23.65,2410,61,3042,6.4,2.7,High,4.86,5.28
48,Male,163.4,57.9,21.68,3100,54,8282,8.7,1.2,High,5.02,5.22
45,Male,163.7,70.4,26.24,2490,44,11344,8.4,3.5,Moderate,5.64,6.37
44,Female,163.5,89.0,33.29,2336,77,7703,6.7,2.4,High,6.75,7.51
22,Female,170.7,96.5,33.1,1953,26,11689,5.8,1.5,Low,5.14,5.95
44,Female,169.9,78.4,27.16,2701,46,12692,7.0,1.5,High,5.2,5.37
56,Female,162.1,79.1,30.11,2164,15,11162,6.8,2.9,Low,4.57,5.65
32,Male,167.0,71.5,25.63,1537,16,6119,6.9,2.9,Low,4.83,5.26
46,Male,167.5,69.0,24.58,2202,6,7875,6.5,1.9,Low,3.95,4.2
19,Male,172.6,61.4,20.64,2395,17,9210,5.7,2.5,High,4.19,5.15
34,Female,151.1,50.0,21.88,1890,47,6355,7.0,1.6,Moderate,6.7,7.76
38,Male,166.5,65.4,23.57,2240,36,6239,6.6,2.4,Moderate,4.45,4.94
65,Female,164.4,94.3,34.89,2264,37,6028,6.7,3.9,Moderate,5.39,5.7
28,Female,172.3,70.4,23.7,2272,36,16902,7.1,4.5,Moderate,5.31,6.07
31,Female,158.0,71.8,28.76,2917,94,7051,6.9,2.4,High,4.99,5.13
37,Female,157.5,71.4,28.79,1644,13,11740,7.1,3.0,Moderate,6.23,7.72
65,Male,166.8,100.4,36.07,3316,10,4957,6.5,3.0,Moderate,3.34,3.58
58,Female,164.5,61.3,22.66,2283,21,13956,7.4,1.1,High,4.85,5.57
19,Female,160.9,83.0,32.05,2590,42,6675,6.1,1.6,Low,4.57,5.12
29,Female,169.3,76.8,26.77,2363,59,8185,5.7,0.8,Moderate,4.05,4.33
57,Female,156.4,79.2,32.38,1436,62,1585,5.9,3.0,Low,6.2,6.47
20,Female,162.8,82.4,31.07,1771,71,11908,6.2,4.4,Moderate,7.55,8.54
59,Other,173.3,79.0,26.33,2037,41,12666,5.5,3.6,High,6.82,7.55
31,Male,168.7,92.3,32.43,2796,33,3844,5.0,2.6,Low,3.78,4.14
62,Female,167.9,77.5,27.49,1607,90,12111,7.6,2.5,Low,8.29,8.69
32,Female,163.0,109.4,41.15,1872,0,3319,8.5,2.3,Moderate,4.89,5.2
38,Male,179.4,78.8,24.47,2382,46,10212,7.7,3.6,Moderate,6.72,7.63
49,Female,163.4,47.3,17.74,2536,57,6992,6.4,2.8,Moderate,4.65,5.57
24,Male,183.7,89.5,26.52,2521,97,12676,4.9,2.7,Moderate,6.64,7.42
44,Female,157.6,85.1,34.26,1807,0,8872,7.2,1.6,Low,4.4,5.09
42,Male,180.2,78.6,24.2,1501,33,11260,5.1,3.1,Low,5.34,6.15
55,Male,176.4,73.3,23.57,2569,6,12332,6.9,2.5,Moderate,3.38,3.4
65,Female,166.4,45.0,16.24,3016,0,6981,6.0,3.0,Moderate,2.1,2.8
49,Male,166.4,45.0,16.26,2127,39,7898,4.3,3.5,High,5.3,6.27
37,Male,172.8,107.7,36.04,1727,68,4110,8.8,1.1,Moderate,7.95,8.63
37,Male,180.7,67.5,20.65,2085,78,6949,5.5,2.3,Low,5.06,5.68
38,Female,158.0,95.4,38.22,2497,30,14744,6.6,2.2,Low,4.85,5.22
57,Female,168.7,49.1,17.26,2183,63,10645,6.8,2.1,High,7.1,7.5
33,Female,161.1,59.2,22.79,3003,39,4343,6.4,1.6,Moderate,3.63,4.05
26,Male,180.2,90.2,27.77,2762,60,13710,7.6,1.9,High,6.9,7.58
34,Female,140.9,76.2,38.37,2392,77,9361,6.1,1.6,Moderate,6.16,6.59
19,Male,164.4,87.7,32.45,1322,39,10906,7.5,3.3,Low,7.85,7.85
23,Female,164.4,77.8,28.78,1953,75,9716,7.4,2.9,High,8.5,9.38
22,Male,181.5,74.3,22.56,2025,11,9469,5.3,2.9,Moderate,4.58,5.37
55,Male,163.9,65.8,24.47,1926,63,1008,7.3,0.9,Low,5.63,6.36
52,Male,165.4,56.5,20.65,2395,73,11874,5.7,4.4,Moderate,5.52,5.79
51,Female,160.8,103.2,39.91,2405,71,1000,5.6,2.2,Moderate,5.77,6.2
40,Female,152.7,106.2,45.57,1462,11,11555,7.3,4.2,Moderate,6.24,7.03
52,Male,168.6,59.3,20.86,2702,39,8348,6.5,3.3,Moderate,4.2,4.81
25,Female,153.2,58.1,24.78,2308,53,10924,7.4,2.4,Moderate,5.6,5.96
61,Female,149.1,71.7,32.29,2478,57,8554,7.5,4.4,High,7.48,8.53
42,Male,169.3,84.1,29.36,2672,48,11653,5.3,3.1,High,6.39,6.69
63,Female,172.6,74.7,25.1,1916,85,8056,7.9,2.4,Moderate,7.24,7.24
25,Female,160.1,87.0,33.94,2929,8,8983,7.3,2.2,Low,3.93,4.56
41,Male,171.1,77.1,26.33,2229,38,9416,6.3,3.5,Moderate,4.94,5.58
51,Female,158.4,75.9,30.26,3056,0,14575,6.8,2.1,High,3.61,4.23
41,Male,173.8,121.4,40.2,1853,62,10100,7.9,2.3,Low,7.46,8.21
39,Female,168.6,68.5,24.13,3019,60,3391,6.6,2.1,Low,3.4,3.81
25,Male,174.5,107.5,35.33,1848,138,6026,9.5,1.9,High,8.37,9.33
36,Female,158.1,104.0,41.62,3574,73,10093,8.8,2.0,High,5.82,5.94
29,Male,178.6,87.1,27.28,1824,54,12409,7.1,4.2,High,8.5,9.09
32,Female,163.6,45.0,16.81,2828,52,5472,6.7,3.5,Moderate,3.7,4.08
50,Female,156.9,78.6,31.91,2118,36,15839,6.8,2.8,Low,5.8,6.75
48,Male,170.1,68.7,23.75,2657,48,8614,6.3,2.1,Low,4.77,5.09
47,Female,156.4,78.4,32.04,2279,52,9471,7.2,2.1,Moderate,6.73,7.36
35,Other,171.9,58.9,19.93,1754,0,3610,7.8,2.3,High,4.54,5.17
64,Female,156.6,91.6,37.36,1100,50,11904,5.4,4.2,Moderate,8.5,9.17
22,Male,187.7,95.7,27.17,3553,47,6439,7.8,2.9,Moderate,4.12,4.46
34,Female,153.5,99.1,42.04,2336,94,5389,8.1,3.3,High,6.89,7.62
23,Male,167.1,71.1,25.48,1100,41,6889,7.7,2.8,Low,6.81,7.42
34,Male,162.5,58.9,22.32,2451,23,12839,6.8,1.8,Low,2.83,3.55
64,Female,168.7,84.3,29.62,2644,52,9630,7.6,2.7,High,7.23,8.38
35,Female,161.1,109.6,42.25,1942,47,4888,8.6,1.6,Moderate,7.33,7.97
61,Female,167.5,79.2,28.23,1945,41,6143,6.9,3.7,High,5.98,6.23
41,Male,178.3,86.1,27.09,2290,9,12933,7.0,1.9,High,5.68,6.96
51,Female,165.0,73.8,27.08,2901,40,7172,9.6,2.1,High,4.68,5.63
39,Female,151.5,68.9,30.04,2349,28,9961,7.4,3.3,Moderate,5.29,6.12
30,Male,161.2,89.8,34.57,3031,38,10818,5.8,2.0,Moderate,4.32,4.85
54,Female,164.6,76.1,28.07,2865,65,1000,8.0,2.4,Moderate,4.77,5.63
64,Male,165.1,85.3,31.28,2185,26,12425,7.5,0.8,High,6.34,6.34
30,Male,180.3,87.1,26.79,1514,38,5016,6.2,2.3,Low,5.5,6.64
55,Female,158.3,84.3,33.61,2186,60,6737,5.7,3.1,Moderate,7.07,7.98
30,Other,173.1,88.0,29.39,2563,37,13387,7.3,2.0,High,6.23,6.76
52,Male,172.1,62.6,21.16,2329,118,13064,6.9,3.1,Moderate,6.09,6.99
55,Male,176.0,61.5,19.86,2617,51,9724,5.5,2.6,Moderate,5.73,6.54
39,Male,177.7,77.2,24.47,2731,10,10549,6.9,3.6,Low,3.41,3.65
53,Female,174.0,77.7,25.64,2565,21,11422,6.8,1.9,Low,3.57,4.23
31,Male,185.3,68.6,19.99,2162,18,13005,6.9,2.4,Low,3.92,4.65
21,Female,157.4,82.3,33.22,2559,21,13450,7.6,1.3,Moderate,5.53,6.08
22,Other,187.7,94.3,26.78,3417,60,8376,4.9,2.5,Low,3.2,3.72
39,Male,174.7,99.4,32.54,1555,14,5419,5.7,2.2,Moderate,5.63,6.55
61,Female,164.9,103.4,38.01,2543,35,7106,6.4,3.5,Moderate,4.8,5.46
24,Female,165.2,54.3,19.92,3216,76,8445,8.6,2.0,Low,4.36,5.62
39,Female,183.8,57.1,16.89,1712,30,7814,9.8,2.2,Low,4.31,4.68
51,Male,175.4,72.8,23.65,2800,63,4457,7.0,2.0,Moderate,4.66,5.4
27,Male,178.0,79.4,25.07,2867,0,9528,7.1,2.6,Moderate,3.64,3.92
52,Male,173.7,73.7,24.42,1561,34,2512,4.1,4.4,Moderate,5.25,6.09
32,Female,155.2,68.1,28.26,2656,20,8298,8.1,0.8,High,5.14,5.35
56,Female,159.2,72.5,28.6,2164,53,8523,7.5,2.6,High,8.2,8.9
45,Male,173.8,86.7,28.7,2269,16,8403,7.3,3.7,Moderate,5.8,6.82
44,Male,150.4,54.1,23.89,2137,102,10979,5.5,2.1,Moderate,7.16,7.78
26,Female,152.2,120.2,51.85,2956,0,10515,9.4,3.1,Moderate,2.92,3.17
40,Male,171.6,78.4,26.61,2243,76,15779,8.8,3.7,Moderate,7.12,8.05
59,Male,167.4,96.9,34.58,2068,69,6188,7.4,2.4,Low,6.75,7.48
18,Female,160.4,67.6,26.25,2076,53,8977,8.2,2.0,High,7.78,8.36
54,Male,171.3,88.3,30.1,2129,46,8753,7.1,3.4,High,8.32,8.58
41,Male,169.5,79.8,27.78,1760,96,8588,8.0,3.0,Moderate,8.5,8.54
52,Male,168.1,93.4,33.06,2063,114,3573,5.4,2.5,Moderate,6.91,8.29
49,Male,168.5,74.4,26.2,2358,39,3857,4.3,3.2,Moderate,5.48,5.88
38,Female,162.9,105.9,39.9,2502,49,8022,5.5,3.5,Low,4.42,4.68
32,Female,166.7,51.1,18.41,2902,29,2484,6.0,2.6,Low,2.37,3.08
48,Female,167.3,95.1,33.98,2420,12,6830,6.2,2.9,Low,4.35,4.59
24,Male,183.0,80.1,23.93,2062,57,5733,7.5,3.1,High,6.87,7.65
46,Female,160.5,59.7,23.18,1794,51,6957,6.7,2.2,Moderate,6.1,7.17
22,Male,174.8,113.1,37.01,2447,0,11963,7.0,3.7,Moderate,4.04,4.27
49,Female,158.7,111.3,44.21,2241,57,4225,5.6,1.7,Low,4.29,4.79
48,Male,168.7,45.0,15.81,2257,52,11044,5.5,2.5,High,6.39,7.15
22,Female,164.9,81.2,29.86,2431,28,6000,7.0,3.3,High,5.64,5.82
54,Male,180.8,90.7,27.74,2559,26,6436,6.3,1.6,High,5.25,5.53
37,Male,182.7,86.0,25.74,2434,56,9629,7.0,3.4,Moderate,6.37,6.93
55,Female,159.5,105.3,41.37,2214,90,7040,7.7,2.8,Moderate,7.21,8.5
19,Male,164.4,101.5,37.55,1899,56,4876,9.0,3.8,Moderate,7.21,7.51
26,Male,171.6,82.8,28.1,1993,66,6704,7.0,3.2,Low,5.77,6.27
41,Female,157.4,119.0,48.0,2724,21,1781,9.2,2.5,Moderate,4.02,5.48
27,Female,163.9,94.9,35.33,2088,33,9334,7.5,2.8,Moderate,5.99,6.86
33,Male,176.0,71.7,23.13,1626,62,1000,7.8,2.8,Moderate,7.21,7.21
49,Female,165.9,68.1,24.73,2879,6,11108,8.3,4.4,Moderate,4.26,4.77
24,Female,143.8,100.4,48.54,1828,50,10153,7.9,2.7,Low,7.95,8.75
50,Female,166.5,63.7,22.99,2317,58,13605,6.0,2.5,Moderate,5.82,6.92
22,Female,158.1,70.6,28.26,2545,43,15637,8.3,2.4,Moderate,5.73,6.81
26,Female,165.2,73.7,27.01,2301,53,11275,6.6,2.8,Moderate,6.26,7.06
46,Female,161.9,84.4,32.2,1100,46,5804,7.4,1.6,High,8.11,8.96
56,Female,160.7,74.5,28.87,2495,27,15604,7.2,2.3,Low,5.42,5.56
26,Female,161.3,54.3,20.87,2963,12,3821,8.4,1.7,Moderate,3.47,3.83
32,Male,171.8,98.9,33.5,2693,42,1340,7.5,1.8,Moderate,5.43,5.58
62,Male,178.4,70.7,22.22,1238,81,14483,5.3,3.3,Moderate,7.7,8.66
65,Male,181.0,114.4,34.9,3363,73,10105,9.5,2.6,High,6.11,6.84
45,Female,169.6,83.5,29.02,1637,35,1434,8.0,1.9,Moderate,7.02,7.66
39,Male,183.2,100.8,30.04,1760,34,3256,6.3,2.5,High,5.9,7.04
34,Female,166.7,89.4,32.17,2690,32,9929,5.6,2.4,Low,4.52,5.3
47,Female,149.5,101.7,45.49,2526,32,4955,8.1,2.6,High,5.62,6.62
46,Other,177.7,88.3,27.96,2340,53,5458,5.8,1.2,High,5.46,6.32
32,Male,192.9,82.2,22.1,2015,74,14882,8.0,1.6,Low,6.69,7.59
19,Female,167.0,97.7,35.02,2965,108,15518,8.3,1.3,Moderate,7.04,7.27
25,Female,155.2,122.7,50.97,2280,21,8513,6.2,1.8,Moderate,4.55,5.49
64,Male,180.1,73.1,22.54,1517,63,7473,6.1,1.9,High,6.79,7.56
38,Female,175.8,92.3,29.86,2916,60,11158,6.4,1.7,Low,5.53,5.99
41,Male,171.4,77.9,26.51,2409,35,6034,5.8,3.3,Moderate,5.22,6.06
40,Female,170.0,87.1,30.13,2857,16,1000,7.3,4.3,Moderate,4.03,5.08
55,Female,162.8,78.8,29.71,2586,52,1000,7.4,3.3,Low,5.23,5.8
21,Male,165.3,45.0,16.47,3495,104,7742,7.9,2.1,High,5.45,5.79
21,Male,172.7,74.4,24.95,2145,52,11086,6.0,2.8,Moderate,6.89,7.25
31,Male,156.9,96.0,39.01,2308,22,8055,8.0,2.5,Moderate,6.0,6.11
41,Male,172.6,64.2,21.57,2659,40,10834,5.8,2.1,High,4.37,4.91
50,Female,154.4,94.6,39.66,2148,13,11184,8.0,3.8,High,5.91,6.71
41,Male,172.3,81.3,27.4,2701,45,12851,5.2,4.4,High,5.96,7.17
39,Male,197.4,74.6,19.13,1100,64,8651,8.9,1.3,Low,7.34,7.66
63,Female,163.8,94.3,35.16,2263,25,8965,6.4,3.9,High,5.5,6.23
25,Female,151.6,90.3,39.26,2248,0,7871,7.7,2.1,Low,3.79,4.4
45,Female,168.0,85.6,30.33,2230,52,7095,7.8,2.4,Moderate,5.84,6.44
44,Female,162.0,96.3,36.71,1861,30,2497,5.5,2.9,High,5.74,5.81
40,Male,171.3,81.7,27.83,2753,23,12101,8.0,4.0,Low,4.26,4.51
56,Female,167.2,48.4,17.31,2047,23,6656,6.3,2.9,Low,4.08,5.32
30,Male,176.2,71.2,22.93,2400,56,6456,6.6,3.0,High,5.52,6.47
63,Female,153.8,45.5,19.23,2281,33,6104,6.2,3.4,Low,4.16,4.86
33,Other,165.7,89.8,32.7,2550,71,3308,8.9,3.5,Low,5.76,6.53
44,Female,161.9,94.1,35.92,3015,71,7700,5.6,3.1,Low,4.57,5.43
42,Female,161.4,95.0,36.44,2397,37,9807,7.5,3.5,Moderate,6.44,6.88
58,Female,159.2,86.8,34.26,2720,30,5531,6.3,2.1,Moderate,4.51,4.97
39,Male,167.6,95.4,33.95,2372,48,11631,8.3,1.0,Moderate,6.71,7.1
31,Female,158.3,49.6,19.8,2046,40,6710,9.8,4.2,High,5.99,6.65
19,Female,151.2,76.1,33.28,2229,0,2635,6.2,1.7,Moderate,3.64,3.84
35,Other,173.4,52.5,17.47,2158,98,12807,7.2,2.1,Moderate,7.68,8.05
57,Female,171.3,71.6,24.39,2584,65,8694,6.5,2.3,Moderate,5.3,6.08
18,Male,168.4,107.1,37.75,2353,32,11021,8.2,2.1,High,5.82,6.29
61,Female,160.2,97.7,38.05,1902,0,11104,6.7,1.9,Low,4.12,4.12
44,Male,171.2,89.9,30.69,2189,39,4688,8.1,3.0,High,7.27,7.74
24,Male,178.7,74.7,23.4,1537,28,6173,6.5,3.0,Low,5.31,6.1
32,Male,167.7,60.1,21.36,2207,43,11620,9.7,3.2,High,5.04,5.68
44,Female,160.8,81.4,31.45,2300,0,14423,4.4,3.1,High,4.2,4.21
33,Male,160.5,98.0,38.05,3204,31,8221,7.5,2.2,Low,3.86,4.83
23,Male,187.7,85.4,24.23,2974,33,5804,7.0,2.2,Low,3.55,4.06
49,Male,174.7,49.5,16.2,1782,39,13888,6.9,3.6,Low,5.11,5.83
50,Female,164.2,79.9,29.64,2400,38,5806,7.3,2.1,Moderate,5.51,6.47
23,Female,150.2,45.0,19.95,2409,46,9151,7.1,2.1,Moderate,6.09,6.64
31,Male,180.9,92.5,28.27,2184,87,6502,7.3,3.4,Low,6.22,6.22
29,Male,168.2,65.5,23.17,2216,30,8941,7.5,2.6,Low,4.99,6.2
49,Female,169.2,56.0,19.56,2123,19,4690,9.1,2.1,Moderate,4.37,4.37
53,Male,188.9,92.7,25.97,3236,0,6688,4.0,2.2,Low,1.87,2.35
52,Female,159.3,88.1,34.69,2091,30,5804,9.2,3.6,High,5.69,6.74
63,Male,190.9,82.2,22.54,2470,5,10317,10.0,3.1,Low,3.09,3.45
54,Female,168.7,117.5,41.26,1100,71,8571,4.9,2.8,Low,8.5,8.88
33,Male,170.5,89.4,30.75,2711,42,11080,7.1,1.6,Low,4.9,5.43
23,Female,174.6,66.4,21.78,2892,71,5109,8.6,2.8,Low,4.45,4.99
47,Male,172.2,87.3,29.45,1773,86,7270,8.1,2.4,Low,6.94,7.24
61,Female,159.1,72.9,28.77,2044,20,10187,9.0,1.8,Low,3.47,3.84
64,Other,170.7,100.8,34.6,2525,35,11005,7.4,2.1,Low,5.44,6.42
29,Female,159.5,83.1,32.64,2309,82,2939,4.6,3.2,Moderate,5.69,6.1
29,Male,165.4,84.8,31.01,2533,50,9112,8.6,3.7,Moderate,6.53,7.31
19,Male,180.0,52.0,16.06,2156,59,5153,7.8,1.6,Moderate,6.79,7.07
24,Female,156.2,79.1,32.41,3231,73,11182,8.8,1.8,High,6.81,7.9
44,Female,165.2,77.0,28.21,1965,70,14511,5.2,3.2,Moderate,7.5,8.43
44,Male,171.4,59.6,20.28,3645,56,1000,5.5,2.2,Low,2.58,3.15
35,Male,176.8,74.0,23.67,2920,84,5704,7.0,3.1,Moderate,5.39,6.21
32,Male,174.6,85.8,28.16,2716,43,8923,8.6,2.2,Moderate,5.35,6.48
57,Female,161.0,77.9,30.05,1779,59,7986,8.9,3.1,Moderate,6.54,6.79
40,Female,148.8,52.6,23.74,2754,40,11288,6.1,1.4,Low,3.81,4.04
56,Female,141.0,73.1,36.77,2601,73,8276,6.5,3.1,High,6.14,6.87
64,Female,151.3,69.6,30.4,1240,25,6145,10.0,0.8,Low,5.09,5.24
33,Male,171.7,81.5,27.64,1597,0,4428,6.3,3.4,Moderate,3.66,3.72
27,Male,178.6,79.5,24.93,2478,63,3840,7.8,2.6,Moderate,5.75,5.79
63,Male,178.6,70.6,22.14,2233,16,5400,6.5,3.0,High,4.67,5.32
48,Female,158.2,69.9,27.94,2041,13,6022,7.6,2.8,High,5.98,5.98
31,Male,179.4,79.2,24.61,2839,80,9343,6.0,1.1,High,5.89,6.35
47,Male,166.2,95.3,34.53,1858,72,7451,6.0,3.8,Moderate,7.31,7.31
42,Male,166.4,83.0,29.98,2072,35,5721,6.6,2.9,Moderate,5.72,6.47
61,Male,172.0,103.6,35.03,1976,0,4467,6.3,3.3,Low,3.57,4.35
30,Female,156.5,98.4,40.19,2555,59,5540,6.6,1.9,Moderate,4.78,5.3
65,Male,175.3,104.9,34.15,1440,63,6025,7.6,2.8,High,8.5,9.51
62,Male,171.8,102.6,34.77,2051,59,5381,9.3,1.4,Low,5.8,6.68
26,Female,155.9,106.1,43.66,1438,58,10355,6.3,2.7,Low,7.71,8.03
25,Male,171.7,57.2,19.42,2143,39,12788,5.8,1.8,High,5.84,6.13
43,Male,191.9,89.7,24.35,2661,33,3883,7.0,6.0,Low,4.49,5.4
20,Male,169.9,99.9,34.61,2670,14,11917,6.0,3.1,Low,4.13,4.97
32,Female,157.1,103.2,41.79,1936,25,10426,5.0,3.8,High,6.44,6.95
38,Male,172.7,64.1,21.51,2566,54,8629,8.3,2.4,Moderate,6.32,6.32
64,Female,177.0,89.8,28.67,2207,54,13343,7.1,3.0,High,6.92,7.84
65,Female,163.5,79.4,29.7,2980,67,7404,7.2,3.4,Low,5.03,5.66
25,Female,170.6,111.2,38.21,2235,5,9406,4.7,1.6,Low,3.9,4.48
60,Male,176.5,53.0,17.01,1100,0,8433,6.3,2.0,Low,4.2,4.2
22,Female,157.8,64.2,25.78,2747,34,8172,5.3,3.5,Low,3.61,4.39
53,Male,170.3,45.4,15.66,2070,16,9606,7.0,2.4,Moderate,3.85,4.43
58,Male,169.4,80.6,28.1,2162,50,8162,7.2,1.9,Moderate,6.88,7.29
60,Female,160.6,118.7,46.06,2467,8,9631,7.2,2.0,Moderate,4.94,5.25
28,Male,160.6,77.2,29.93,1587,78,5655,6.2,1.5,Moderate,6.76,7.4
60,Male,164.9,79.8,29.37,2337,21,5764,6.0,0.8,Low,3.82,4.58
23,Male,172.0,87.9,29.71,2567,89,5639,6.8,1.1,Moderate,4.8,5.27
42,Male,184.8,75.9,22.22,2482,59,6723,7.4,2.6,Low,4.87,5.67
40,Male,171.0,84.6,28.93,2000,15,11546,6.3,3.2,Low,4.35,4.55
33,Female,161.2,85.1,32.75,2795,103,6382,5.9,4.9,High,6.28,6.65
19,Female,148.9,62.8,28.3,1801,52,10283,5.9,2.6,High,7.71,8.55
55,Male,184.4,76.3,22.45,1987,49,8929,6.2,1.4,Low,6.08,6.54
34,Female,151.4,91.4,39.87,2231,43,6455,6.5,2.6,Low,4.66,5.86
49,Male,179.9,94.7,29.27,2447,58,12582,5.7,3.2,Moderate,6.13,6.83
37,Male,172.4,101.4,34.1,2137,59,10576,6.5,3.5,Moderate,7.1,7.29
35,Male,181.4,84.0,25.54,2914,20,8006,8.5,3.4,High,5.21,5.26
60,Male,167.4,84.4,30.1,2447,39,7716,6.6,3.1,Moderate,4.95,5.82
22,Male,174.2,91.5,30.16,2337,48,8328,5.5,2.7,Low,4.08,4.47
53,Male,173.2,67.3,22.44,2430,61,2646,4.3,3.3,Moderate,4.09,5.01
53,Male,166.0,66.6,24.16,2666,61,5112,9.2,1.5,Low,4.25,4.66
36,Female,167.2,75.8,27.1,2420,49,9618,8.4,0.8,Moderate,6.35,7.04
30,Male,169.4,55.0,19.19,1395,29,2459,7.3,4.5,Moderate,5.89,6.37
18,Male,175.0,85.3,27.85,2844,28,5383,8.4,2.6,High,5.13,5.82
62,Male,167.9,96.9,34.35,2359,11,6626,7.6,3.1,Low,4.88,5.73
63,Female,170.3,65.2,22.5,2642,61,18162,6.9,0.8,Moderate,5.88,6.49
29,Male,158.9,85.8,33.99,2097,27,10358,5.5,4.0,Low,5.04,5.87
19,Female,166.6,66.7,24.03,1386,39,11840,9.3,3.6,High,7.05,7.06
23,Male,182.2,59.7,17.99,1160,51,5181,6.5,1.2,Low,5.67,6.42
21,Male,179.6,115.0,35.64,1827,45,9267,6.5,2.3,Low,6.44,7.05
57,Female,145.1,60.0,28.5,2558,44,1839,7.0,2.8,Low,4.87,5.38
60,Male,175.9,55.0,17.76,2948,19,6842,7.1,1.5,High,4.41,4.41
25,Male,167.4,81.9,29.22,2450,52,9768,7.7,3.0,Low,6.61,6.63
53,Male,187.0,82.8,23.69,1773,36,3038,7.6,3.5,Moderate,7.01,7.69
26,Other,190.5,90.0,24.79,1907,42,9375,6.3,2.9,Low,5.09,5.81
35,Female,153.9,114.0,48.16,2980,77,9666,7.0,1.2,Moderate,6.31,7.06
46,Female,158.1,64.0,25.62,1644,59,5891,7.7,1.7,High,7.67,8.27
52,Other,168.6,67.6,23.79,3350,29,5078,6.2,2.5,Low,2.68,2.86
59,Male,164.0,107.0,39.77,3238,40,5496,8.7,2.4,Moderate,5.26,5.5
20,Other,168.3,94.9,33.5,3367,89,6785,7.0,2.4,Moderate,4.62,4.62
27,Male,172.2,92.4,31.15,2490,36,6891,8.9,2.4,Moderate,5.49,6.13
31,Female,157.1,67.4,27.3,2129,46,9783,5.3,1.0,Low,6.19,7.46
32,Male,171.8,98.3,33.31,2478,63,6129,7.8,3.3,Low,6.13,6.7
65,Male,167.1,92.5,33.1,2754,51,13607,5.9,3.2,High,5.59,5.92
55,Female,171.1,81.4,27.79,1974,34,13582,6.2,3.1,Moderate,5.5,6.11
33,Male,183.1,67.5,20.12,1749,24,8826,8.1,3.0,Low,4.99,5.54
64,Other,182.0,79.9,24.13,2158,44,6793,6.7,2.3,Low,4.39,4.39
41,Male,170.1,107.7,37.21,1913,63,6133,10.0,2.1,Moderate,6.6,7.29
42,Female,152.9,58.3,24.96,2920,81,9108,7.6,1.7,High,6.19,6.75
38,Other,165.0,63.6,23.37,1991,3,9721,6.2,4.0,High,4.41,4.95
24,Male,187.8,66.7,18.92,2347,94,7296,7.6,2.6,Moderate,5.9,7.2
62,Female,147.5,70.6,32.44,2791,36,6624,6.7,1.1,High,4.8,5.36
18,Female,159.8,77.7,30.45,2939,70,9234,8.0,2.6,Moderate,6.62,7.86
26,Female,173.3,95.3,31.71,2404,24,8241,6.6,0.8,Moderate,4.67,4.98
29,Male,189.7,86.3,23.99,2492,0,5997,7.5,2.8,Moderate,4.47,4.54
31,Female,172.4,79.1,26.6,1791,8,8395,7.2,2.7,High,5.85,6.17
24,Female,166.5,83.0,29.92,2811,35,5881,7.1,2.1,Low,4.57,5.58
18,Male,169.3,89.2,31.12,2931,59,5369,8.3,1.8,Moderate,5.46,5.79
50,Male,171.7,47.7,16.19,1364,45,7982,4.8,3.1,Moderate,6.3,6.4
64,Male,162.1,97.3,37.02,3181,37,5988,7.1,2.5,Low,3.84,4.56
23,Female,155.3,63.1,26.16,1949,76,5434,6.2,0.9,High,6.82,7.28
32,Male,160.2,70.0,27.28,2597,45,11659,5.4,3.7,High,6.55,7.35
42,Female,172.5,84.1,28.26,2338,52,6627,6.0,1.8,Moderate,5.51,5.88
62,Other,161.5,76.6,29.38,2269,132,14451,6.3,1.4,High,7.75,8.02
51,Male,189.6,86.8,24.14,2196,44,10193,6.7,3.8,Low,5.15,6.33
54,Male,168.2,80.6,28.49,1803,25,5127,7.4,3.6,High,6.45,6.76
45,Female,161.8,72.8,27.8,2561,58,12059,7.7,2.2,Low,6.65,6.96
38,Male,171.1,105.5,36.05,2156,65,5491,6.5,1.5,Low,5.72,6.48
27,Female,157.8,90.7,36.44,1645,53,14906,8.9,1.8,Moderate,7.42,7.42
59,Female,166.0,83.4,30.29,1782,49,8791,6.6,2.2,Moderate,8.13,8.99
56,Female,147.7,90.5,41.48,1653,86,9898,4.7,3.7,Moderate,8.03,9.25
19,Male,166.8,65.3,23.49,2037,83,8108,6.6,3.8,Moderate,5.85,6.76
52,Female,144.7,117.1,55.93,2542,41,8930,7.1,2.7,High,6.22,6.46
22,Female,160.4,58.4,22.7,1944,26,7198,4.0,3.2,Moderate,4.88,5.23
53,Male,173.0,80.0,26.73,2787,57,4759,8.4,2.4,High,5.72,6.34
57,Female,166.4,72.8,26.32,2240,26,9188,6.9,1.8,Low,4.37,5.1
24,Female,152.9,72.2,30.86,2155,69,11586,5.6,1.2,High,7.65,8.82
38,Female,153.8,69.8,29.51,2308,56,3832,5.8,2.9,High,5.56,6.71
23,Male,169.4,64.1,22.35,2997,119,13391,7.9,3.4,High,6.79,7.32
45,Male,179.6,99.4,30.8,1614,86,10103,8.1,2.1,Moderate,8.5,8.91
62,Male,172.3,56.3,18.96,3128,14,6470,6.2,3.7,High,3.59,3.92
21,Male,171.4,95.7,32.58,2780,30,6408,5.4,2.3,Low,4.22,5.05
37,Male,166.6,89.7,32.33,2289,0,14524,7.2,2.7,Low,3.86,4.84
64,Other,169.1,71.1,24.87,2891,0,11285,7.4,2.4,Moderate,3.01,3.64
32,Male,185.3,87.6,25.52,2138,48,11990,7.7,3.7,High,8.26,8.86
24,Female,163.6,75.2,28.09,2442,11,7121,6.3,3.0,High,4.4,5.74
41,Male,179.8,58.2,18.0,2029,90,9944,6.9,2.5,Moderate,6.76,7.6
42,Male,174.4,58.4,19.2,2783,77,9222,7.0,2.7,Moderate,5.48,5.48
49,Male,176.0,89.8,29.0,1946,37,7388,8.2,1.5,Moderate,7.1,7.68
33,Male,168.1,88.9,31.43,2274,35,8382,8.6,0.8,Low,5.27,5.94
63,Female,158.0,82.4,33.01,2639,86,11885,8.9,2.1,Moderate,6.61,7.12
43,Female,165.4,71.0,25.95,2824,93,13598,8.6,2.4,Low,6.28,7.33
31,Female,171.9,74.6,25.23,1889,18,7119,9.2,3.1,Moderate,4.86,5.35
64,Male,176.7,72.1,23.12,2676,15,3404,8.2,2.5,Low,3.66,3.92
62,Female,165.9,46.6,16.92,1809,36,13752,6.3,2.2,Low,5.14,5.5
41,Male,191.4,79.1,21.6,1224,57,13796,8.8,0.8,Moderate,7.17,8.01
19,Female,163.7,87.4,32.61,1925,30,9401,5.3,3.1,Moderate,4.97,5.1
46,Female,161.6,79.2,30.34,2717,57,14274,9.8,2.8,High,7.08,7.51
44,Male,183.3,109.8,32.69,2293,99,9146,5.8,3.3,Moderate,7.05,7.95
25,Male,172.4,59.9,20.17,2032,5,4818,8.1,2.6,Low,3.81,3.93
48,Male,190.1,66.1,18.29,2327,32,3407,8.7,3.6,High,5.04,5.27
58,Male,185.8,80.4,23.3,2311,6,3374,7.6,2.1,Low,4.07,4.08
23,Female,161.4,82.4,31.64,2610,21,8015,4.5,2.6,Moderate,4.53,4.82
52,Female,154.2,45.0,18.92,1494,36,6368,5.9,2.8,Moderate,5.66,6.08
24,Other,169.2,88.8,31.02,2248,24,5974,7.4,3.2,Low,5.03,5.54
53,Male,174.0,82.5,27.23,2362,59,7625,7.8,3.0,Moderate,5.96,6.24
38,Female,161.5,45.0,17.24,1617,49,11002,6.8,3.0,High,7.31,7.78
18,Male,182.9,75.9,22.69,1610,53,6085,7.1,2.8,Low,6.69,7.63
64,Female,163.9,63.4,23.63,2117,36,5496,5.2,2.4,High,6.47,7.18
25,Male,174.6,69.8,22.91,2304,38,6316,9.1,3.4,Moderate,4.46,5.81
46,Male,193.9,53.9,14.34,2306,35,11223,6.5,1.1,Low,3.65,4.02
26,Female,160.4,85.5,33.25,2021,38,7754,7.9,2.0,Moderate,6.57,7.01
62,Male,161.1,109.7,42.25,2001,56,8979,8.7,4.0,Moderate,8.24,8.89
53,Male,162.7,82.8,31.27,2102,0,13435,5.6,2.0,Moderate,3.41,3.83
56,Female,160.5,45.0,17.48,2449,53,17951,7.2,2.5,Low,6.07,6.66
38,Male,173.4,83.1,27.66,2922,20,10241,7.3,3.8,High,4.68,4.68
40,Female,159.7,74.5,29.23,1189,35,9894,6.7,2.5,High,7.06,7.53
48,Female,159.5,58.2,22.87,2611,1,3854,8.1,1.8,Moderate,3.59,4.5
55,Female,158.8,84.4,33.45,2244,34,9289,6.2,3.7,Moderate,5.77,7.04
58,Female,151.2,93.8,41.07,2562,52,8216,7.1,2.3,Moderate,5.54,6.65
18,Female,160.9,66.0,25.49,2892,57,11122,6.6,2.4,Moderate,5.28,5.92
49,Female,159.2,48.4,19.11,1922,11,6628,9.8,0.8,Moderate,4.08,4.85
23,Female,170.2,45.0,15.53,2772,56,8702,6.2,2.5,Low,4.35,5.07
31,Female,153.6,66.0,27.97,1672,76,10118,7.9,3.2,Moderate,8.5,8.91
57,Male,170.6,75.2,25.84,2363,31,14644,9.2,2.2,Low,3.63,3.89
30,Male,162.3,68.7,26.08,2178,45,13473,5.9,1.4,High,6.85,7.54
56,Female,172.1,65.7,22.18,2323,0,12431,7.1,2.2,Low,3.74,4.3
40,Male,198.2,88.2,22.45,1805,19,10544,5.8,2.0,High,5.35,6.24
29,Male,185.8,86.3,25.0,2518,52,6490,4.6,2.4,Low,3.99,3.99
34,Male,184.7,81.6,23.91,3093,71,10542,6.1,2.1,High,5.24,5.78
43,Female,161.0,92.7,35.77,1814,28,5297,6.3,4.1,Moderate,5.54,6.56
54,Male,174.1,66.2,21.84,2394,119,7278,6.4,2.9,Moderate,4.97,5.77
47,Female,152.5,58.3,25.08,2727,53,14224,6.6,1.0,Low,4.78,5.04
62,Female,168.0,68.6,24.3,2151,9,9882,7.0,2.7,Moderate,4.74,4.88
59,Female,153.2,67.4,28.71,2980,81,8794,5.6,2.6,Moderate,5.61,6.2
54,Male,184.6,45.0,13.2,2085,9,9244,7.4,3.7,High,5.14,6.02
46,Female,162.8,68.2,25.72,2241,54,7671,8.5,2.5,High,6.33,7.11
31,Female,164.6,97.9,36.11,1803,18,1000,8.6,2.4,Moderate,5.29,5.93
37,Male,171.5,92.4,31.43,2363,6,3574,6.7,4.3,Low,4.13,4.95
23,Female,155.5,87.5,36.18,2301,71,10160,8.1,1.6,Low,7.11,7.8
35,Male,169.4,80.4,28.0,2617,37,4778,6.2,3.3,Moderate,5.23,6.04
62,Other,174.6,104.1,34.13,1981,93,7623,6.6,2.7,Moderate,7.11,8.04
38,Male,177.2,58.9,18.76,1959,16,3703,7.5,2.1,Moderate,5.28,5.72
23,Female,142.7,60.6,29.76,2531,1,5484,6.6,2.0,Moderate,3.85,4.14
49,Female,166.5,98.2,35.42,2998,31,7985,5.5,3.8,Moderate,4.47,5.33
64,Male,168.8,78.5,27.56,2614,125,11233,8.0,3.0,Moderate,6.98,7.4
59,Female,165.3,65.9,24.13,3223,68,11935,6.0,3.1,Moderate,5.4,5.4
31,Male,164.9,87.9,32.33,2577,60,5428,6.4,3.4,High,5.72,6.82
39,Female,162.1,70.1,26.68,2559,61,9073,8.3,2.9,Low,6.63,7.32
43,Female,169.0,62.9,22.04,2639,31,3010,7.6,1.6,Low,4.14,4.81
29,Male,180.5,62.4,19.15,3044,121,8197,7.2,1.2,Low,5.04,5.57
30,Male,163.0,83.8,31.55,2918,57,11336,5.2,4.0,Low,5.22,6.11
29,Female,154.6,81.7,34.2,1757,55,7765,5.6,2.8,Moderate,6.86,7.01
65,Male,180.3,105.3,32.4,2700,72,12604,7.5,2.7,High,6.74,7.34
53,Female,166.7,72.8,26.19,2432,9,10929,7.8,4.2,Moderate,5.05,5.75
58,Female,160.7,72.5,28.07,2202,20,8844,7.3,1.6,High,6.07,6.87
57,Female,170.1,103.9,35.93,1413,38,7126,6.4,0.8,Low,6.62,6.62
64,Male,178.4,95.7,30.08,1529,72,6129,6.4,1.0,Low,6.32,7.12
23,Female,176.5,80.6,25.88,2117,8,2897,7.3,2.1,Low,3.63,4.08
60,Female,176.9,49.9,15.95,1567,43,3466,5.5,2.7,Moderate,5.67,6.04
21,Male,168.0,63.4,22.45,2128,39,11482,7.1,3.9,Moderate,6.3,6.35
40,Male,179.5,59.0,18.31,2657,0,13297,5.3,3.4,Low,2.64,4.02
46,Male,168.5,78.7,27.71,2009,30,4216,5.7,0.8,Low,3.63,4.18
35,Male,173.6,68.8,22.85,2341,60,8238,7.2,5.1,High,6.18,6.86
25,Female,152.8,106.9,45.76,1765,3,2489,7.7,2.2,Low,4.43,4.66
27,Male,174.0,49.7,16.42,2449,84,4581,7.4,3.7,Low,5.56,5.62
57,Female,163.9,57.1,21.25,2554,58,8909,5.7,3.1,Moderate,4.7,5.58
33,Male,172.2,82.4,27.79,1588,54,6184,4.8,2.6,Moderate,6.94,7.07
32,Male,164.6,87.4,32.26,1924,45,1293,7.0,2.4,Moderate,6.01,7.06
62,Male,177.9,45.0,14.21,1666,14,14016,4.7,1.6,Moderate,3.92,5.15
24,Female,160.7,46.8,18.12,2554,26,7827,8.1,1.4,High,5.4,5.73
61,Female,156.7,73.3,29.82,2382,55,4134,5.7,2.5,High,5.92,6.36
62,Male,181.9,102.4,30.94,2275,26,8448,9.7,1.4,Moderate,5.22,5.22
46,Female,169.0,112.0,39.22,2235,50,7716,5.8,4.1,High,6.03,6.03
25,Male,175.3,70.5,22.96,2461,19,9476,7.6,2.7,Moderate,4.52,5.34
25,Male,180.1,74.9,23.1,2471,57,6810,6.1,4.5,High,5.27,6.31
31,Male,176.6,62.9,20.17,2052,59,9099,6.8,2.2,Moderate,6.77,7.1
45,Other,183.3,89.4,26.6,1982,0,11302,7.2,2.1,Low,3.84,4.22
25,Female,166.4,105.5,38.1,2270,46,3386,8.0,3.1,Moderate,5.68,5.73
39,Female,170.7,100.6,34.52,2205,2,5573,8.2,2.4,High,5.43,5.63
23,Male,175.0,77.5,25.3,3330,0,10937,7.9,3.5,High,3.52,4.58
43,Male,178.1,62.9,19.84,2108,28,6070,8.2,3.9,Low,4.99,5.69
19,Female,159.3,78.1,30.8,2444,123,7714,6.3,3.6,Moderate,6.63,6.63
52,Male,183.9,102.9,30.4,2532,66,6353,7.8,3.8,High,6.73,7.52
20,Female,163.2,70.8,26.58,3000,83,6571,6.6,3.3,Moderate,4.37,5.8
27,Female,162.1,45.3,17.25,1894,62,6274,8.2,2.1,Moderate,6.52,6.98
26,Male,168.9,71.5,25.08,2969,50,3594,7.1,3.6,High,5.35,5.71
57,Female,169.2,73.0,25.49,2226,70,9607,7.7,3.2,Moderate,7.26,8.07
20,Other,167.9,45.2,16.04,3550,27,11718,7.3,2.0,Low,3.28,4.23
38,Male,165.6,82.2,29.97,2481,58,7382,7.9,2.2,Low,5.3,6.19
46,Female,154.8,87.1,36.34,1685,77,11323,6.0,2.5,Moderate,7.96,8.45
42,Female,159.5,111.5,43.83,2201,64,6281,5.1,3.6,Moderate,6.09,6.54
50,Male,189.9,54.0,14.98,2968,79,6074,8.2,2.7,High,5.44,5.44
56,Female,161.7,91.1,34.88,2340,50,9437,8.6,2.6,High,7.47,7.63
36,Male,189.2,95.4,26.64,2270,92,9495,6.9,2.5,Low,5.81,6.54
57,Female,156.5,87.4,35.67,2659,39,7605,8.0,2.3,High,6.54,6.95
33,Female,168.1,59.9,21.19,2127,104,10368,5.0,1.6,Low,6.64,7.33
65,Female,161.6,58.8,22.53,2194,61,3495,6.3,3.3,Low,5.09,5.61
42,Female,169.4,79.7,27.78,1827,34,6936,7.1,1.7,Moderate,6.01,6.64
53,Female,160.6,79.6,30.86,3164,11,11376,4.9,2.7,Moderate,3.59,4.2
60,Male,186.5,67.9,19.54,1688,22,11367,5.2,2.2,Low,3.86,4.73
56,Male,176.2,101.2,32.61,2384,18,10926,7.2,3.3,Moderate,5.59,6.49
58,Male,164.8,70.8,26.06,2539,42,11572,6.3,2.3,High,4.56,5.16
43,Female,167.0,45.0,16.14,2293,9,6696,6.6,1.7,Moderate,3.61,4.14
20,Male,167.2,74.0,26.47,1673,81,2031,6.5,3.5,Moderate,6.15,6.74
41,Male,184.2,86.6,25.53,1800,48,7094,5.5,1.9,High,5.78,6.1
26,Female,156.3,84.2,34.44,2561,46,10225,6.7,2.7,Low,5.71,6.69
60,Male,175.6,84.0,27.26,1910,12,10798,7.0,3.7,Low,4.03,4.43
29,Male,171.6,104.9,35.63,1263,23,6158,6.3,1.9,Low,5.57,6.11
28,Male,186.4,57.9,16.68,2493,0,4611,6.4,2.5,Low,2.24,2.9
29,Male,166.2,70.4,25.49,1863,90,4960,6.8,2.2,Low,6.08,6.79
48,Female,172.6,105.8,35.5,2615,5,6097,8.0,2.7,Low,3.94,4.63
45,Male,177.7,45.0,14.25,2199,7,1360,6.9,2.5,Moderate,3.34,3.9
63,Male,167.1,77.0,27.59,2175,84,6154,4.7,3.4,Low,5.72,6.9
37,Other,168.9,100.1,35.09,2326,55,8167,5.6,2.0,Low,5.2,5.82
31,Female,152.3,99.9,43.04,1730,48,7657,8.1,3.7,Moderate,7.35,7.86
20,Female,152.3,89.9,38.74,1887,54,6844,6.2,4.0,Moderate,6.65,7.88
18,Female,166.4,90.3,32.65,2170,71,5587,6.9,2.8,Moderate,6.73,7.06
35,Female,162.0,59.3,22.59,1727,47,5995,9.3,1.9,Low,5.2,6.43
62,Male,171.9,102.7,34.78,2656,1,6057,7.8,2.6,Moderate,3.79,3.79
43,Female,159.3,56.4,22.23,2146,65,10469,4.4,2.5,High,6.8,7.26
60,Female,157.8,57.5,23.07,1575,56,7996,8.7,4.2,Low,7.07,7.09
22,Male,169.6,85.0,29.54,2020,77,19083,7.2,2.5,Moderate,8.41,8.53
22,Male,173.2,69.1,23.04,2350,10,6836,7.4,3.8,Moderate,4.73,5.48
58,Male,177.3,81.7,25.99,2076,24,9532,7.4,2.7,Moderate,5.59,6.29
23,Female,167.6,85.8,30.54,2499,55,6914,8.1,2.6,Low,5.91,6.3
20,Female,160.5,110.0,42.71,2587,18,6829,6.9,2.3,Low,3.23,4.4
37,Female,176.3,85.8,27.62,3500,0,13468,5.2,2.4,Moderate,2.22,3.22
62,Male,171.5,66.9,22.74,2875,50,11491,7.4,3.4,Moderate,5.87,6.45
51,Male,170.5,90.2,31.03,1481,70,1858,5.3,1.9,High,7.28,7.28
22,Male,180.1,63.0,19.43,2119,41,4421,9.2,3.5,Low,5.07,6.01
58,Female,158.4,94.4,37.66,2166,60,7523,6.6,3.9,Low,6.27,6.7
58,Female,156.8,79.2,32.2,2587,56,6190,6.9,2.1,Moderate,4.99,5.69
56,Female,167.2,85.2,30.48,1833,45,2720,6.2,3.7,Moderate,5.8,6.68
61,Female,166.0,45.9,16.67,2034,48,8405,7.4,3.5,Moderate,7.17,7.63
29,Female,152.1,45.0,19.44,1677,82,1426,7.5,3.4,Low,6.37,7.42
65,Other,168.3,51.0,17.99,1998,18,8443,6.2,2.0,Moderate,4.27,4.74
33,Male,166.7,109.4,39.38,2017,66,10554,7.5,2.5,High,8.5,9.29
56,Male,165.7,57.3,20.87,2143,11,11054,7.1,2.5,High,5.0,5.87
45,Male,172.0,91.2,30.81,1706,22,7494,6.9,4.5,High,6.45,7.37
55,Male,179.6,66.4,20.6,2791,78,13287,6.1,2.6,Moderate,5.34,6.55
48,Male,169.3,73.7,25.7,2536,11,9160,9.8,2.4,High,4.85,5.17
48,Male,178.9,77.2,24.13,1575,38,10960,8.4,1.6,Moderate,6.95,7.15
47,Female,158.7,107.6,42.74,2312,111,5423,7.9,1.7,Low,5.97,6.45
55,Male,170.9,88.5,30.3,1517,73,13325,8.4,2.0,High,8.5,10.0
53,Female,162.8,84.9,32.03,2971,24,7989,7.4,2.9,Low,4.59,5.66
24,Female,166.1,101.3,36.74,3107,29,13518,6.6,1.3,Low,3.4,3.8
57,Female,177.9,66.6,21.05,2272,40,12753,4.0,2.0,Low,3.57,4.05
43,Female,161.9,97.2,37.11,1873,81,8901,5.5,0.9,Moderate,7.98,8.57
33,Male,149.8,94.2,42.0,1967,16,9419,9.6,3.9,Moderate,5.7,6.4
42,Female,156.2,94.0,38.54,2073,15,7370,8.4,2.7,Moderate,5.75,6.58
64,Male,182.5,75.2,22.59,2246,64,5132,7.2,2.9,Low,5.26,6.1
59,Female,159.5,70.1,27.55,2985,0,10083,5.1,1.6,Low,2.7,3.72
58,Male,170.3,62.3,21.5,2777,19,9904,7.8,3.6,Low,4.07,5.37
40,Male,155.3,63.5,26.3,2785,42,2334,6.7,4.0,Low,3.52,4.08
55,Female,156.5,61.5,25.1,2385,44,7710,7.8,2.7,Low,4.72,5.24
36,Female,148.3,84.6,38.46,1723,6,11038,5.7,2.2,Low,4.73,5.21
50,Male,178.9,73.9,23.08,1914,54,13130,6.4,3.1,High,7.57,8.08
48,Female,158.2,85.8,34.25,2330,60,10538,8.1,3.3,High,7.98,8.71
29,Male,169.0,86.8,30.4,1699,26,2689,9.3,3.4,Moderate,5.51,6.34
30,Female,168.3,58.9,20.81,2451,91,4309,6.2,3.2,Moderate,5.15,6.35
20,Male,164.4,58.4,21.59,2702,54,6789,5.8,3.5,High,4.85,5.2
24,Male,158.0,73.9,29.61,2572,16,12895,8.2,2.0,Moderate,5.31,6.03
38,Male,172.7,64.0,21.47,2552,90,5875,5.5,3.4,High,5.57,5.88
40,Male,178.6,62.2,19.49,1366,30,11705,5.6,2.2,High,5.63,6.37
25,Male,178.7,108.5,33.97,2966,50,5819,7.3,0.8,Low,4.55,6.08
38,Male,181.0,50.4,15.38,1516,31,9864,9.5,2.2,Low,4.73,5.29
47,Male,161.6,114.4,43.83,2223,62,4709,6.0,2.1,Low,5.04,6.5
29,Male,174.5,83.2,27.33,2609,31,7321,6.6,2.8,Moderate,4.83,5.13
34,Female,165.7,95.8,34.87,2479,33,4039,7.1,3.4,High,6.01,6.45
35,Male,173.3,93.6,31.18,1661,40,13050,6.4,2.8,Low,5.75,6.23
42,Female,163.4,89.1,33.37,1750,30,5568,4.9,4.4,High,5.8,6.46
35,Female,161.0,107.9,41.63,2443,75,2584,8.0,2.1,Moderate,5.94,6.49
53,Male,149.9,58.5,26.06,2555,9,2307,7.2,0.8,Moderate,4.33,5.2
33,Female,166.2,75.2,27.22,1746,43,7700,7.4,2.9,Moderate,6.76,6.76
38,Male,176.6,62.6,20.08,2496,47,6396,6.8,2.1,Moderate,4.45,4.7
36,Male,162.1,47.5,18.06,1542,41,10270,8.8,1.6,Moderate,5.69,6.96
26,Female,170.9,66.1,22.62,2612,72,7177,6.4,2.3,High,5.1,5.21
50,Female,152.0,111.7,48.35,1858,2,12080,5.7,1.9,Moderate,4.83,5.3
29,Female,173.5,74.9,24.87,2340,60,6651,9.0,2.0,Low,4.05,4.86
32,Male,167.9,113.7,40.36,2256,10,11592,4.4,4.0,Moderate,4.91,5.49
56,Female,164.2,115.5,42.84,2880,30,4666,6.8,2.7,Moderate,4.83,5.13
63,Male,167.6,131.9,46.96,2421,7,2738,6.9,2.4,High,4.39,5.14
50,Male,165.2,112.3,41.14,2000,35,5118,6.9,4.0,Low,5.76,6.65
61,Male,183.1,120.4,35.94,2479,28,4049,5.1,2.3,Low,4.23,4.62
59,Other,172.6,83.9,28.16,3371,90,3657,5.6,1.5,Moderate,4.25,4.99
41,Male,172.8,82.1,27.49,2670,51,9447,8.1,1.4,High,6.62,7.52
54,Female,160.6,83.3,32.29,2270,57,7074,8.7,2.5,Moderate,6.18,7.16
33,Female,146.7,78.0,36.27,1883,13,8496,6.5,1.1,Low,3.97,4.7
40,Female,151.2,80.7,35.29,1991,65,9846,5.9,1.5,Moderate,7.64,8.84
43,Female,176.4,91.5,29.43,2639,90,2100,4.9,2.3,Moderate,4.75,5.37
64,Female,154.4,69.6,29.22,1857,69,9994,8.1,3.6,Moderate,8.5,8.76
58,Male,175.8,53.2,17.22,2301,8,3781,8.2,3.8,Moderate,4.55,5.07
41,Male,168.0,84.5,29.97,3018,32,5981,4.0,3.2,Moderate,4.28,5.3
49,Female,160.7,65.5,25.37,2375,48,1377,4.1,2.6,Low,3.69,3.98
27,Male,178.4,67.4,21.18,1760,28,10291,7.2,2.1,Low,5.15,5.15
56,Male,177.3,75.4,23.99,3388,115,2088,7.3,2.9,Moderate,4.85,5.61
44,Male,161.1,71.3,27.46,3181,31,3799,6.4,4.2,Low,3.1,3.55
43,Male,173.2,98.0,32.67,2550,43,4053,7.0,2.7,Low,5.05,6.44
54,Male,164.6,75.0,27.69,2937,28,7549,6.7,2.2,Moderate,3.65,4.35
48,Male,173.7,98.9,32.77,2166,51,7442,7.0,2.5,Moderate,7.09,8.12
21,Female,166.6,81.7,29.43,2662,83,10841,5.9,2.4,High,7.1,7.53
31,Male,161.7,76.4,29.23,2088,48,7634,7.0,3.1,High,6.67,7.48
26,Other,183.5,80.8,24.01,1622,38,11380,6.2,1.9,Low,5.4,6.13
53,Other,177.0,54.8,17.49,3595,14,9327,6.1,3.0,Low,1.82,2.91
19,Male,171.2,84.1,28.7,1596,78,4690,4.8,3.1,High,6.95,7.62
27,Female,167.3,93.3,33.31,2448,40,5664,6.8,2.9,Low,4.57,4.98
46,Female,165.4,95.8,35.02,2442,39,13287,8.0,1.6,High,6.2,7.16
51,Female,154.5,53.7,22.47,2558,0,12296,6.6,2.5,Low,2.35,2.7
42,Male,171.3,50.7,17.27,2255,41,10884,6.6,2.1,Moderate,4.96,5.28
59,Male,186.4,68.3,19.67,2260,33,11344,8.5,2.5,Moderate,5.1,5.68
62,Male,172.5,102.9,34.58,2369,0,9627,8.2,2.0,Moderate,3.92,4.4
24,Female,164.5,82.0,30.29,2539,72,9172,9.1,3.7,Moderate,6.86,7.47
63,Other,162.9,64.1,24.14,2299,30,8174,9.7,2.8,Low,3.64,4.01
47,Female,161.5,51.8,19.88,2265,98,13945,7.1,1.1,Low,6.49,7.48
48,Female,161.5,65.7,25.18,1639,84,6373,5.6,1.4,Moderate,6.87,7.86
22,Other,171.0,64.5,22.04,3306,24,8841,6.4,3.7,High,3.62,4.51
47,Female,159.4,94.8,37.31,2567,83,2021,7.7,2.4,Moderate,6.28,7.13
52,Male,176.6,96.2,30.85,2404,90,2992,8.7,2.2,Moderate,6.26,6.26
45,Female,157.5,59.1,23.83,1987,29,14353,5.7,3.6,High,5.31,5.95
22,Male,175.2,91.6,29.84,1798,16,10158,7.3,2.5,Moderate,5.2,6.1
43,Male,183.2,89.7,26.74,2729,0,7255,6.0,1.5,Moderate,2.31,3.38
62,Female,157.9,56.8,22.77,2220,55,8274,6.8,1.6,Low,5.22,5.75
52,Female,158.5,76.5,30.46,2610,17,3246,6.8,3.2,High,4.84,5.9
24,Male,169.1,84.1,29.42,1623,56,6501,7.5,4.4,Low,7.53,8.23
64,Female,152.8,80.9,34.68,3073,29,2896,9.4,3.4,Low,4.35,4.35
64,Male,172.4,47.2,15.89,2750,23,6966,7.6,2.3,Low,3.62,4.19
26,Male,178.4,80.4,25.26,2259,29,10381,6.5,2.4,Low,4.1,4.4
56,Male,180.3,89.5,27.51,2533,8,9586,6.3,2.6,Moderate,3.43,3.81
37,Female,170.7,106.4,36.55,2670,29,13561,6.8,0.8,Low,3.95,4.92
46,Female,170.5,66.0,22.69,1631,24,9031,6.0,2.6,Moderate,4.94,5.65
39,Male,169.5,68.2,23.73,3138,44,1000,7.2,3.1,Moderate,4.04,4.45
55,Male,181.1,74.2,22.64,2541,47,14827,4.1,4.2,Low,5.46,5.83
65,Male,182.1,83.2,25.1,1947,15,5057,6.7,3.6,Low,4.34,5.1
56,Male,179.4,79.7,24.77,1751,75,8567,6.8,4.3,Low,7.46,7.99
62,Female,156.4,88.9,36.31,2793,40,8356,5.6,4.1,Moderate,4.47,5.31
63,Female,160.7,57.7,22.36,2405,87,8843,6.5,3.9,Moderate,6.17,6.48
22,Female,150.2,85.1,37.74,2541,51,8168,8.3,2.6,Low,5.48,5.95
30,Male,175.6,64.6,20.97,2313,46,8229,8.4,2.9,Low,5.4,5.61
52,Female,150.1,75.4,33.46,1798,31,3374,6.4,1.1,Low,4.85,5.26
46,Male,163.4,108.7,40.75,2554,62,17054,7.6,2.7,High,7.41,8.77
20,Male,177.8,52.8,16.71,2201,45,10280,5.2,3.1,High,6.39,6.74
22,Female,156.1,73.0,29.96,2289,69,8181,6.6,2.3,Moderate,5.46,5.89
42,Female,170.1,55.1,19.03,3488,89,14446,7.3,1.2,High,5.94,6.26
47,Female,166.1,80.8,29.27,2734,24,4248,8.8,4.0,Low,3.93,4.47
26,Female,170.0,96.9,33.5,2763,62,11039,8.4,3.0,Moderate,6.6,7.18
26,Female,172.9,81.1,27.11,3660,61,6056,7.3,4.1,Moderate,4.31,5.33
24,Female,156.6,75.9,30.95,2492,57,9408,5.9,3.3,Moderate,6.22,6.68
45,Male,167.4,101.9,36.35,2359,32,9485,8.6,3.8,Moderate,5.74,6.38
18,Male,178.5,83.9,26.33,1960,33,1000,6.6,3.6,Moderate,4.31,4.31
45,Male,167.9,92.8,32.91,2073,28,2989,7.5,2.0,High,6.34,6.63
40,Male,192.3,90.9,24.57,1276,28,13552,6.9,2.1,Low,5.35,6.33
40,Male,173.1,45.0,15.01,2695,21,7117,9.4,2.2,Low,2.81,3.11
50,Male,164.6,76.6,28.27,1666,42,15005,6.3,1.7,Moderate,6.17,7.04
43,Female,168.6,58.6,20.61,2751,23,12585,8.1,4.2,Low,4.2,4.48
52,Female,168.4,63.1,22.24,2278,57,7229,6.9,2.6,Low,4.88,5.42
54,Female,163.5,104.5,39.11,2364,46,6920,7.7,3.0,Low,5.8,7.0
62,Male,163.1,71.3,26.79,2278,49,13769,8.9,1.4,Moderate,6.32,7.18
56,Female,165.7,112.1,40.82,2993,37,15360,4.6,3.3,Moderate,4.51,4.51
42,Male,170.7,52.7,18.08,2904,46,6996,6.9,2.2,Moderate,3.94,5.66
41,Male,179.2,58.5,18.21,2285,38,13383,5.9,3.7,Moderate,4.57,4.81
29,Male,181.5,91.7,27.85,1850,66,11605,7.5,2.0,Low,7.43,8.68
46,Male,176.2,71.9,23.15,2761,32,12208,7.8,3.8,Moderate,4.92,5.36
24,Male,193.2,83.5,22.39,1812,55,8354,6.4,3.4,Low,5.36,5.53
62,Female,161.1,76.0,29.28,1522,8,5646,6.4,2.2,Low,4.3,4.74
58,Female,152.3,75.4,32.52,2549,64,4309,7.2,3.9,Moderate,5.9,6.27
23,Female,163.9,72.5,26.99,2909,29,3435,5.5,3.6,Low,3.33,3.74
55,Male,192.1,81.2,22.01,2097,19,14688,7.4,3.0,Low,4.67,5.29
23,Female,158.7,89.5,35.56,2502,13,8038,6.0,1.7,High,4.05,4.81
52,Female,162.9,107.1,40.35,2092,10,3993,7.9,3.3,Moderate,5.12,6.22
22,Male,167.6,74.4,26.46,2660,31,11508,5.4,2.7,High,5.26,5.93
41,Female,147.5,70.9,32.58,2847,86,6323,6.3,2.6,Moderate,5.24,5.86
49,Female,158.3,68.6,27.36,2168,26,5721,6.1,2.7,Low,4.42,4.77
52,Male,167.7,104.5,37.13,1786,0,15238,6.6,2.6,Moderate,4.64,5.14
38,Male,185.9,90.4,26.15,1571,55,3342,8.7,1.8,High,7.39,7.82
62,Female,155.2,45.0,18.69,2762,13,8822,8.0,1.2,High,4.03,4.15
55,Male,173.1,45.0,15.02,1731,67,5931,6.4,1.1,Moderate,5.79,7.28
27,Male,180.2,63.1,19.42,2486,33,5373,6.4,2.9,Low,4.17,4.85
50,Male,160.7,82.1,31.81,2688,37,2876,8.1,0.8,Moderate,4.89,5.58
53,Female,168.2,77.4,27.37,2049,78,8208,5.6,3.3,Low,6.57,7.59
34,Male,165.2,87.3,31.97,2216,62,4941,7.0,3.1,Low,5.68,5.68
53,Male,171.6,74.8,25.4,2799,10,10069,6.3,2.3,Low,2.93,4.31
61,Male,169.3,103.2,35.99,1895,14,7835,6.8,3.5,Low,4.72,5.02
57,Female,162.8,91.9,34.67,1845,0,6905,8.0,2.4,Moderate,4.91,5.2
54,Female,157.6,79.4,31.98,2182,117,4960,6.2,3.0,High,7.1,7.51
48,Female,170.8,98.6,33.79,2938,20,13007,8.2,0.8,Moderate,4.73,5.68
30,Male,172.2,48.3,16.29,3105,77,10574,9.6,0.8,Moderate,4.38,5.73
56,Male,177.0,76.5,24.42,2250,30,5615,7.7,2.4,High,5.69,6.86
35,Female,159.1,80.5,31.78,1943,14,3242,6.9,3.0,Low,4.5,4.93
43,Male,179.5,88.8,27.59,2832,45,1392,8.4,3.5,Moderate,5.11,5.11
33,Female,170.9,47.1,16.13,1465,35,11980,5.7,2.4,Moderate,5.88,6.33
33,Female,165.8,73.3,26.67,2423,67,11182,8.8,2.8,Low,5.86,6.24
25,Male,167.6,85.2,30.32,2278,67,11662,6.1,3.3,Moderate,6.75,6.77
64,Other,172.1,86.6,29.25,2946,28,7578,9.6,2.5,Moderate,4.12,4.92
25,Female,165.0,99.4,36.5,2997,4,10821,6.1,3.1,High,4.67,5.27
22,Male,173.5,91.7,30.47,1828,11,11595,7.8,1.6,Moderate,5.82,6.59
62,Female,166.4,76.9,27.76,2383,0,7755,5.1,1.1,Moderate,3.13,3.99
44,Male,181.4,90.1,27.41,2014,37,6746,6.7,2.1,Moderate,6.29,7.13
39,Female,173.4,74.4,24.73,2153,44,4583,5.7,3.3,High,6.19,6.76
53,Male,176.3,80.6,25.95,2608,13,9491,5.3,2.0,High,4.79,5.97
36,Male,169.2,92.3,32.26,2132,9,9957,8.4,3.2,Low,4.4,4.83
24,Female,163.4,77.2,28.92,2396,44,6577,5.5,1.7,Moderate,4.76,5.14
53,Male,169.3,84.5,29.5,2778,27,6989,6.1,2.1,High,4.51,5.03
26,Male,185.2,95.3,27.79,3057,39,7239,6.0,2.8,Moderate,3.47,4.26
44,Female,161.6,90.8,34.78,2444,34,10769,8.4,2.0,Moderate,5.72,6.55
63,Male,171.7,100.2,34.01,2358,51,3189,8.2,2.2,Moderate,5.71,6.19
62,Male,185.2,119.9,34.96,1746,29,4131,8.5,0.8,Moderate,5.38,5.87
35,Male,175.3,90.7,29.48,3092,31,4199,6.1,3.4,Moderate,3.72,4.78
55,Male,192.2,69.7,18.87,2547,0,7480,8.6,2.5,Moderate,3.86,4.0
47,Male,171.8,87.2,29.53,2368,43,9103,6.0,1.7,Low,4.78,6.34
41,Female,170.6,86.4,29.71,2342,47,4258,6.1,4.2,Moderate,4.97,5.46
24,Female,153.6,89.0,37.73,2480,40,11181,6.2,1.9,Moderate,4.78,5.31
36,Male,161.9,104.9,40.03,2685,98,13119,6.2,2.1,High,7.22,7.95
49,Female,161.5,47.7,18.27,2747,49,9448,6.9,1.7,Low,3.8,4.59
65,Female,169.3,105.2,36.74,3105,40,11929,6.0,3.6,Moderate,4.7,5.07
18,Female,166.3,111.3,40.25,2421,58,4796,7.3,3.9,Low,5.03,5.75
52,Female,165.2,88.2,32.33,3177,104,4880,4.0,3.8,Moderate,5.66,5.93
58,Female,159.2,88.7,34.99,2828,52,9801,7.3,3.8,High,7.2,7.59
63,Female,170.5,73.7,25.33,2269,0,7865,5.7,2.1,High,3.14,3.18
38,Female,190.2,78.1,21.6,1466,57,4873,6.2,4.1,Moderate,6.33,6.98
23,Female,166.8,90.6,32.54,2342,20,12987,6.2,2.4,Low,4.45,4.99
31,Male,176.9,89.4,28.57,3079,0,9045,8.1,1.2,High,3.07,3.07
58,Male,184.9,91.0,26.62,1912,92,10457,7.6,2.2,Low,7.81,8.18
60,Female,157.5,89.3,35.97,2341,86,5640,6.8,2.9,Low,5.45,6.04
48,Male,170.3,94.2,32.46,2382,19,13879,6.1,2.0,Low,3.6,4.5
23,Male,164.8,92.2,33.92,2771,19,7454,7.9,2.7,Moderate,5.22,5.37
23,Male,169.4,59.6,20.74,2106,49,11566,9.2,3.1,High,6.88,7.38
40,Male,173.7,93.0,30.82,1865,20,5960,7.0,3.0,High,5.9,6.12
46,Female,170.7,111.5,38.24,2585,41,8590,5.1,3.2,Moderate,4.92,5.78
19,Female,160.9,77.5,29.95,1928,25,9952,6.2,2.4,Moderate,4.9,5.26
50,Male,172.2,105.0,35.39,1382,33,14983,7.7,1.9,High,6.91,7.69
44,Male,174.2,61.5,20.26,3220,5,6460,6.5,1.3,Moderate,2.25,2.72
18,Male,178.4,77.5,24.34,2763,68,8708,6.0,2.5,Moderate,5.45,5.45
22,Male,187.0,66.5,19.0,3241,78,10071,5.9,2.1,High,5.58,6.15
39,Female,167.0,102.8,36.88,2737,42,3048,7.1,2.5,High,5.59,5.77
52,Female,169.2,107.5,37.57,2640,43,1000,5.2,0.8,Moderate,3.83,4.82
57,Female,145.0,76.2,36.24,2484,62,4514,7.0,1.2,Moderate,4.98,6.21
38,Female,156.2,99.1,40.59,2206,45,11385,7.1,3.1,High,7.04,7.86
32,Other,167.0,107.7,38.6,2556,93,14007,6.5,1.1,High,7.05,7.43
64,Female,167.1,77.4,27.71,2023,8,4769,5.7,2.4,Low,4.03,4.64
40,Female,158.4,80.3,32.02,1765,69,3741,8.2,1.9,High,8.08,8.78
33,Male,161.6,91.2,34.9,2133,41,13371,5.4,1.8,Moderate,6.06,7.04
39,Male,178.4,62.8,19.74,2945,13,6021,7.2,2.7,Moderate,3.55,4.08
18,Female,158.7,80.0,31.75,1683,107,6698,7.9,2.6,Moderate,8.01,8.75
32,Male,182.2,116.6,35.13,1691,111,13106,7.2,3.1,Low,8.5,8.51
42,Male,157.2,69.0,27.91,2595,39,12531,8.5,1.6,Low,4.63,5.31
62,Other,167.2,93.4,33.41,2092,57,11269,5.6,1.8,Low,7.33,7.63
53,Female,167.3,87.4,31.24,2542,31,2009,6.1,3.6,Moderate,4.48,5.09
55,Male,178.2,75.1,23.64,2794,36,3595,6.4,2.4,Moderate,3.82,4.05
44,Male,177.3,82.0,26.08,2530,13,11921,10.0,2.9,Moderate,3.83,4.57
23,Male,152.4,109.5,47.16,1983,9,9112,7.6,2.2,Moderate,5.29,6.11
36,Female,156.4,88.0,35.95,2941,96,5277,7.8,3.0,Low,5.04,5.56
65,Male,180.4,90.8,27.89,2671,43,6794,7.8,0.8,Moderate,4.76,5.05
20,Female,151.3,106.8,46.64,2313,46,11888,7.1,3.6,High,8.09,8.89
60,Female,170.8,72.8,24.96,2289,22,13346,8.3,2.2,Moderate,5.32,6.47
50,Female,171.2,59.2,20.17,2486,50,7979,4.8,1.5,Low,3.66,4.94
31,Female,168.0,109.8,38.9,2144,2,5595,7.3,1.6,Low,4.19,4.93
55,Male,173.9,80.5,26.62,1484,23,7035,7.5,2.4,Moderate,6.47,7.17
58,Male,174.4,94.1,30.93,2675,11,12700,8.2,2.5,High,5.0,5.14
20,Female,160.5,64.3,24.94,2645,81,12632,5.6,2.7,High,5.8,6.86
23,Male,179.6,85.0,26.36,1149,0,8679,5.7,1.5,High,5.17,5.17
49,Male,174.7,58.3,19.09,2555,11,6146,5.8,3.4,Moderate,3.23,4.25
65,Male,182.8,79.1,23.7,3178,0,11789,7.6,2.1,Moderate,2.58,3.19
19,Male,171.0,66.3,22.69,1736,20,13680,7.6,2.1,Low,4.69,4.69
49,Male,162.4,62.2,23.57,2263,32,2912,5.9,2.4,Moderate,4.45,5.16
24,Female,166.7,72.5,26.1,2209,72,7186,9.3,3.2,Low,4.91,5.45
49,Female,165.2,45.0,16.49,3130,38,12045,7.3,2.6,Low,3.44,3.88
47,Female,172.6,57.1,19.18,2860,33,8257,7.1,2.1,Low,3.99,4.49
22,Female,166.0,92.1,33.42,1860,53,6289,6.8,2.3,Low,5.79,6.38
50,Male,188.3,84.3,23.76,2471,32,8648,8.1,3.7,Low,4.12,4.71
61,Female,165.3,58.7,21.46,3451,112,9297,7.5,3.5,High,5.86,5.94
59,Female,168.9,87.9,30.81,1987,28,4056,9.3,2.9,Moderate,5.19,5.93
19,Male,166.5,62.2,22.43,2294,56,8317,5.5,2.7,Moderate,4.59,5.06
29,Female,161.1,91.0,35.04,2556,68,9285,5.1,4.7,Low,6.04,7.19
29,Male,165.2,75.9,27.82,1994,27,6282,6.1,3.0,Moderate,5.39,6.29
39,Male,192.1,72.1,19.55,3181,49,5271,7.7,2.8,High,4.44,5.38
24,Male,169.1,76.4,26.71,2063,30,6117,6.5,2.4,Moderate,5.74,6.99
59,Male,187.8,124.1,35.19,1605,52,4601,8.5,2.9,High,8.01,8.87
55,Male,172.5,64.3,21.62,2037,47,10977,6.5,0.8,High,6.74,7.29
56,Female,160.8,82.1,31.76,2626,41,4557,8.3,3.5,High,5.53,5.53
27,Female,156.8,92.1,37.42,1900,12,8661,6.0,1.5,Moderate,4.84,5.52
18,Male,174.2,60.7,20.01,2451,97,6690,8.4,2.0,Low,5.06,6.27
61,Female,164.4,49.3,18.23,2581,61,5528,8.6,1.3,Low,4.69,5.6
31,Male,179.3,67.2,20.9,1695,0,12799,6.3,1.9,Moderate,3.7,4.12
49,Female,160.6,91.7,35.52,2018,33,7542,7.6,2.3,High,6.61,7.23
61,Male,170.1,71.8,24.83,2474,1,5657,7.3,3.4,Moderate,4.08,4.49
19,Male,174.7,73.8,24.2,2651,66,5322,7.6,3.8,Low,5.24,5.95
18,Female,160.6,94.4,36.59,2030,44,9186,8.5,4.3,Low,7.03,7.46
18,Female,158.0,63.5,25.44,2375,45,10893,8.2,2.7,Moderate,6.55,7.65
25,Female,173.1,76.4,25.5,2158,21,12447,7.6,2.4,High,5.96,6.6
20,Female,153.9,50.8,21.43,2663,36,7413,7.8,3.3,Low,4.62,5.31
57,Female,166.9,83.8,30.06,2559,67,7202,5.5,1.8,Low,4.8,5.11
47,Male,174.7,82.1,26.92,2113,74,8458,7.0,1.7,Moderate,6.31,6.76
65,Male,167.7,92.3,32.83,2539,68,8584,5.7,2.3,Low,5.9,6.1
56,Male,171.9,57.4,19.42,2093,1,5297,7.0,2.6,Low,3.45,4.55
64,Male,175.2,74.5,24.3,2528,39,13118,8.3,0.8,Low,4.58,5.0
29,Male,173.2,55.0,18.33,2535,52,8077,7.0,3.6,Moderate,4.69,5.35
31,Female,159.1,73.6,29.06,3485,24,9871,4.0,2.8,Low,2.75,2.8
58,Male,182.1,104.7,31.57,2131,0,9485,5.7,3.3,Low,4.07,4.24
29,Female,157.0,72.2,29.32,2229,8,9413,7.7,1.2,Moderate,5.12,5.63
20,Female,159.7,53.4,20.94,1976,86,4485,6.4,2.0,Moderate,5.89,6.38
50,Female,161.3,65.8,25.28,1783,11,7977,7.9,2.0,Moderate,5.29,5.98
56,Female,165.4,49.0,17.91,2071,46,15982,5.6,2.4,Moderate,6.43,7.73
64,Male,165.9,54.7,19.86,2632,40,13555,7.5,2.6,Moderate,4.86,4.86
62,Male,174.9,90.1,29.44,2668,40,8549,7.5,3.4,High,5.91,6.86
23,Female,160.9,52.0,20.08,2447,36,6715,7.9,2.7,Low,4.3,5.07
55,Female,160.6,83.6,32.41,2152,67,1000,6.2,1.9,Low,5.03,5.41
58,Male,166.0,78.5,28.48,2053,45,6259,7.9,4.6,Moderate,7.48,7.93
51,Male,167.7,68.4,24.33,1841,27,7725,8.8,2.4,Low,4.51,5.5
57,Female,150.7,82.1,36.14,2021,46,6889,4.3,1.8,Low,5.82,6.39
58,Female,164.9,61.1,22.47,1652,9,7133,7.1,0.9,Low,4.54,5.02
39,Male,184.6,93.1,27.32,2978,58,10178,4.8,2.7,High,6.08,6.32
19,Male,173.9,65.4,21.63,3218,25,4498,6.0,3.2,High,3.57,3.87
39,Female,153.5,71.0,30.15,1332,27,8954,6.1,1.6,Low,5.26,5.43
27,Male,174.9,68.9,22.54,2444,59,7614,6.9,3.2,Low,4.17,5.08
23,Female,154.5,90.4,37.87,2436,33,4911,7.5,2.7,Low,5.47,5.79
23,Male,171.2,87.8,29.94,2404,35,13859,8.1,1.0,Low,5.1,5.28
51,Female,163.4,45.0,16.85,2003,77,10617,7.3,3.2,Low,7.2,7.86
42,Male,163.8,82.6,30.77,2811,17,5247,7.8,2.4,Low,4.07,4.38
43,Male,183.4,46.6,13.86,2505,58,9810,5.7,1.6,Moderate,5.23,6.37
53,Female,165.9,71.9,26.1,2817,71,3136,8.3,3.5,High,6.07,6.68
44,Male,173.6,76.1,25.23,1931,77,5677,4.0,3.4,Low,5.64,6.31
48,Female,169.7,71.7,24.87,1608,105,12646,8.8,1.6,Low,7.68,8.35
22,Male,164.2,87.0,32.28,2517,27,9230,8.6,2.9,Moderate,5.71,6.51
58,Female,163.1,91.0,34.18,1818,20,8949,7.9,2.8,Low,5.67,6.52
39,Female,152.9,64.1,27.39,2827,67,11454,9.7,2.5,Low,5.15,5.76
25,Female,154.8,63.4,26.48,1236,71,10139,4.8,2.1,Low,7.12,7.36
57,Male,166.3,77.4,27.97,2065,22,7068,7.9,2.5,Moderate,5.74,6.29
53,Female,164.6,50.2,18.54,1992,58,11277,7.2,3.4,Low,6.5,7.12
20,Female,150.1,69.4,30.82,2133,121,2088,7.3,3.0,Low,7.11,7.14
27,Female,165.5,102.3,37.34,2430,47,5663,5.6,0.9,Moderate,4.99,4.99
18,Male,171.2,50.9,17.35,2498,70,7660,7.5,0.8,Moderate,5.42,5.6
30,Male,173.0,71.9,24.02,2619,89,9917,7.4,0.9,High,6.59,6.59
22,Male,182.3,67.3,20.27,2677,115,6862,6.2,1.4,Moderate,4.53,4.96
52,Female,154.1,114.1,48.02,2214,51,1755,6.9,1.9,Low,4.82,5.15
43,Other,190.0,68.3,18.92,3354,80,1264,5.4,2.2,Low,2.88,3.51
65,Male,161.0,69.4,26.76,2993,22,7761,6.5,2.5,High,3.49,4.34
53,Female,170.9,59.4,20.36,2144,45,6327,8.2,2.6,Low,5.54,6.24
47,Female,162.0,78.2,29.78,2231,32,4815,8.2,2.6,Low,5.69,6.44
42,Male,170.4,82.9,28.55,2133,0,4229,7.9,3.6,Low,4.12,5.06
20,Male,180.9,62.1,18.97,2481,0,8468,8.2,1.1,High,3.47,3.96
21,Female,155.0,95.8,39.89,1814,57,12557,8.2,2.9,High,8.5,8.5
47,Female,153.0,82.9,35.42,1905,57,8468,6.2,2.9,Moderate,7.0,7.0
18,Male,182.3,93.3,28.07,1216,15,12604,7.4,1.5,Low,5.26,6.03
20,Female,154.3,72.1,30.28,2100,88,6691,8.3,3.1,Low,6.84,7.51
28,Female,154.3,82.4,34.6,2832,13,9552,5.3,2.9,Low,4.04,4.88
60,Female,167.9,74.2,26.32,2223,52,12732,5.3,2.6,Low,5.11,6.71
40,Female,165.7,104.2,37.98,2251,33,7447,5.3,0.8,High,5.27,5.95
52,Female,153.2,80.1,34.11,2439,47,8090,4.9,3.5,Moderate,5.22,5.79
37,Female,157.7,78.2,31.44,1798,70,6689,5.7,2.8,Low,6.26,6.98
26,Male,180.0,69.8,21.54,2312,66,10073,6.4,3.0,High,6.7,6.88
35,Female,174.4,68.7,22.58,2745,64,11157,8.8,0.8,Low,5.13,5.99
22,Male,184.4,82.3,24.19,2453,61,9229,6.5,2.1,Moderate,5.62,6.16
54,Female,159.1,92.8,36.66,2789,9,7196,5.2,1.3,Low,2.98,4.17
26,Male,159.3,65.7,25.88,2932,76,2750,7.2,3.8,Moderate,5.66,5.7
36,Female,152.5,80.3,34.52,2631,15,7830,6.8,1.6,Low,3.96,4.56
65,Male,163.8,81.3,30.32,1943,42,7328,6.1,3.9,Low,5.86,6.24
46,Male,172.4,84.5,28.4,2127,35,8825,6.3,3.5,High,6.5,6.72
40,Male,175.6,47.3,15.32,3265,54,8408,8.3,2.8,High,4.92,5.74
44,Female,161.3,61.4,23.58,2457,31,13503,5.3,3.6,Moderate,4.22,4.71
55,Female,163.7,53.4,19.92,2390,40,5562,5.0,1.8,High,4.39,5.45
30,Male,178.6,78.6,24.63,1870,90,2486,7.6,1.9,Low,6.5,6.92
48,Female,160.9,61.8,23.88,2254,8,4001,6.3,3.4,Moderate,3.29,3.75
59,Female,159.9,69.1,27.0,2658,44,5782,8.9,1.8,Low,3.81,5.11
45,Male,176.4,56.5,18.17,2307,13,11787,6.8,1.4,Low,3.04,3.16
39,Female,163.6,70.7,26.42,2040,63,3459,6.9,2.3,Moderate,6.06,6.39
24,Male,186.5,57.8,16.61,2156,24,3926,7.9,1.8,Moderate,4.4,4.4
29,Male,162.8,91.6,34.59,2895,46,9448,5.0,4.3,Moderate,5.9,6.34
63,Female,153.7,86.6,36.65,2633,7,10972,7.4,3.3,Moderate,4.97,5.81
43,Male,163.4,80.7,30.21,2567,81,2577,6.6,2.1,Moderate,5.11,5.85
32,Female,164.8,72.6,26.72,2520,47,1797,8.2,1.7,Moderate,5.21,5.86
38,Female,172.3,45.0,15.16,1708,48,5247,6.2,2.9,High,6.47,6.76
45,Female,163.1,69.8,26.23,2436,68,10300,7.2,3.7,Low,6.28,6.82
43,Female,159.1,64.3,25.39,2834,9,8501,6.6,2.9,Moderate,3.52,3.98
51,Female,163.6,82.5,30.82,2169,27,5375,7.5,1.7,High,5.78,6.38
30,Other,170.3,89.2,30.74,2788,49,10588,6.7,1.3,Moderate,5.37,6.03
49,Male,172.9,83.8,28.04,2572,0,8435,7.3,2.3,High,4.83,5.3
39,Male,183.8,100.7,29.83,2713,0,7623,9.1,2.9,Moderate,3.17,3.78
63,Female,157.3,67.8,27.38,2325,22,2349,6.7,2.2,High,4.63,5.2
25,Male,164.9,67.0,24.65,2743,13,5303,7.5,3.5,High,4.7,5.07
25,Male,168.6,96.7,34.03,1567,35,14849,9.7,3.1,Moderate,6.94,7.56
40,Male,177.8,81.0,25.62,2316,59,6822,7.5,2.8,Low,5.09,5.24
42,Female,160.6,73.6,28.52,2656,65,4651,4.1,3.1,Moderate,4.79,5.45
51,Male,165.6,111.2,40.56,2448,95,6662,6.2,1.3,Low,5.46,5.68
37,Male,180.0,88.4,27.29,2847,44,8416,5.6,2.2,Low,3.35,3.95
61,Male,166.9,74.6,26.78,2221,49,11091,8.1,1.7,Moderate,6.73,7.5
40,Male,184.4,65.7,19.3,2026,44,10173,6.9,2.9,Moderate,5.32,5.59
24,Female,163.9,101.9,37.91,1480,53,5631,8.3,1.7,High,7.36,8.32
23,Male,164.9,81.7,30.04,2163,56,12450,7.7,2.7,Low,7.37,8.6
64,Female,163.8,78.4,29.25,2558,70,10851,7.7,2.5,Low,5.99,6.36
24,Female,161.7,90.2,34.5,2680,70,6442,5.5,3.1,Moderate,4.85,5.4
63,Male,175.3,93.8,30.54,1600,59,7551,7.6,1.5,Moderate,8.33,9.35
31,Female,162.2,87.9,33.39,2887,87,10102,8.6,3.0,Low,6.6,6.6
22,Female,163.8,93.9,35.0,1812,45,11761,5.3,1.6,Low,7.12,7.73
32,Female,171.4,86.1,29.33,2239,27,2684,6.6,1.7,Low,4.07,4.56
47,Male,178.4,88.0,27.65,2015,32,8246,7.4,2.5,High,5.81,6.73
38,Male,176.3,64.8,20.86,2508,42,7891,7.1,3.7,Low,4.5,5.01
55,Other,174.8,110.6,36.17,2347,14,6002,8.7,1.8,Moderate,5.07,5.83
47,Female,165.4,55.8,20.4,2638,27,5984,7.9,1.0,High,4.08,4.39
37,Female,165.2,83.6,30.62,3221,13,11690,7.5,1.7,Low,4.27,5.21
48,Female,181.3,53.9,16.41,2498,54,9871,8.0,2.3,High,6.41,6.62
64,Male,194.3,76.2,20.19,2011,54,15373,7.9,4.3,Moderate,7.31,8.22
37,Female,169.9,67.7,23.45,2530,0,6005,7.0,2.9,Moderate,3.68,4.31
25,Male,171.7,80.4,27.29,3272,26,8479,6.6,1.9,High,3.46,3.46
37,Female,155.0,84.2,35.0,2628,96,9083,8.2,2.5,Low,6.44,7.06
58,Male,151.1,60.8,26.62,2772,62,11136,6.1,4.0,High,6.68,7.49
28,Male,182.5,77.5,23.25,1503,57,12754,6.9,2.4,Low,6.78,6.95
63,Female,164.8,103.1,37.93,2493,26,8327,5.6,2.4,Moderate,4.72,5.03
46,Female,164.8,54.4,20.02,2165,53,4168,7.9,2.2,Low,5.55,6.19
46,Female,160.5,62.6,24.31,1959,44,5511,8.5,3.2,Moderate,6.48,6.9
33,Male,164.8,93.5,34.44,2288,22,8499,5.9,2.1,Low,4.18,4.89
62,Male,177.6,79.4,25.18,2354,31,11929,6.8,3.4,Low,4.91,5.43
19,Other,173.3,80.7,26.88,1987,31,2937,6.4,3.6,Low,4.23,4.37
32,Male,179.5,96.4,29.91,2394,3,3904,8.3,3.2,Low,3.81,5.23
38,Male,174.7,63.7,20.88,2213,7,10650,8.7,2.4,Low,4.15,4.63
40,Female,167.3,68.7,24.52,2651,39,3472,6.4,1.3,Moderate,3.6,4.25
40,Male,177.0,66.4,21.22,2413,21,4062,4.0,2.4,Moderate,4.13,5.35
25,Female,165.3,71.7,26.26,2487,36,11977,8.4,2.0,Moderate,5.21,6.11
28,Male,157.3,102.1,41.28,2789,0,7225,7.1,1.9,Moderate,3.97,4.76
22,Female,173.0,47.4,15.84,2577,67,6957,7.1,2.4,Low,4.78,5.75
45,Female,159.1,56.5,22.33,2296,103,12789,8.2,3.0,Low,6.53,7.32
34,Female,163.3,53.4,20.04,1256,73,4279,6.6,2.0,Moderate,6.9,7.69
45,Female,166.2,103.2,37.35,2556,76,3576,6.2,1.4,Moderate,5.41,6.2
46,Male,172.7,66.9,22.45,1844,62,13702,6.6,1.7,Moderate,7.19,7.74
51,Female,161.5,72.1,27.65,2256,52,8816,7.6,4.1,Low,5.96,6.94
44,Female,160.1,48.9,19.08,2485,47,10378,8.1,3.1,Moderate,5.93,6.76
49,Female,158.4,73.3,29.2,2966,19,6911,9.0,1.7,Moderate,3.72,3.72
46,Female,158.9,93.6,37.06,3221,64,7626,7.5,3.8,Moderate,5.94,6.84
49,Female,169.8,82.6,28.64,1839,62,5536,6.8,2.4,High,6.42,6.74
47,Female,157.8,76.1,30.54,1642,32,9113,8.1,4.7,Moderate,6.44,7.13
33,Female,166.0,49.8,18.09,2462,59,10909,5.8,2.8,Moderate,5.88,5.9
29,Male,180.0,72.1,22.26,2421,25,8685,8.7,3.1,Moderate,4.59,4.99
55,Female,152.2,80.6,34.8,1699,27,11713,7.3,3.4,High,6.68,7.16
34,Female,165.6,60.1,21.92,2291,66,10318,6.7,3.9,High,6.95,7.74
44,Male,180.2,89.8,27.66,2598,57,4330,5.8,2.2,Low,4.33,4.72
27,Female,166.4,93.9,33.93,1684,38,7493,7.8,3.9,Low,7.17,7.17
38,Female,158.4,68.5,27.28,1802,35,6430,6.7,2.0,High,6.6,7.03
43,Male,180.5,91.1,27.94,1977,49,10637,6.9,2.3,Moderate,7.13,7.59
48,Female,152.9,76.0,32.5,2193,0,9615,5.0,2.6,Moderate,4.0,4.82
43,Female,162.9,98.6,37.19,2646,23,8445,6.5,3.4,Moderate,4.89,5.54
35,Female,168.5,114.6,40.37,2136,9,11547,6.3,2.3,Low,3.96,4.29
64,Male,173.4,58.3,19.4,2327,45,1470,7.5,4.1,High,5.96,6.66
42,Female,157.7,91.9,36.91,3423,75,5889,6.7,3.8,Moderate,4.39,5.63
56,Male,159.0,101.5,40.15,1821,58,6185,4.0,2.6,High,7.43,8.44
53,Female,165.4,60.5,22.14,1973,30,8881,6.5,1.7,Moderate,4.81,4.81
44,Male,173.2,67.6,22.54,2639,25,9934,5.3,3.5,Low,3.35,4.82
60,Female,176.1,67.4,21.75,2794,23,7995,5.7,0.8,High,4.01,5.02
24,Female,165.7,75.6,27.54,2507,100,3397,8.2,3.3,Moderate,6.16,7.31
62,Female,166.9,71.6,25.71,3204,46,9423,5.0,1.9,Moderate,4.19,4.26
58,Female,161.0,74.4,28.72,2458,50,8448,7.4,3.7,Low,5.3,5.75
42,Female,149.0,93.1,41.92,1311,0,2859,6.4,1.4,Moderate,4.19,5.0
53,Female,166.7,45.0,16.19,2348,11,6966,6.2,2.0,Moderate,3.81,4.01
42,Male,173.1,60.5,20.19,2014,43,9309,5.8,3.0,Moderate,5.53,6.31
30,Female,165.8,90.1,32.76,2991,31,13786,7.4,3.1,High,5.83,7.0
56,Female,160.5,87.9,34.16,2782,48,4188,7.5,2.0,High,5.53,6.01
29,Other,168.7,58.9,20.7,1505,48,10765,4.9,2.3,Low,6.16,7.36
33,Other,171.3,88.1,30.01,2975,61,4232,8.4,3.5,High,5.4,6.25
42,Female,168.1,101.9,36.08,2769,0,3552,5.6,3.5,High,4.28,4.28
58,Female,153.7,77.1,32.65,2137,14,3759,7.5,2.3,High,6.72,7.02
36,Female,177.7,59.9,18.95,2260,42,10117,5.6,2.1,High,5.53,6.52
41,Male,181.5,93.7,28.47,2996,26,8454,6.4,1.4,Moderate,3.35,3.59
19,Female,173.4,109.0,36.24,1314,36,6898,5.5,2.8,High,6.9,7.88
23,Female,170.9,62.0,21.24,2522,48,9602,6.4,3.3,Moderate,5.02,5.84
20,Female,161.4,78.7,30.21,2846,24,8142,6.8,2.7,Low,3.95,4.66
21,Female,170.2,97.6,33.71,2255,50,8386,5.6,1.8,High,6.44,6.84
59,Male,159.5,80.1,31.46,2623,60,6937,7.4,4.2,Low,5.78,6.49
58,Male,179.1,46.5,14.52,2351,46,4403,7.5,0.8,Moderate,4.95,6.13
57,Female,172.5,86.0,28.89,1907,65,13919,10.0,3.4,Moderate,7.33,7.79
20,Male,170.1,60.4,20.87,1895,0,12901,8.1,2.8,Low,3.7,4.52
21,Male,172.3,55.1,18.58,2655,28,13565,8.4,3.0,High,5.08,6.38
31,Male,177.1,46.9,14.96,1982,69,6112,4.9,1.9,Moderate,6.09,6.78
45,Female,157.9,99.4,39.88,1537,20,5613,4.6,2.5,Moderate,5.43,5.86
34,Female,149.3,63.0,28.27,2361,16,6549,6.6,2.9,Moderate,4.53,4.95
41,Male,174.0,84.0,27.74,2043,41,11759,9.1,2.5,Moderate,6.1,6.1
26,Male,183.6,88.4,26.23,1700,44,7999,10.0,1.0,Low,5.64,5.81
53,Male,173.8,80.9,26.79,2335,30,6098,6.2,4.1,Moderate,4.61,5.33
33,Male,167.7,83.3,29.64,2683,96,9273,6.3,3.2,Low,5.95,6.89
21,Female,152.0,84.9,36.72,2310,53,5422,7.7,2.6,High,6.42,6.87
53,Female,163.7,80.5,30.05,1766,19,3256,6.8,2.7,Low,4.36,5.29
61,Male,168.1,64.3,22.76,2540,4,8452,6.8,4.1,High,4.23,5.14
18,Female,167.9,62.7,22.25,2817,56,6193,7.8,1.9,Low,4.82,5.15
38,Male,160.3,76.1,29.63,3406,19,7952,10.0,1.7,Low,2.87,3.26
57,Male,162.5,75.7,28.68,3020,105,1000,8.6,3.4,High,5.83,5.96
51,Female,145.3,85.7,40.61,1797,56,4877,9.2,3.0,Moderate,6.94,7.8
59,Female,146.7,97.8,45.45,2729,60,7842,4.8,1.7,Low,4.54,5.14
37,Female,174.6,84.2,27.62,2428,51,2692,8.3,3.6,Moderate,5.93,6.84
35,Male,175.5,63.4,20.59,1723,76,2811,5.9,2.9,Low,5.66,6.24
52,Male,172.0,45.0,15.21,2441,0,8135,9.0,1.8,Low,2.47,2.74
25,Male,191.8,64.2,17.44,3259,11,10455,8.6,3.0,Low,3.55,4.42
29,Female,159.9,53.8,21.04,2897,73,4878,7.7,2.9,Low,4.84,4.84
46,Other,175.3,64.9,21.11,1793,87,7082,6.1,2.5,Low,5.81,6.29
50,Male,175.4,82.4,26.77,2306,10,7163,6.4,2.9,Moderate,4.53,4.85
23,Female,163.7,79.5,29.69,2545,0,2531,6.5,3.2,High,3.29,4.42
42,Female,161.9,111.4,42.51,1435,49,12143,7.9,3.4,Moderate,8.5,9.71
35,Female,158.0,86.7,34.72,1452,58,7359,7.5,2.7,Moderate,8.12,8.87
42,Male,174.8,112.4,36.79,2377,49,7397,8.7,2.4,Low,5.94,6.34
64,Female,164.1,90.9,33.76,2383,43,9305,8.9,2.8,High,5.4,6.6
21,Male,156.6,97.5,39.79,1380,0,2540,6.0,3.7,Low,4.22,4.57
65,Female,165.2,71.5,26.23,2493,34,11219,7.6,3.2,Low,4.83,4.95
39,Female,158.7,58.7,23.29,2843,38,11677,7.6,2.3,High,5.1,5.1
55,Female,162.9,69.9,26.35,2190,29,8491,6.9,2.7,Moderate,4.39,5.02
38,Female,171.7,77.8,26.39,2329,0,9617,8.1,4.1,Low,3.94,3.94
32,Female,160.8,66.7,25.79,2585,61,6858,7.6,3.3,Moderate,5.14,6.24
54,Female,168.4,60.0,21.14,2519,69,11021,6.3,2.7,Low,5.5,5.9
51,Female,149.5,85.5,38.28,1465,22,5119,6.8,3.6,Low,5.75,5.9
24,Female,158.7,59.9,23.78,1847,39,7886,6.6,2.1,Moderate,5.59,6.58
51,Male,168.7,50.4,17.7,2102,31,8095,6.1,2.9,High,4.5,5.41
54,Other,195.0,57.8,15.2,1869,31,7864,6.9,4.3,High,5.29,6.48
36,Female,148.3,73.8,33.56,3033,58,11741,5.4,3.2,Moderate,5.57,5.58
62,Female,161.3,60.2,23.12,2617,59,15658,7.6,4.1,Moderate,6.37,6.37
48,Female,172.2,73.9,24.92,1745,75,7615,8.7,2.5,Moderate,7.28,8.43
34,Female,156.5,88.8,36.26,2192,74,9646,7.1,2.2,High,8.25,8.25
18,Male,183.3,88.3,26.29,2865,40,5191,8.1,3.6,Moderate,5.46,5.63
50,Female,164.3,66.1,24.48,1976,124,11611,7.2,1.0,Low,7.63,8.25
28,Male,169.2,54.5,19.04,2725,88,6188,5.8,2.8,High,5.3,5.43
54,Male,186.0,67.6,19.55,2991,26,19007,9.4,3.5,High,3.77,4.44
43,Male,181.5,89.8,27.26,2908,48,2152,4.1,3.1,Low,3.68,3.88
40,Male,167.4,94.0,33.56,2390,0,15516,7.0,0.8,Moderate,4.51,5.56
25,Male,172.8,84.4,28.25,2925,45,11469,6.1,1.4,High,5.66,6.51
52,Female,156.8,99.6,40.51,2038,91,4072,8.9,2.5,Low,6.21,6.91
25,Male,171.1,109.1,37.28,3542,122,16118,7.3,3.0,High,6.92,7.39
38,Female,153.9,69.3,29.26,2420,41,4750,10.0,3.1,Low,4.25,4.49
58,Male,174.3,104.8,34.48,2873,54,6899,7.0,2.6,Moderate,5.27,5.83
62,Female,159.3,73.3,28.89,2118,61,3461,6.1,3.3,High,6.67,6.84
65,Female,157.3,96.4,38.94,2549,100,7487,4.9,3.0,High,6.78,8.05
63,Male,175.9,90.8,29.33,2571,17,7815,8.3,2.5,Low,4.57,5.28
44,Female,154.0,45.0,18.98,1835,119,10905,6.0,3.1,High,7.61,7.9
27,Female,167.4,60.6,21.63,1820,36,16534,6.5,2.0,Moderate,6.09,7.23
58,Female,158.7,56.0,22.26,2197,12,6204,8.5,3.2,High,4.99,5.57
56,Male,160.8,45.9,17.76,2852,36,1000,8.3,1.8,Moderate,3.39,4.47
65,Female,159.3,93.8,37.0,1384,22,10269,6.3,3.0,High,6.38,7.46
49,Female,166.4,115.2,41.61,2118,56,6073,6.5,3.0,Moderate,6.65,7.41
24,Male,171.9,73.4,24.82,2954,0,14364,4.9,2.3,Moderate,3.32,3.47
42,Female,167.2,93.4,33.4,1683,48,7878,4.5,3.2,Moderate,6.5,6.89
39,Male,168.8,104.7,36.77,2926,63,5343,7.9,4.0,Moderate,6.0,7.86
58,Female,150.4,81.7,36.16,1736,86,4454,8.0,1.7,Low,7.29,7.7
36,Male,173.6,77.5,25.74,1841,64,10180,7.4,3.5,Low,7.48,7.99
33,Male,180.6,73.6,22.56,2226,84,7036,7.2,3.6,High,6.12,6.56
21,Other,181.7,87.7,26.55,3236,28,13136,6.2,2.4,Moderate,3.47,3.74
58,Female,166.8,93.7,33.68,1979,56,7262,8.8,3.3,Moderate,7.47,8.32
54,Female,156.6,86.3,35.2,1433,0,12951,4.9,2.4,Low,4.74,4.87
19,Female,155.6,85.7,35.4,1599,41,3169,6.4,3.7,Moderate,5.8,6.1
38,Male,173.2,77.1,25.69,2765,55,1914,7.2,0.8,Moderate,4.93,5.64
41,Male,167.8,49.3,17.52,1622,58,10902,7.0,3.9,High,7.47,7.98
40,Male,165.6,94.2,34.35,2893,0,6374,7.0,1.6,Low,2.57,3.23
62,Female,160.8,54.9,21.24,2334,34,7077,6.4,2.7,Low,3.94,4.53
25,Male,193.4,89.1,23.82,2283,37,4457,7.6,1.9,Low,5.26,5.45
32,Female,165.0,91.6,33.66,2448,32,4200,5.5,3.9,Low,4.21,5.32
26,Male,174.0,57.5,18.99,1899,65,10224,6.8,2.4,Moderate,6.85,7.85
29,Male,163.5,67.1,25.08,2368,38,7934,7.5,2.1,Moderate,4.79,5.06
61,Male,183.9,116.2,34.34,1703,47,4289,6.6,3.6,Moderate,6.84,7.6
63,Male,181.0,76.6,23.37,2974,31,10766,7.0,3.3,High,4.71,5.14
20,Male,180.4,56.0,17.21,1786,74,12112,7.3,2.3,High,8.5,9.48
48,Female,165.7,92.4,33.65,2519,76,7619,4.9,1.7,Moderate,5.54,6.44
29,Male,170.6,64.1,22.03,1782,36,11511,5.0,1.6,Moderate,5.61,6.65
27,Female,162.9,45.0,16.96,2033,124,4493,7.2,3.7,Moderate,7.11,7.38
32,Female,174.1,87.4,28.83,2113,23,10020,6.3,3.0,Moderate,5.09,5.21
27,Female,170.4,61.5,21.18,3790,73,8566,6.3,2.8,Low,3.95,3.95
41,Female,162.6,83.8,31.71,2292,18,5229,7.7,3.0,Low,4.56,6.09
65,Male,177.6,63.4,20.08,1889,66,15185,5.8,0.8,Low,6.29,7.2
46,Male,169.3,90.7,31.64,2077,64,8814,4.1,2.3,Moderate,7.42,8.46
52,Male,181.2,81.3,24.77,1547,16,5932,9.0,2.3,Low,4.54,4.64
41,Other,177.3,45.0,14.32,2218,41,8068,8.5,3.5,Moderate,5.74,6.57
18,Female,168.0,84.9,30.09,3225,97,4956,8.4,1.3,High,5.28,5.28
22,Male,176.2,72.8,23.46,2468,22,3950,5.7,3.5,Moderate,4.35,5.1
30,Male,175.7,103.5,33.53,2751,56,6427,6.9,4.2,Low,4.72,5.32
29,Female,168.8,85.1,29.86,1845,54,6664,5.5,1.1,Moderate,6.17,6.67
58,Female,161.4,91.6,35.18,2198,43,5185,6.9,2.6,Moderate,6.28,6.69
58,Female,155.1,65.2,27.11,2401,0,12378,6.6,3.0,Low,2.87,3.89
58,Female,171.4,63.8,21.72,1937,68,5319,5.7,3.4,Moderate,5.45,5.87
48,Female,172.2,77.5,26.14,2500,45,4737,7.6,0.8,Low,3.51,4.58
44,Female,163.8,71.5,26.64,2607,75,3849,6.7,2.9,Moderate,4.54,5.13
49,Male,191.9,102.1,27.71,2571,51,3513,9.1,2.4,Moderate,4.46,5.2
37,Male,181.3,75.2,22.89,2224,46,11596,7.1,2.3,Moderate,6.48,7.28
50,Other,175.6,56.0,18.14,2845,55,8903,4.0,4.5,High,5.76,6.52
56,Female,167.1,63.1,22.6,2171,17,10416,4.8,2.4,Low,3.68,4.36
54,Male,176.0,95.4,30.77,2125,88,11564,9.5,3.0,Moderate,7.29,8.64
47,Female,176.1,75.0,24.19,3020,34,6833,6.6,2.5,Low,3.11,4.11
20,Male,191.3,74.0,20.22,1746,34,13152,7.3,2.8,High,6.09,6.09
52,Female,158.4,97.1,38.68,1448,81,5805,7.0,3.1,Low,8.21,8.74
35,Male,183.2,61.5,18.33,1866,51,4164,8.7,3.4,Moderate,6.63,7.75
53,Female,165.5,45.0,16.42,2493,38,9307,4.7,1.9,Moderate,3.61,3.92
43,Female,160.1,62.6,24.46,2941,56,8505,8.6,2.7,High,6.17,6.78
60,Male,172.5,82.4,27.68,1969,62,8500,8.5,2.8,Moderate,8.2,8.83
34,Male,169.6,73.5,25.55,3207,41,11553,7.0,1.1,Moderate,4.43,5.58
62,Female,158.0,49.9,19.98,2313,70,8371,7.5,1.7,Moderate,4.97,5.21
58,Male,174.7,96.3,31.54,2242,9,9095,6.6,3.4,Moderate,4.91,5.19
33,Male,165.8,80.9,29.44,1875,52,12758,5.0,2.2,Low,6.99,7.77
41,Female,158.3,85.0,33.94,3275,67,8933,7.7,5.0,Low,5.86,6.58
43,Male,182.7,85.6,25.62,2224,62,9729,7.3,3.5,Low,6.18,6.96
54,Male,186.7,54.6,15.67,1634,0,3037,7.3,3.0,Moderate,4.63,5.35
51,Male,175.9,83.5,26.97,3528,41,21017,7.6,4.0,Moderate,3.98,4.54
58,Female,167.0,94.3,33.82,2496,11,2432,6.3,3.3,High,4.08,4.87
35,Male,179.6,98.5,30.54,2699,81,6112,8.8,2.8,Moderate,5.71,6.38
42,Male,169.4,91.0,31.71,3140,34,6006,7.0,1.3,Low,4.29,4.8
38,Male,175.0,87.2,28.47,2607,77,15378,7.7,3.2,Moderate,6.55,7.13
61,Male,172.6,46.7,15.69,2787,10,5897,6.7,3.9,Moderate,3.1,3.51
32,Male,162.3,77.7,29.5,2327,55,9546,8.3,2.1,Moderate,6.76,7.11
46,Male,175.0,60.8,19.84,2666,45,6030,7.1,1.0,Moderate,4.69,5.49
23,Male,170.5,101.1,34.78,2282,122,4359,6.9,1.6,Moderate,5.99,6.13
58,Male,172.1,98.3,33.22,2289,77,9996,8.4,4.2,High,7.9,8.74
36,Female,172.5,60.9,20.46,2359,76,5483,4.9,2.7,Low,4.1,4.61
34,Male,184.2,77.2,22.75,2101,101,8726,6.7,3.9,Moderate,7.73,8.29
45,Male,167.2,82.5,29.5,2552,52,10193,6.3,2.6,High,6.55,7.09
41,Female,163.4,94.2,35.28,2550,42,14673,7.4,2.2,Low,5.45,6.23
58,Female,176.3,47.8,15.39,2709,39,3582,7.4,4.5,Moderate,4.44,5.56
43,Female,153.0,45.0,19.23,2619,54,7465,7.0,2.3,Low,3.59,4.82
42,Male,169.2,78.7,27.47,3300,0,7609,6.1,2.4,Moderate,2.52,3.48
23,Male,172.4,45.0,15.14,2826,45,8003,7.0,3.0,Low,3.28,3.9
19,Male,178.7,80.9,25.32,2196,51,16990,7.4,2.3,Low,6.68,7.56
37,Male,176.6,88.7,28.44,2526,40,7393,6.8,3.3,Moderate,4.89,4.89
65,Male,165.5,100.2,36.58,3006,2,1000,8.3,3.0,Moderate,3.28,4.09
62,Female,162.6,66.8,25.27,1825,40,7305,7.7,3.0,Low,6.16,6.89
48,Male,181.6,80.9,24.54,3307,2,7585,7.0,2.0,Moderate,3.42,3.48
48,Female,161.2,89.7,34.54,1912,94,7156,4.2,1.1,Moderate,6.98,7.38
36,Male,183.8,56.8,16.83,2750,37,5484,6.7,1.9,Low,2.9,3.6
26,Male,176.6,94.5,30.29,2303,0,3375,7.8,1.9,High,4.72,5.46
18,Female,149.3,82.9,37.22,2274,39,15558,6.7,2.9,High,5.6,6.53
34,Female,163.9,67.1,24.97,1648,70,9114,7.4,1.9,Moderate,8.43,9.62
33,Male,173.8,80.5,26.67,2753,49,7327,6.7,1.3,High,4.93,5.48
27,Female,165.2,75.5,27.66,1655,19,15446,7.3,1.6,High,6.23,6.43
30,Male,175.5,92.0,29.88,1578,26,4959,8.7,2.9,Moderate,6.02,6.9
19,Male,171.3,71.5,24.37,2879,36,10108,7.9,3.2,High,4.93,5.98
47,Female,160.3,82.1,31.95,3194,32,3628,5.4,2.1,High,5.12,6.17
62,Male,178.2,66.8,21.04,1966,9,10627,5.0,2.2,High,3.8,4.56
51,Male,171.0,61.1,20.9,2801,43,4029,7.5,3.2,Low,3.5,4.8
39,Female,172.4,81.1,27.28,2698,7,9646,8.4,2.7,High,5.17,5.67
38,Male,177.9,61.9,19.56,2254,71,14836,5.0,3.7,Low,5.86,7.02
32,Male,171.2,92.4,31.52,2967,74,8327,6.7,2.5,Moderate,5.09,5.28
24,Male,182.2,88.7,26.71,2218,16,1000,9.8,1.9,Low,2.85,2.85
46,Female,156.7,64.2,26.15,2558,24,8125,6.7,3.6,High,4.91,5.1
45,Female,151.9,81.8,35.49,1673,33,9681,10.0,2.3,High,5.89,6.29
18,Male,172.9,64.1,21.46,1694,44,11153,6.0,1.9,Moderate,5.89,6.49
37,Male,187.5,49.1,13.98,2884,52,13157,6.2,3.4,Moderate,5.18,5.45
31,Female,160.0,67.2,26.28,2575,57,13335,6.2,3.9,Low,5.6,6.24
26,Male,171.4,77.1,26.24,2228,57,7541,5.5,2.8,Low,4.48,5.3
51,Female,161.7,87.4,33.4,3253,88,5691,5.0,1.7,High,5.5,6.23
43,Female,159.8,80.7,31.61,3248,46,4085,6.7,4.0,Moderate,4.54,5.09
48,Male,169.3,94.3,32.9,2519,8,6110,7.2,2.9,Moderate,4.6,5.62
52,Male,170.2,60.3,20.82,1572,0,9667,6.1,2.8,High,4.14,4.46
65,Male,169.9,71.2,24.68,2244,90,3279,6.4,2.2,Moderate,5.04,5.55
56,Male,174.5,107.6,35.34,1883,59,4755,8.7,3.6,Moderate,7.37,7.78
47,Male,164.0,45.0,16.73,2344,50,9968,8.2,1.6,Moderate,6.29,7.12
60,Female,148.7,69.9,31.6,1831,57,5737,6.7,1.5,Low,5.44,5.9
40,Male,177.7,58.7,18.6,1701,49,9294,7.5,4.3,High,7.51,8.25
65,Female,162.0,74.5,28.37,1168,57,5149,5.0,1.8,High,7.18,8.07
54,Female,162.7,70.2,26.52,2383,34,9007,7.3,3.5,Moderate,5.89,6.32
49,Male,186.5,88.8,25.55,1150,74,5298,6.9,3.8,Moderate,7.39,7.43
61,Male,172.7,82.6,27.7,2139,30,1343,6.6,2.8,Moderate,5.1,5.63
42,Male,184.4,54.5,16.03,2647,19,11345,7.0,1.8,Moderate,4.25,4.58
52,Female,161.9,67.4,25.7,1938,0,5564,6.8,3.2,Moderate,3.5,3.87
31,Male,186.8,78.0,22.35,1757,38,7129,5.4,3.9,Low,4.89,4.89
64,Female,172.9,91.3,30.56,2266,80,5581,9.0,2.9,Moderate,5.46,5.49
47,Female,159.7,121.8,47.74,1885,32,9905,8.1,1.9,Moderate,6.01,6.89
55,Female,161.6,90.7,34.7,2392,6,9166,6.5,2.9,Low,3.05,3.32
40,Other,187.7,59.8,16.97,1783,52,9897,4.9,1.4,Moderate,6.45,7.46
59,Female,160.6,76.3,29.57,2247,26,6076,4.1,1.7,Moderate,4.45,4.8
21,Female,165.9,81.3,29.53,2126,88,7825,9.4,2.4,High,7.01,7.78
23,Female,166.5,68.7,24.76,2294,75,9459,6.8,2.7,High,6.57,7.08
42,Female,167.1,86.5,30.96,3117,9,13408,7.9,1.5,Moderate,4.32,5.15
53,Female,164.0,45.0,16.73,2399,40,9072,5.9,2.8,Moderate,3.84,4.35
56,Female,163.4,88.0,32.96,2552,23,4488,6.6,3.1,High,4.59,5.27
39,Male,169.9,69.4,24.06,1987,12,8937,6.7,2.4,Low,4.19,5.23
49,Female,158.0,76.0,30.47,2411,43,7422,7.3,0.8,Moderate,5.48,6.25
44,Female,164.3,104.4,38.68,2162,67,1004,7.1,2.7,Moderate,7.08,7.44
64,Female,176.2,55.3,17.81,2314,42,1541,5.9,4.2,Low,3.75,3.75
49,Male,170.6,82.9,28.49,2624,30,7767,5.9,3.0,High,4.94,5.5
38,Female,164.1,92.3,34.26,2049,0,8062,6.9,2.6,Low,3.77,4.52
64,Female,168.0,81.1,28.73,2100,26,6968,4.9,2.3,High,5.12,5.77
23,Other,176.7,48.9,15.68,2056,60,11094,6.0,3.1,Moderate,6.52,6.81
65,Male,160.9,102.3,39.51,2047,7,4726,6.8,2.8,Moderate,4.4,5.06
25,Female,168.6,74.2,26.09,2386,80,3148,7.5,3.2,Low,5.37,6.2
31,Female,172.4,68.5,23.05,2118,28,5110,8.8,1.6,Moderate,4.58,5.67
57,Female,156.6,72.4,29.53,3048,50,5865,6.4,2.7,High,4.62,5.14
53,Female,158.6,71.1,28.27,3639,33,7796,7.0,2.2,Moderate,4.39,5.85
64,Female,177.3,56.6,18.0,2016,12,5208,4.8,2.9,Low,4.11,5.22
53,Female,162.7,81.0,30.6,2447,57,1000,7.4,0.8,Moderate,5.09,5.75
48,Male,172.1,67.2,22.71,2819,28,1000,5.9,2.2,Moderate,3.72,4.41
34,Other,170.3,90.1,31.06,2167,21,8431,6.6,3.1,Moderate,5.0,6.09
18,Male,191.4,87.3,23.82,1802,0,4048,7.6,3.2,Moderate,4.55,4.82
23,Female,159.9,107.3,41.97,3169,81,1000,7.6,2.6,Low,4.61,4.93
32,Female,168.6,74.2,26.1,2643,45,10187,5.3,0.8,Low,5.18,5.33
19,Male,190.3,63.5,17.55,2459,75,13408,8.0,3.2,Moderate,6.64,7.16
42,Male,170.5,51.5,17.72,3025,62,7669,7.0,4.0,High,4.39,4.69
55,Male,174.2,117.5,38.7,2685,75,8939,8.5,1.8,High,7.14,7.61
64,Female,168.4,89.9,31.71,2276,29,8969,8.8,2.2,Moderate,5.34,5.92
41,Female,161.1,65.5,25.25,1811,6,1000,8.9,3.3,Moderate,3.95,4.07
60,Male,172.1,108.5,36.62,2053,66,11110,5.3,3.3,Moderate,8.03,9.11
65,Female,169.1,102.4,35.83,2902,48,12339,7.5,3.6,Moderate,6.83,7.84
59,Male,175.6,53.7,17.4,2641,31,14428,5.1,3.5,High,4.29,4.73
40,Female,158.9,64.4,25.54,2206,65,6468,8.6,1.2,Moderate,5.44,6.56
33,Male,173.4,75.6,25.15,3183,53,4027,8.7,2.2,Low,4.32,5.05
64,Male,173.0,58.7,19.62,2221,62,12754,8.2,3.2,Moderate,6.75,7.73
29,Male,182.5,76.3,22.89,2793,16,9746,6.5,2.5,Low,2.43,2.55
37,Female,162.9,90.8,34.24,2410,72,11061,7.7,2.9,Moderate,8.2,8.68
21,Male,174.3,53.3,17.53,3266,44,5735,6.3,2.5,High,3.76,4.58
56,Female,155.2,83.3,34.56,2676,75,8950,7.0,2.2,Moderate,7.45,8.0
49,Male,188.7,99.0,27.82,2323,72,4313,6.9,2.4,Low,4.81,5.35
22,Male,175.4,85.2,27.7,2210,64,7981,4.6,1.6,Moderate,4.97,5.53
28,Male,169.9,76.6,26.55,2292,41,6782,6.0,1.9,Low,4.35,5.08
44,Male,158.7,66.0,26.19,1937,64,16202,9.7,2.5,Moderate,6.87,7.51
43,Female,154.9,93.0,38.73,1616,76,9920,6.9,2.6,Low,7.61,8.76
56,Male,170.3,56.8,19.6,2454,61,1000,7.2,3.1,Moderate,4.6,4.85
30,Other,173.1,82.4,27.48,2033,50,7994,7.0,2.3,High,6.39,7.03
62,Male,169.6,78.5,27.29,2031,64,9288,6.5,4.1,Low,6.94,7.79
39,Male,176.8,98.3,31.43,2255,30,6341,7.0,3.7,Moderate,5.92,6.09
57,Male,169.5,67.5,23.51,2326,87,4140,6.5,2.1,Moderate,4.63,5.11
29,Male,166.7,69.0,24.85,2303,0,10311,4.3,2.8,Moderate,3.18,3.84
19,Female,149.4,55.6,24.94,3169,45,4635,7.9,3.7,High,4.34,5.47
20,Female,164.1,85.9,31.89,2631,33,10014,8.9,2.0,Moderate,4.92,5.57
35,Male,165.1,70.4,25.8,3353,27,4339,5.6,1.9,Low,2.75,3.62
63,Female,153.6,62.5,26.47,2080,53,6131,6.5,3.8,Moderate,5.7,6.58
20,Female,161.2,64.2,24.7,2691,13,11346,8.8,3.2,Moderate,4.97,4.97
35,Female,170.6,87.7,30.12,2108,105,9712,6.1,3.6,High,8.47,9.1
23,Other,169.3,58.1,20.29,2019,7,8109,7.5,2.9,High,5.02,5.47
62,Female,157.0,59.7,24.24,3372,18,7895,10.0,2.4,Moderate,2.86,3.99
50,Female,166.9,94.1,33.78,1915,15,8316,7.8,1.4,Moderate,5.51,6.35
54,Female,146.3,75.0,35.05,1184,50,5229,7.1,2.7,Moderate,7.71,8.62
52,Female,156.7,95.2,38.75,1946,73,2691,8.1,3.7,High,8.19,8.97
49,Female,156.2,71.5,29.31,1295,59,9992,7.9,3.7,Moderate,8.5,9.14
55,Male,167.7,78.0,27.72,1824,86,13355,6.2,3.6,Moderate,7.58,8.47
18,Female,160.6,80.8,31.34,1870,21,10114,4.9,3.3,Moderate,5.83,6.42
59,Other,171.9,103.0,34.86,2317,63,8889,7.7,4.6,Low,6.86,7.91
53,Male,174.9,101.5,33.18,1275,36,3770,7.9,1.2,Moderate,7.12,7.34
53,Female,162.2,98.8,37.56,2897,51,11070,6.6,2.8,Low,5.86,6.82
36,Female,165.8,66.7,24.26,1362,76,9684,9.0,1.8,High,7.86,8.33
56,Male,183.9,60.2,17.82,2236,0,10660,8.7,4.0,Moderate,3.72,4.56
36,Female,160.0,91.7,35.81,2137,100,11618,7.9,2.1,Low,8.05,8.1
20,Female,164.8,102.8,37.84,2712,40,13551,6.7,3.5,High,5.47,6.17
61,Other,182.8,98.9,29.6,2475,0,4098,4.5,2.2,High,3.48,4.03
29,Male,178.4,78.2,24.58,2893,25,3488,6.8,3.0,Low,2.44,3.02
22,Male,181.8,91.1,27.56,2119,47,8518,4.8,2.5,Low,6.36,6.36
47,Female,170.1,91.4,31.58,2067,25,4771,4.2,2.6,Moderate,4.75,5.36
29,Male,172.5,80.7,27.11,2506,0,4165,7.8,2.9,Moderate,3.74,4.39
59,Male,181.5,81.5,24.73,2814,47,12270,8.4,3.4,Low,5.28,5.28
39,Male,181.6,79.8,24.18,2712,24,4468,4.7,2.5,Moderate,3.45,3.65
18,Male,186.5,63.8,18.34,2460,63,7961,6.7,3.4,Moderate,4.6,5.25
63,Female,155.3,65.7,27.2,2416,15,2290,7.0,3.5,High,4.27,5.01
42,Female,177.3,65.4,20.79,2281,108,8220,6.6,2.2,High,5.46,6.04
30,Female,158.5,49.2,19.6,2504,59,12139,5.3,4.3,Low,5.46,6.08
50,Female,158.5,80.6,32.07,3317,50,12245,8.6,3.3,Moderate,5.7,6.3
43,Male,170.8,77.3,26.47,2178,62,11657,5.4,2.2,Moderate,6.88,7.29
19,Male,165.2,91.7,33.61,2117,0,7725,4.7,3.2,Moderate,4.06,4.59
54,Male,180.5,100.7,30.9,2079,31,11890,5.4,3.5,Low,4.36,4.47
37,Male,163.5,101.8,38.09,2494,94,9505,7.6,3.1,Moderate,7.09,7.49
51,Male,170.0,103.5,35.83,1239,36,6463,6.7,2.8,High,7.39,7.98
60,Male,170.3,64.4,22.19,2232,43,9335,6.1,0.8,Low,3.99,5.02
47,Male,183.6,52.2,15.49,2740,31,11099,7.6,1.7,Low,3.71,4.26
50,Male,169.1,94.8,33.12,2036,86,3352,7.4,3.2,Moderate,7.45,8.78
30,Female,171.2,102.9,35.12,2393,38,4288,4.2,1.7,High,5.36,6.64
29,Female,160.7,106.0,41.06,3354,9,7497,7.6,3.1,Moderate,4.27,4.89
37,Female,167.7,86.7,30.83,2465,117,3723,8.4,3.4,Low,6.31,6.77
58,Female,154.3,45.0,18.9,1180,6,3673,6.9,2.5,High,5.45,6.85
43,Female,167.4,84.6,30.19,1595,42,6527,6.7,1.0,Moderate,6.47,7.33
34,Male,160.4,88.0,34.19,2174,21,11471,9.3,1.9,Moderate,4.54,5.3
55,Female,153.7,100.5,42.55,1898,25,11406,6.1,3.2,Low,4.92,5.26
58,Male,173.8,103.7,34.33,2351,15,9123,6.8,3.7,Low,3.86,4.31
61,Male,176.3,94.4,30.37,2152,29,8630,7.4,0.8,Moderate,5.9,6.15
32,Male,168.1,67.4,23.86,2883,72,15306,7.1,2.7,High,7.07,8.19
52,Male,183.1,59.5,17.74,1754,0,6112,6.7,1.3,Moderate,3.44,4.21
46,Male,174.1,87.6,28.9,2196,80,8843,7.1,2.7,High,8.5,8.99
39,Female,169.3,63.7,22.23,2408,75,5938,8.9,2.5,Moderate,5.22,5.66
37,Female,157.4,104.6,42.18,2470,59,3494,8.0,4.7,Moderate,6.19,6.44
23,Female,163.6,47.3,17.68,2373,48,12147,6.9,2.1,Moderate,5.58,6.16
31,Female,163.5,88.2,32.99,1100,52,6931,6.0,3.5,Moderate,7.83,8.49
44,Female,166.6,83.8,30.16,2341,84,10431,6.1,3.5,Low,5.8,5.8
60,Male,165.7,74.3,27.06,2224,0,7138,8.1,2.4,High,4.7,4.96
59,Female,156.8,61.3,24.94,2732,65,12363,5.1,2.7,Low,5.31,5.68
27,Female,168.2,45.0,15.91,2661,24,4509,9.9,2.6,High,3.54,4.52
50,Male,175.5,68.4,22.23,2420,68,12073,7.0,1.9,High,6.76,7.16
22,Male,172.6,68.8,23.08,2456,27,11129,5.3,1.9,Low,4.03,4.03
50,Female,149.2,98.0,44.06,2976,64,1718,7.2,2.2,Low,5.07,5.29
34,Female,165.5,63.9,23.33,2875,1,6190,6.0,1.6,Moderate,2.84,4.04
39,Male,167.6,86.1,30.65,2437,0,11572,6.5,2.1,Moderate,3.3,3.77
52,Female,161.1,54.7,21.1,3372,41,13730,5.2,2.4,Moderate,2.98,3.21
38,Male,182.9,86.6,25.9,1985,85,10504,6.7,2.7,Low,6.93,6.94
56,Male,161.9,45.0,17.17,1707,60,6612,4.5,3.0,High,6.72,7.33
43,Male,176.8,115.7,37.03,2294,59,4610,6.3,2.4,Moderate,5.59,6.24
65,Male,185.0,75.5,22.04,2113,69,9983,6.0,1.9,Moderate,7.29,8.05
48,Female,172.3,45.0,15.16,1100,33,6508,6.4,3.0,High,5.94,7.5
32,Male,169.8,65.1,22.58,1973,62,6657,6.1,3.3,High,6.29,6.46
55,Female,153.4,62.2,26.47,2471,28,7215,7.0,2.2,Moderate,5.08,5.55
37,Male,166.1,66.2,23.99,2270,36,11086,8.1,1.7,High,5.33,6.03
43,Female,163.0,71.4,26.9,1911,39,14322,7.4,2.2,High,7.65,8.1
24,Female,154.1,66.1,27.83,2321,29,11594,8.6,2.4,High,5.8,5.8
23,Female,151.1,63.3,27.74,2361,43,8033,6.4,3.6,High,5.5,6.28
45,Female,166.4,57.1,20.63,2657,37,4852,7.4,3.2,Low,4.42,4.79
26,Female,166.8,92.8,33.36,1979,25,10336,7.4,2.6,High,6.2,6.42
65,Female,159.4,99.6,39.2,2736,41,13829,8.4,4.3,High,6.22,6.51
59,Female,164.1,73.4,27.28,1754,49,11512,6.1,2.6,Moderate,7.32,8.47
51,Female,163.3,77.7,29.12,2048,14,8727,7.9,3.9,Moderate,5.9,6.95
53,Male,174.7,57.7,18.9,3149,56,6288,6.0,3.7,Moderate,3.81,4.03
46,Male,182.2,79.3,23.89,1788,31,9208,6.3,3.6,Moderate,4.28,4.28
20,Male,177.2,82.1,26.16,1970,50,12041,6.6,2.9,Low,6.27,7.18
36,Male,170.9,74.1,25.34,1673,26,8813,7.5,2.7,Moderate,5.44,6.76
41,Male,158.6,85.1,33.84,1886,74,7637,5.7,2.6,Moderate,7.5,8.92
61,Male,187.0,83.6,23.89,2369,71,5594,5.9,3.4,Moderate,5.52,5.62
28,Female,162.3,59.0,22.42,2653,15,17062,6.2,1.9,High,3.42,4.49
41,Male,185.1,99.5,29.05,2290,59,4881,7.1,2.4,Low,5.1,5.7
34,Female,162.6,74.3,28.1,2137,85,4558,5.9,4.1,High,6.49,6.49
24,Male,166.2,108.2,39.16,1678,18,8574,7.3,3.2,Moderate,6.3,6.6
22,Female,169.9,85.6,29.65,1936,20,7293,6.6,3.5,High,5.24,5.56
35,Male,191.1,113.5,31.09,1526,65,11581,7.8,1.5,Low,8.1,8.87
21,Male,186.3,99.2,28.57,2668,8,11699,7.1,2.2,Low,3.61,3.74
21,Male,169.9,82.1,28.44,2703,23,3749,9.1,2.9,Moderate,4.22,5.15
34,Female,159.7,65.0,25.48,2279,16,5355,7.1,2.6,Moderate,4.37,5.14
27,Male,174.8,65.4,21.39,2520,65,4936,5.5,1.5,Moderate,5.23,6.19
44,Female,163.5,87.6,32.75,2738,25,10745,6.7,3.3,Moderate,5.06,5.43
18,Male,183.6,80.6,23.9,2350,37,9499,7.0,3.6,Moderate,6.17,6.91
32,Female,166.9,67.4,24.2,2996,24,6699,5.9,2.3,High,4.12,4.36
39,Male,160.5,93.0,36.12,1788,77,8757,8.8,3.3,Low,8.02,8.86
64,Female,161.8,78.7,30.06,2125,20,4058,6.6,4.4,Low,4.74,5.26
48,Male,172.6,93.1,31.26,2066,5,5401,6.2,4.0,High,4.7,5.25
60,Male,174.3,60.4,19.9,2623,4,3449,7.2,2.4,Moderate,3.52,4.11
34,Male,176.0,96.0,30.99,1582,64,8509,5.9,1.6,Moderate,7.99,7.99
39,Male,183.6,87.0,25.82,3023,66,8495,8.2,2.8,Moderate,5.5,6.51
38,Male,181.8,99.6,30.11,2580,79,4554,7.9,4.7,Low,5.67,6.3
60,Other,168.0,95.6,33.87,3175,9,9474,7.2,3.8,Moderate,4.57,5.58
64,Male,173.5,76.5,25.39,2279,38,11699,7.7,2.6,Low,4.93,5.92
64,Male,170.4,75.0,25.83,2024,112,4393,6.4,4.0,Low,6.15,6.47
54,Female,160.9,110.1,42.54,2628,36,6857,5.2,3.7,Low,3.9,4.4
42,Male,173.1,72.8,24.28,2815,29,9797,6.6,0.9,Low,3.42,3.47
43,Male,188.8,91.5,25.67,1942,44,7977,6.4,3.6,High,6.29,7.32
65,Female,166.5,71.1,25.66,1301,59,3197,4.6,2.7,High,6.73,7.44
31,Female,170.2,45.0,15.54,1386,59,6457,5.7,1.8,Low,5.63,6.3
34,Female,159.7,55.9,21.93,2430,27,6341,5.5,2.7,Moderate,4.19,4.7
61,Male,176.3,85.3,27.45,3070,28,7403,5.7,3.0,Moderate,4.07,4.33
36,Other,166.3,90.6,32.77,1649,36,7552,8.6,1.9,Low,6.64,7.69
29,Male,162.6,85.4,32.29,2163,24,13481,7.6,2.5,Low,5.7,7.0
44,Other,163.0,98.6,37.13,2125,10,7270,8.2,2.3,Moderate,5.86,6.92
33,Female,162.1,85.0,32.38,3260,95,1986,7.6,3.3,Low,4.83,5.38
60,Female,170.4,64.0,22.05,3429,33,8318,8.3,2.3,High,4.55,5.28
61,Male,170.0,88.7,30.69,2512,35,14117,7.0,1.1,High,5.66,6.64
32,Male,190.8,81.1,22.26,2749,36,7415,8.8,2.2,Moderate,3.5,4.13
43,Female,160.5,67.6,26.26,2735,42,6466,5.5,1.7,High,4.36,5.64
65,Female,166.0,86.5,31.39,1659,57,6932,6.9,1.4,Low,5.96,6.99
53,Female,158.7,79.4,31.55,2649,31,10044,5.8,3.7,Moderate,4.68,6.25
28,Female,158.3,67.1,26.79,1790,76,6917,8.5,3.3,Low,7.55,8.22
46,Female,152.6,74.8,32.13,2214,61,2695,7.5,1.7,Moderate,5.89,5.89
47,Male,168.3,103.4,36.52,2869,39,5648,8.4,1.5,Moderate,4.98,5.61
49,Male,176.4,102.9,33.05,2340,26,7773,5.3,2.5,Low,4.45,4.91
19,Male,189.4,81.4,22.68,2851,75,9874,6.3,1.4,Moderate,4.88,5.54
32,Male,167.9,79.0,28.03,2949,40,5960,4.9,2.4,Low,3.71,4.93
59,Male,170.1,52.2,18.05,1421,10,6963,7.4,2.7,Low,5.09,5.5
29,Female,157.9,108.9,43.7,1211,73,8157,6.5,2.9,High,8.5,8.81
32,Female,171.9,96.7,32.69,2881,24,5279,7.9,2.9,Low,4.85,5.22
33,Female,171.8,91.5,31.0,2901,69,7678,7.0,1.9,Low,5.18,6.53
26,Male,167.2,45.0,16.09,2428,0,9635,4.4,2.7,Low,2.34,2.78
25,Female,151.5,78.7,34.3,2496,34,3847,5.0,3.8,Moderate,4.83,5.52
34,Female,178.0,75.7,23.89,2746,77,9072,7.1,0.8,High,6.69,7.93
59,Female,164.7,90.3,33.28,2737,45,4183,7.6,2.9,High,5.81,6.65
18,Female,159.7,69.9,27.39,2147,61,4253,4.3,1.5,Moderate,5.86,5.86
31,Female,168.7,73.8,25.94,2777,19,5680,6.9,3.9,Moderate,3.62,4.05
20,Female,166.9,89.1,32.0,2126,54,12778,5.8,3.3,High,8.03,8.4
44,Male,188.9,64.1,17.96,2421,45,1996,5.7,3.3,Moderate,4.27,4.27
30,Female,157.4,67.7,27.33,2400,51,6376,6.2,1.8,High,5.02,5.46
56,Male,182.6,81.5,24.43,1870,102,7907,7.1,2.8,Low,7.41,7.41
46,Male,174.2,102.1,33.63,1928,81,12085,6.2,2.9,Moderate,8.02,8.73
55,Male,174.7,92.6,30.33,3417,67,14817,4.6,0.8,Low,4.17,4.78
48,Female,161.8,97.4,37.17,1854,67,6522,7.1,2.7,Moderate,7.81,8.17
39,Female,164.0,79.1,29.44,2484,19,9887,6.6,3.2,High,4.7,4.7
59,Female,161.0,104.9,40.49,2589,31,7669,5.9,1.3,Moderate,4.48,5.57
40,Male,174.6,46.7,15.3,2272,2,7646,6.6,3.1,High,3.75,4.15
63,Male,175.7,114.4,37.08,2635,9,8956,6.6,2.7,Low,3.93,4.92
65,Female,167.5,116.7,41.59,2464,20,2450,7.1,3.8,Moderate,5.21,5.77
46,Male,166.8,86.2,31.0,1864,44,7832,6.7,2.2,High,6.98,8.09
50,Female,158.1,93.0,37.2,2568,10,9577,7.2,2.8,Low,3.99,4.8
30,Male,187.9,77.3,21.89,2027,43,4990,6.9,2.9,Low,4.67,5.31
57,Female,165.0,74.2,27.26,3170,40,9600,8.0,0.8,Moderate,4.51,4.81
50,Female,162.1,67.0,25.51,2514,13,1950,8.9,2.3,Moderate,3.4,4.46
61,Female,151.3,77.1,33.68,1949,87,8327,7.0,2.7,Moderate,6.94,7.46
30,Male,173.0,88.0,29.39,2471,7,12697,6.3,0.8,Low,3.73,4.04
55,Female,156.5,85.6,34.92,1837,76,7234,5.3,3.2,Moderate,6.76,7.3
40,Female,147.0,113.8,52.62,2428,0,4576,7.8,2.7,Moderate,4.04,4.62
26,Female,171.9,79.8,27.02,2187,41,3012,5.9,2.7,Moderate,5.58,6.48
26,Female,164.6,51.2,18.9,1886,11,9366,9.8,3.2,Low,3.14,3.14
44,Male,173.9,107.6,35.59,1880,26,11248,10.0,2.2,Low,5.28,6.72
33,Female,146.7,56.0,26.04,3517,95,7803,6.7,2.6,Moderate,4.27,5.03
22,Male,176.3,67.9,21.85,2345,35,6377,5.0,3.4,Moderate,4.44,5.03
38,Male,173.2,82.9,27.62,2084,14,1241,7.8,2.6,Low,4.27,5.02
49,Female,175.8,85.5,27.67,1997,58,8434,9.5,0.9,High,6.72,6.79
33,Female,157.1,52.0,21.06,2535,35,5587,5.4,2.6,High,4.39,5.03
63,Male,183.6,64.6,19.15,1980,49,5788,9.3,2.7,Low,5.47,6.29
55,Male,142.9,51.3,25.15,1752,19,13657,4.8,3.4,Moderate,4.56,5.06
42,Male,177.5,89.2,28.3,2283,20,1694,5.3,2.3,Moderate,4.29,5.07
62,Male,175.7,99.3,32.17,2280,22,2162,7.4,1.7,Moderate,5.28,6.15
38,Female,159.6,56.0,21.99,2091,67,8809,8.2,1.7,Moderate,7.5,7.85
24,Male,178.9,95.9,29.98,1854,38,6651,6.9,3.9,Moderate,6.81,7.84
19,Female,171.9,94.8,32.06,2104,15,6184,7.5,2.9,Moderate,5.15,5.73
63,Male,179.4,66.1,20.54,2065,49,8954,8.3,3.9,Low,6.34,7.61
64,Male,171.9,45.0,15.24,1995,47,8895,8.5,4.0,Moderate,7.23,8.29
53,Female,157.2,58.7,23.76,2438,61,4592,6.3,1.9,Moderate,4.05,4.79
22,Male,180.2,67.3,20.71,3413,31,5929,6.0,1.9,Low,3.14,3.46
32,Male,178.3,105.8,33.25,2965,42,8173,8.3,2.5,Moderate,5.52,6.08
19,Female,165.0,75.9,27.85,3270,56,8584,7.5,3.2,Low,5.46,6.42
20,Female,162.9,59.9,22.56,2016,16,9691,7.7,1.3,Moderate,5.24,5.65
29,Female,158.5,80.7,32.12,3137,69,5958,6.2,3.0,Low,4.63,5.39
45,Male,173.1,54.7,18.25,2413,45,9214,7.8,3.0,Moderate,5.86,6.65
21,Female,158.9,87.3,34.56,2793,14,11326,5.7,1.6,Moderate,3.95,4.52
65,Other,175.4,60.4,19.63,2528,13,8164,7.3,1.6,Moderate,4.31,4.62
39,Female,160.6,63.0,24.44,2128,42,7640,7.1,3.0,Moderate,6.19,7.35
30,Male,182.8,84.8,25.37,2659,29,7175,7.1,4.5,Moderate,4.73,5.5
42,Male,169.0,109.5,38.34,2542,66,5839,7.9,2.3,High,6.2,6.69
55,Male,192.6,117.6,31.68,1415,36,4717,5.8,2.9,Moderate,6.89,7.21
33,Male,157.2,59.3,23.99,2237,53,6956,7.8,2.1,Moderate,5.86,6.78
20,Female,153.9,67.3,28.38,2736,21,9577,7.0,2.8,High,4.86,5.44
20,Male,168.4,87.3,30.77,2438,44,4887,6.1,2.0,Moderate,4.86,5.8
58,Male,189.1,99.0,27.71,2534,81,7736,5.4,2.4,Moderate,5.23,5.5
23,Male,176.0,45.0,14.52,1924,40,7329,9.3,4.8,Moderate,5.31,6.02
48,Female,165.1,79.6,29.2,2428,29,14222,6.9,2.7,Low,4.46,4.89
36,Male,171.9,69.2,23.44,2251,20,10529,6.6,1.2,Low,3.66,4.87
55,Male,168.3,45.0,15.89,2198,44,10472,5.6,3.2,Moderate,5.12,5.85
20,Male,171.6,53.9,18.32,1960,84,11220,8.3,3.6,Moderate,7.75,8.0
61,Female,165.0,67.8,24.9,2757,6,6090,8.2,3.2,Moderate,4.28,5.2
51,Male,168.0,79.1,28.01,2472,43,12818,8.0,2.4,Low,5.41,6.44
39,Female,173.8,96.1,31.83,2422,0,8557,6.9,1.8,High,4.12,4.6
27,Male,177.1,84.4,26.89,3325,33,7843,7.9,1.8,Moderate,4.84,5.16
64,Male,166.0,95.1,34.48,2536,52,3748,6.0,2.4,Moderate,5.35,5.35
32,Male,160.7,78.5,30.38,2900,0,6594,7.3,2.3,Low,3.55,4.53
41,Male,176.5,65.3,20.97,2436,32,1819,6.9,2.1,Moderate,3.6,3.6
36,Male,178.3,74.7,23.51,2123,53,7131,7.3,3.7,Low,6.39,6.97
29,Female,164.5,90.5,33.47,1770,48,5982,4.8,3.4,Moderate,6.44,6.44
37,Female,163.2,96.6,36.28,2420,54,6605,9.2,3.7,High,6.04,7.27
25,Male,186.6,75.3,21.64,1100,17,3149,8.9,1.9,Moderate,4.33,5.39
18,Male,182.0,61.3,18.5,2436,53,10462,5.6,1.8,High,5.6,6.3
31,Female,170.1,84.0,29.04,2457,28,10073,7.7,2.7,Moderate,4.93,5.89
23,Male,198.8,86.6,21.91,2191,64,13914,5.2,3.0,Low,6.17,6.73
37,Male,159.9,100.2,39.17,2253,0,13815,7.1,2.7,High,4.59,4.9
59,Male,156.4,65.8,26.88,1674,36,8546,4.4,2.9,High,6.66,6.68
25,Male,173.9,66.0,21.81,2992,47,11581,6.6,4.0,Moderate,5.13,6.01
18,Male,178.0,91.6,28.9,2131,82,8914,6.4,2.4,Low,6.71,6.96
23,Other,173.4,70.7,23.5,1813,47,6504,8.4,3.3,Moderate,6.62,8.11
42,Other,179.6,69.9,21.67,2572,50,7026,9.0,3.1,Low,3.96,4.17
31,Other,171.8,100.6,34.06,2355,55,10236,9.0,2.7,High,6.75,7.71
41,Male,168.4,53.3,18.79,2120,80,22307,8.4,3.3,Moderate,8.2,9.25
19,Male,169.7,115.0,39.96,2067,34,12084,7.1,1.9,Low,5.37,5.5
33,Male,172.4,67.0,22.53,2297,5,8862,7.5,1.7,Low,3.99,4.44
37,Male,180.7,93.6,28.65,2972,0,9693,7.5,3.0,Low,3.33,3.85
38,Male,170.1,76.0,26.28,2534,63,9662,5.6,1.1,High,5.61,7.43
44,Male,171.7,82.9,28.12,2282,51,7683,8.4,3.1,Low,5.43,5.94
55,Male,178.6,73.3,22.98,2726,37,10647,7.8,1.6,Moderate,4.7,4.91
40,Male,172.4,93.4,31.43,2313,28,7455,7.9,4.0,Moderate,5.63,6.4
58,Male,182.9,71.7,21.44,2500,50,4459,4.3,2.2,Moderate,4.85,5.08
43,Female,158.9,67.7,26.82,2375,50,9685,7.5,3.9,Moderate,7.14,7.72
30,Male,164.9,110.6,40.68,2594,58,10153,8.2,2.4,Low,6.07,6.51
28,Female,153.2,78.5,33.45,2077,13,7489,7.0,2.4,Low,4.56,5.34
33,Male,177.2,65.8,20.96,1730,0,9084,6.4,3.4,Low,3.52,3.92
46,Female,151.6,51.2,22.27,2753,19,11363,5.4,2.9,High,4.15,4.51
29,Male,184.7,111.6,32.69,3052,7,7818,5.3,2.5,Moderate,3.21,4.19
61,Female,164.9,68.1,25.02,1754,5,6435,7.2,2.2,Low,4.29,4.99
41,Male,169.0,115.1,40.32,2389,88,5517,6.7,2.2,Moderate,5.87,6.48
59,Male,185.9,85.2,24.65,2075,0,7111,6.7,4.7,Low,3.41,3.41
50,Female,167.3,80.6,28.78,2741,58,13372,8.8,1.1,Moderate,5.56,6.38
34,Male,182.6,81.1,24.31,2423,70,7305,5.5,1.5,Low,4.8,5.24
28,Male,167.1,117.9,42.2,3963,72,9258,6.6,3.7,High,5.77,6.47
53,Female,166.9,45.0,16.16,2149,52,6864,9.0,3.6,Moderate,6.04,6.04
33,Male,166.3,81.9,29.6,3068,81,6564,6.6,1.8,Moderate,5.17,5.87
29,Female,166.8,73.2,26.32,3117,94,4922,7.1,1.0,Low,4.63,5.29
62,Female,150.3,74.2,32.84,2566,36,8350,6.8,3.7,Low,4.06,4.58
41,Male,172.3,80.7,27.18,2318,57,6190,7.8,1.7,Low,5.1,5.39
20,Male,188.6,73.2,20.57,2347,80,12457,4.5,2.2,High,6.26,7.27
41,Male,173.1,81.4,27.15,2305,20,7623,6.8,2.7,High,4.69,5.03
40,Female,153.9,77.6,32.75,2866,38,7844,7.1,1.6,Low,4.54,5.46
59,Male,170.9,54.4,18.61,1863,27,7369,5.8,3.4,High,4.76,5.73
52,Male,185.9,84.9,24.55,2219,57,9298,7.4,2.6,Moderate,6.94,7.25
27,Male,161.0,90.9,35.07,2158,0,13218,7.9,1.8,High,5.61,6.47
25,Female,151.5,68.2,29.75,1436,85,4360,7.5,1.9,High,8.5,8.95
46,Female,165.7,111.6,40.66,2729,59,8972,9.1,3.8,High,6.58,7.4
20,Female,148.1,102.0,46.55,2831,61,2509,6.5,2.3,Moderate,4.67,4.94
33,Female,154.7,93.2,38.92,1982,0,12281,7.6,3.2,Moderate,4.99,5.55
24,Female,158.0,93.0,37.26,2815,15,7621,7.6,2.6,Moderate,5.25,5.88
18,Female,167.6,78.5,27.96,1508,86,2767,6.7,1.0,Low,6.76,7.35
62,Female,171.1,98.5,33.67,2311,40,3534,8.4,3.3,Moderate,5.74,6.48
22,Female,169.7,106.3,36.89,2236,0,10848,7.3,3.6,High,5.53,5.84
18,Male,180.4,92.5,28.42,2343,51,2173,5.6,4.3,Low,4.58,4.99
62,Female,145.0,67.7,32.21,2341,64,8974,7.9,0.9,Moderate,6.76,7.61
27,Female,164.7,77.3,28.48,2261,59,6500,6.4,0.8,Low,4.57,5.03
57,Male,179.7,88.3,27.34,2106,40,7318,6.6,3.2,Moderate,6.42,6.84
19,Male,165.0,93.1,34.2,2245,76,5641,6.7,2.1,Low,5.43,5.74
25,Male,177.7,76.6,24.27,2981,25,4665,7.9,1.3,High,4.35,4.78
23,Female,153.7,67.8,28.71,2010,60,6293,8.3,2.7,High,7.7,7.94
51,Male,171.8,106.5,36.09,3427,48,10001,6.8,2.2,Low,4.75,5.6
47,Female,175.5,58.7,19.05,1982,41,6975,6.7,1.5,Low,4.76,5.2
40,Male,174.8,61.1,19.98,2420,34,9474,4.5,2.5,Low,3.47,3.69
29,Female,154.0,54.1,22.83,2585,35,7152,6.1,3.1,Low,3.35,3.88
22,Male,163.3,61.0,22.87,2154,45,10139,5.9,2.8,Moderate,5.98,6.09
45,Female,159.0,100.5,39.74,2991,36,9452,7.4,2.8,Low,4.44,4.74
29,Female,153.7,101.1,42.76,2572,65,6107,6.9,3.0,Moderate,5.24,6.32
46,Male,176.6,76.7,24.59,2197,29,4662,5.9,1.1,Low,4.28,4.5
50,Male,178.8,86.9,27.19,2985,88,11344,7.2,2.6,Low,6.25,6.8
58,Male,173.1,77.8,25.96,1792,28,5153,6.9,2.8,High,5.55,6.93
41,Male,181.1,56.5,17.23,2017,70,9752,4.0,2.3,High,6.6,7.29
18,Female,176.3,117.9,37.93,2581,71,8108,8.3,1.9,Low,5.61,6.03
31,Female,161.8,102.7,39.23,2700,49,6379,8.2,1.9,Moderate,5.0,5.0
58,Female,171.8,84.4,28.59,2461,47,9503,6.7,2.3,Low,5.62,6.28
43,Female,168.3,62.6,22.11,2236,24,12787,7.4,3.4,High,5.86,6.19
47,Male,176.3,74.0,23.8,2174,30,10189,6.6,4.0,High,5.21,6.01
39,Female,158.4,65.5,26.12,2865,51,8452,5.1,3.8,Moderate,4.76,5.13
25,Female,172.1,79.8,26.92,2420,43,13675,9.6,1.2,Moderate,5.09,5.79
61,Male,175.4,83.6,27.17,1863,78,2140,7.9,1.8,High,7.43,8.54
55,Female,148.9,71.9,32.43,1835,32,4107,8.1,3.2,Low,5.68,6.51
65,Male,178.1,51.8,16.34,3056,33,6374,6.7,3.8,Moderate,3.12,3.26
59,Female,161.2,116.4,44.81,1940,0,12967,8.4,1.7,Low,4.31,4.94
31,Other,169.1,82.3,28.79,2436,63,11299,5.4,2.8,Low,5.38,6.31
30,Female,163.8,86.2,32.12,2975,60,1992,6.7,1.6,Moderate,4.1,4.17
29,Male,175.6,70.4,22.82,2571,72,6472,7.9,2.8,Low,4.71,5.9
62,Female,158.7,49.9,19.8,1921,73,3366,6.2,2.0,Low,4.7,5.35
44,Male,185.3,76.5,22.27,1792,67,7858,8.1,2.8,Low,6.75,7.55
39,Female,158.5,72.2,28.73,3234,68,11156,7.4,1.5,High,6.42,6.9
64,Male,178.6,90.8,28.44,1779,62,11414,7.3,1.1,Low,8.0,8.61
46,Female,154.9,94.3,39.31,2023,66,8938,6.1,5.4,Moderate,8.09,8.38
61,Female,173.0,91.8,30.66,2486,0,6512,7.5,2.7,Low,3.85,5.0
65,Male,175.7,95.8,31.05,2190,14,7666,9.3,4.5,High,5.56,6.79
21,Male,182.8,110.5,33.07,2586,9,10391,7.2,4.0,Low,4.62,5.97
35,Female,160.9,85.0,32.85,1566,80,16215,7.7,1.1,Moderate,8.5,8.5
53,Male,146.4,97.8,45.6,2194,23,3852,7.8,2.9,Moderate,5.43,6.14
57,Male,181.0,86.9,26.53,2638,27,13560,5.6,1.4,Moderate,4.21,4.96
25,Male,181.5,45.0,13.67,2640,45,8854,6.8,2.3,High,5.34,5.69
33,Male,171.6,75.2,25.55,2013,10,10870,6.8,0.9,Low,4.43,5.16
44,Female,167.0,62.4,22.36,1789,55,8648,4.5,1.2,Low,6.14,6.24
56,Female,153.3,82.2,34.95,2406,0,12914,7.9,1.8,Moderate,4.82,5.94
23,Male,168.5,63.8,22.45,1643,12,9153,5.9,2.1,Moderate,4.19,4.25
46,Male,184.2,88.9,26.21,2942,50,5729,7.8,2.6,High,5.35,6.04
32,Male,163.9,95.7,35.63,2378,10,9575,6.1,1.7,Low,3.82,4.7
28,Male,173.5,99.7,33.09,1951,81,11943,9.5,2.7,High,7.97,8.36
42,Female,171.1,107.1,36.6,1772,46,8000,6.7,3.6,Low,6.0,7.08
37,Male,167.4,47.8,17.07,1983,76,1000,9.3,2.8,Low,5.3,5.3
48,Female,156.0,56.4,23.19,1519,55,7597,6.8,2.5,Moderate,6.29,6.88
33,Female,176.8,130.7,41.83,2547,44,8343,6.9,2.9,Moderate,4.76,4.77
57,Female,151.3,96.2,42.0,1898,17,7842,8.9,1.3,Low,4.84,5.16
21,Female,152.0,82.0,35.5,2499,71,6265,5.9,3.5,High,5.9,6.33
59,Male,160.4,78.6,30.53,2568,57,12630,7.1,1.5,Low,6.3,6.7
19,Male,163.3,77.0,28.86,2782,103,1000,7.6,4.0,High,6.52,7.56
53,Male,175.3,45.0,14.64,2425,68,8328,7.5,3.3,Low,5.48,5.67
34,Female,169.0,64.1,22.44,2862,33,8377,7.1,3.1,Low,3.34,3.4
36,Female,148.0,76.0,34.68,2993,53,15331,6.9,3.1,High,6.11,6.56
18,Male,189.2,65.1,18.18,2429,56,7949,8.0,2.6,Low,4.21,4.85
51,Male,174.8,67.5,22.07,2459,77,9559,7.2,1.9,Moderate,7.34,8.11
25,Male,178.3,124.1,39.01,2021,82,8437,8.2,1.8,High,7.91,8.92
49,Female,151.2,73.5,32.15,1806,40,8330,7.5,4.2,Low,7.16,7.16
52,Female,153.1,83.0,35.43,2941,10,14170,7.8,2.7,Moderate,4.46,5.65
58,Female,165.6,82.4,30.04,2602,0,4109,8.4,1.6,Moderate,3.71,4.02
51,Female,169.4,88.6,30.87,2643,13,5664,6.6,3.1,Low,4.0,4.51
32,Male,169.2,69.4,24.26,2004,28,10639,8.3,2.9,Low,5.24,5.85
53,Female,166.0,100.4,36.46,3111,87,8898,6.8,2.3,Low,5.92,5.92
57,Female,165.8,86.0,31.29,2185,87,7008,5.3,1.8,Moderate,6.31,6.76
33,Male,180.4,54.8,16.85,1899,71,7753,6.6,3.3,Moderate,6.04,6.98
23,Female,154.3,76.1,31.93,2013,79,11198,6.1,3.5,Moderate,8.03,8.85
60,Male,167.1,74.9,26.83,3085,25,9697,7.5,2.9,Moderate,4.68,5.11
25,Female,166.3,74.1,26.79,1744,2,5504,6.7,2.7,Moderate,4.5,5.17
46,Female,168.3,87.2,30.79,1924,16,8832,7.2,1.9,High,5.7,6.46
29,Female,164.2,89.4,33.17,3749,0,7825,8.2,3.0,Moderate,2.64,3.15
24,Female,153.8,87.3,36.9,2770,13,9646,8.8,2.0,High,5.31,6.08
55,Male,178.1,84.1,26.52,1933,30,6876,7.4,1.5,Moderate,5.14,5.46
24,Female,162.0,79.5,30.31,1759,49,3770,8.3,3.6,High,7.35,7.62
50,Female,158.6,45.0,17.89,1463,48,10353,6.8,1.7,High,7.47,7.96
51,Female,159.9,92.0,35.97,2348,25,9920,5.1,0.9,Moderate,4.51,4.51
20,Female,157.2,86.8,35.14,2664,60,12953,5.6,3.8,Moderate,6.33,7.17
26,Male,178.0,60.3,19.03,3059,26,3393,6.8,1.0,Low,2.46,3.09
56,Female,152.1,83.1,35.91,1353,45,7753,8.0,2.2,Moderate,7.47,7.99
42,Female,155.0,89.7,37.3,1637,13,7193,6.8,1.6,Moderate,5.02,5.9
23,Male,179.3,99.1,30.81,2240,75,6613,8.4,1.9,Moderate,6.75,7.49
65,Female,173.3,87.2,29.03,3693,45,2606,9.2,4.6,Low,3.18,4.15
30,Female,169.4,83.8,29.21,2742,64,4268,5.9,2.5,High,5.27,6.42
18,Female,150.5,95.0,41.95,2486,10,8946,9.5,2.9,Low,3.92,4.63
62,Female,171.5,72.5,24.66,1687,49,6250,5.0,3.3,High,6.39,6.74
18,Male,185.6,85.4,24.79,1240,61,5107,9.2,2.0,High,7.0,7.86
44,Other,173.0,66.8,22.33,2319,0,13006,7.0,3.6,Low,2.04,2.39
65,Male,177.1,98.0,31.24,2250,77,16308,6.7,2.9,Moderate,6.66,6.99
45,Female,161.5,49.0,18.8,2166,10,7802,7.0,3.3,Moderate,3.73,4.23
46,Male,164.8,92.7,34.13,2109,50,2742,6.0,1.9,High,6.62,7.62
36,Female,173.1,78.3,26.13,1925,95,9387,8.8,3.0,High,7.87,8.73
24,Female,155.9,95.4,39.24,1811,71,1000,6.2,2.6,Moderate,6.79,7.7
45,Female,174.3,64.0,21.06,2994,3,3274,6.3,3.6,High,2.93,3.57
61,Female,146.4,79.6,37.15,1856,40,9447,5.3,2.1,Low,5.95,6.74
22,Male,162.5,79.1,29.95,2161,79,3156,6.1,4.4,Low,6.01,6.82
60,Female,159.1,85.8,33.91,2280,22,6963,6.2,2.9,Moderate,5.11,5.47
37,Female,170.1,59.1,20.45,2653,34,2807,6.1,2.5,High,4.51,5.32
43,Male,183.5,89.5,26.58,1874,34,8196,6.8,2.4,Low,4.38,4.98
25,Female,168.7,45.0,15.82,2789,60,11931,5.7,2.6,Moderate,5.75,6.21
47,Female,152.5,66.0,28.35,2010,1,5855,8.9,2.0,Low,3.31,3.79
26,Female,168.0,49.9,17.66,2219,62,7932,6.8,3.2,Low,4.36,4.77
31,Female,165.6,92.9,33.89,3121,27,5144,7.4,2.6,High,4.91,5.42
52,Male,174.1,85.2,28.12,1815,44,5389,8.0,4.3,Moderate,7.56,8.16
20,Female,147.5,86.2,39.61,2660,38,5090,9.4,2.2,Moderate,4.33,5.17
39,Male,167.1,104.5,37.43,2802,61,10750,8.1,2.5,Moderate,6.88,8.01
46,Male,170.3,72.3,24.94,2454,44,3052,6.7,2.2,Moderate,3.7,4.5
24,Male,172.6,89.0,29.87,2241,85,6838,5.7,4.3,Low,5.7,6.34
32,Male,180.4,79.2,24.32,3362,72,9434,7.4,1.3,Moderate,5.44,5.44
34,Male,178.1,76.4,24.1,2293,22,11184,8.3,2.7,High,5.39,6.83
49,Female,161.4,101.5,38.96,2402,83,9542,7.2,2.9,Low,6.67,7.02
64,Male,179.4,115.5,35.88,2131,53,7745,7.1,1.6,Low,6.41,6.77
58,Male,177.4,70.2,22.32,2375,49,6008,7.3,5.0,Moderate,5.39,6.43
27,Male,171.6,93.0,31.6,2782,68,11238,4.8,1.8,Moderate,5.51,5.73
18,Female,159.7,83.7,32.86,2162,15,4964,7.2,2.6,Low,4.71,5.44
20,Male,169.4,84.0,29.24,1245,6,5017,7.9,4.1,Moderate,6.38,6.82
46,Male,168.4,82.4,29.07,2556,45,12733,6.9,2.3,High,6.07,6.58
25,Female,154.1,72.0,30.32,1760,28,9260,8.3,2.7,Low,5.47,6.09
29,Male,165.9,45.0,16.34,2670,103,9384,8.4,2.3,Low,5.97,6.16
58,Female,152.7,105.6,45.31,2299,23,10094,6.4,2.6,Moderate,5.09,5.65
59,Male,176.9,65.5,20.92,2771,46,7668,7.5,3.6,Moderate,5.02,5.98
58,Male,171.0,73.7,25.19,1825,50,2968,7.1,2.2,Low,6.23,6.8
30,Male,177.2,74.0,23.58,2032,79,8879,4.6,0.8,Moderate,7.33,9.16
47,Female,173.5,63.9,21.22,2129,17,7936,6.8,2.6,Moderate,4.18,4.81
47,Male,176.3,82.3,26.5,1558,0,4993,5.8,2.7,Moderate,4.1,4.28
26,Female,163.5,77.2,28.9,2855,84,4188,7.2,2.8,Moderate,5.9,6.32
44,Male,173.0,65.1,21.74,1487,47,7837,7.8,2.4,Low,6.18,6.18
43,Female,157.8,80.7,32.39,2848,67,3247,6.7,1.8,Low,4.15,5.13
37,Male,170.7,77.4,26.57,2512,68,7498,5.9,2.4,High,4.91,6.07
54,Male,184.2,94.7,27.9,2200,73,7075,7.3,4.2,Moderate,6.97,7.87
50,Male,176.1,53.9,17.38,2472,34,7582,9.9,2.6,Moderate,4.78,5.09
43,Female,163.4,63.5,23.77,2458,26,9409,4.4,3.2,Moderate,4.25,4.55
52,Male,192.9,91.1,24.46,2099,0,10176,7.3,1.7,Moderate,4.41,5.27
54,Other,164.0,66.5,24.73,2449,17,5509,6.3,2.3,High,4.59,5.01
45,Female,157.4,61.7,24.92,2665,46,11044,6.5,1.7,Moderate,5.37,5.67
30,Other,165.7,67.4,24.54,1827,25,7232,6.9,3.8,Low,4.93,5.19
54,Male,165.7,76.2,27.74,2473,13,14136,6.6,1.2,Low,3.2,4.46
52,Female,154.3,76.3,32.02,1100,46,5951,7.7,2.9,Low,7.48,7.92
65,Female,167.2,74.2,26.56,1335,82,2360,6.7,2.9,Low,5.86,6.75
25,Female,143.0,59.5,29.1,2582,43,10917,4.4,2.8,Moderate,4.53,5.33
38,Other,170.9,91.9,31.47,2091,13,9489,8.5,0.8,Low,4.37,4.67
62,Female,172.0,101.9,34.44,1873,80,12205,8.4,0.8,Moderate,7.9,8.51
42,Female,162.1,45.0,17.14,2273,23,9083,6.3,2.7,Moderate,4.0,4.24
63,Female,168.3,50.0,17.67,2102,86,16190,7.1,1.8,Low,7.27,8.38
18,Male,175.9,96.1,31.04,1805,37,7338,8.5,2.0,Low,6.29,6.57
19,Female,150.8,106.3,46.73,1480,47,11662,8.2,2.2,Low,7.92,8.65
56,Female,172.1,45.0,15.2,1315,88,6160,8.6,1.7,Moderate,7.22,7.65
35,Female,162.7,92.7,35.01,2669,7,9721,7.4,1.5,Moderate,4.67,4.95
42,Female,162.7,107.5,40.59,2088,15,10373,7.9,2.6,Moderate,5.48,6.46
38,Male,182.6,62.5,18.75,2784,35,10913,8.7,0.9,Low,3.57,3.99
37,Male,191.8,106.4,28.92,2083,41,10717,6.6,2.1,High,6.68,6.68
63,Male,175.4,74.8,24.3,2477,118,1000,7.5,2.0,Moderate,5.47,6.22
22,Female,170.3,83.7,28.84,2237,20,7759,4.4,2.6,Moderate,4.26,4.61
55,Male,176.0,65.1,20.99,2322,8,5987,5.1,4.7,Moderate,4.06,4.72
60,Female,165.4,96.0,35.1,2346,18,6677,7.6,1.7,Low,4.27,5.17
49,Female,157.6,93.0,37.47,2077,51,7008,7.8,3.0,Moderate,7.46,8.19
36,Female,144.3,109.0,52.39,1685,58,11421,6.5,2.8,Moderate,7.56,8.47
25,Male,170.6,103.9,35.69,2683,25,8709,6.3,3.1,Low,4.1,4.24
50,Female,172.9,77.8,26.04,3096,45,6223,6.6,2.4,Low,3.13,4.15
40,Male,174.2,134.0,44.17,3129,99,2861,7.2,3.9,Moderate,5.75,6.24
25,Female,159.4,102.3,40.27,2023,45,13365,4.2,3.2,Moderate,7.22,7.32
35,Male,176.8,87.7,28.06,1933,53,5734,7.6,3.2,High,7.07,7.07
64,Male,175.9,60.1,19.41,2022,97,7542,7.0,1.3,Moderate,6.27,6.76
30,Male,181.7,50.5,15.29,2212,25,15486,7.3,2.7,High,5.3,5.62
26,Female,159.2,52.0,20.52,2273,23,5829,6.9,2.1,Low,3.67,4.0
50,Male,173.1,61.2,20.42,1801,31,7035,5.3,1.8,Moderate,4.94,5.66
27,Female,157.6,102.8,41.38,1560,30,8812,5.7,2.0,Low,5.09,6.29
62,Female,158.0,86.8,34.76,2324,0,2379,8.8,2.5,High,3.72,4.01
59,Female,164.9,67.0,24.63,1100,48,1973,6.2,3.0,Moderate,6.61,7.24
65,Male,177.9,75.6,23.88,2249,51,6314,8.0,3.5,Moderate,5.64,6.04
61,Male,176.4,73.4,23.57,1827,39,6435,5.7,3.4,Low,5.4,5.65
29,Male,173.3,92.4,30.78,2690,51,8469,7.0,2.9,Moderate,4.81,5.05
28,Male,182.0,62.2,18.78,2823,52,4577,6.5,2.7,Moderate,3.82,5.0
34,Female,154.5,84.3,35.31,2835,8,9518,6.7,2.3,Low,3.27,3.87
40,Male,193.8,83.4,22.2,2126,53,1000,6.6,2.4,Moderate,4.45,4.98
60,Male,180.1,62.7,19.34,1732,60,7753,8.7,1.9,Moderate,6.57,6.93
53,Male,165.0,106.6,39.16,1892,0,9260,9.3,2.2,Moderate,4.63,5.25
48,Female,166.8,72.7,26.12,2443,85,9149,7.3,2.9,Moderate,7.41,7.79
60,Male,180.2,60.1,18.52,1477,10,7430,6.5,4.0,Moderate,5.15,6.42
49,Female,178.9,93.4,29.18,2996,13,5688,5.4,2.5,Low,3.11,3.8
36,Male,162.0,79.0,30.08,2134,50,7328,5.3,1.9,Moderate,5.69,6.34
37,Other,165.7,85.4,31.09,2550,59,12318,8.7,3.5,High,7.2,7.84
42,Female,167.4,56.7,20.24,1409,66,5901,5.2,0.8,Low,5.54,6.6
22,Male,160.0,92.6,36.2,1837,60,11423,6.5,3.5,High,7.77,8.37
53,Male,162.4,117.1,44.4,1347,30,11980,7.2,1.3,High,6.85,7.28
49,Male,178.3,55.3,17.39,2810,48,1924,4.0,3.2,Low,3.04,3.7
53,Male,172.2,84.4,28.45,2219,36,7551,5.5,2.2,Low,4.0,4.88
43,Male,168.4,63.9,22.51,2585,49,4577,5.4,2.9,Moderate,4.62,5.64
55,Female,165.9,126.4,45.91,2331,46,2743,6.2,4.5,High,5.88,6.55
63,Female,170.6,100.3,34.45,2534,30,10772,7.3,1.8,Low,4.96,5.64
45,Male,177.9,83.1,26.26,2131,35,9656,8.2,1.7,High,6.8,7.74
39,Female,158.4,55.9,22.28,2198,0,8922,6.2,2.7,Low,2.87,2.87
23,Male,169.7,60.3,20.92,2254,68,4200,6.4,4.0,Moderate,4.7,5.34
55,Other,176.8,91.4,29.26,2502,53,8736,6.9,2.8,High,6.94,7.34
61,Male,171.9,53.5,18.09,2516,0,3413,6.0,2.6,Low,1.87,2.49
51,Female,186.1,54.0,15.61,3705,67,8270,7.5,2.8,Moderate,3.46,4.19
59,Female,164.9,78.2,28.73,3140,43,5684,7.5,1.7,Low,4.22,5.26
59,Male,176.9,80.4,25.68,1410,18,11677,4.0,2.8,Moderate,5.6,5.71
56,Male,174.6,84.8,27.82,2228,16,6728,7.8,2.2,High,5.44,5.79
42,Male,169.9,70.1,24.29,2097,25,8809,7.2,3.8,Low,5.37,5.66
22,Female,155.4,94.6,39.15,2940,18,8816,7.3,3.3,Moderate,4.92,5.31
18,Female,165.3,62.5,22.88,2142,22,7734,8.4,1.4,High,5.12,5.24
27,Female,165.2,89.3,32.73,2532,92,8368,4.9,2.3,High,5.89,7.24
38,Female,158.8,81.9,32.48,1131,55,9063,5.5,3.1,High,8.5,9.4
53,Female,175.9,88.8,28.71,1543,102,4862,6.9,1.7,High,7.62,7.95
39,Male,179.6,99.3,30.76,3346,51,9410,4.2,1.6,Low,4.89,5.5
19,Female,161.2,69.8,26.87,2325,61,11023,6.7,2.2,Moderate,6.36,6.81
28,Female,166.5,66.1,23.85,1800,20,9390,8.0,2.9,Moderate,5.07,5.72
65,Male,174.4,47.6,15.65,2421,40,6760,7.5,3.5,Moderate,5.0,5.33
65,Female,170.9,45.0,15.4,1773,42,8610,7.1,2.8,Moderate,6.09,6.16
36,Male,184.4,74.8,22.01,2158,62,6726,6.7,4.8,Low,5.88,6.28
56,Male,166.8,76.1,27.33,1573,43,7584,6.5,2.0,High,6.49,7.57
52,Female,157.3,58.5,23.61,1905,54,3843,6.4,3.3,Moderate,6.01,6.09
62,Male,183.5,62.3,18.5,2091,53,12830,7.3,1.6,Moderate,6.95,7.93
60,Male,176.5,105.4,33.85,2860,36,14774,5.1,4.0,Moderate,4.17,4.96
48,Male,171.0,93.8,32.05,2532,33,5536,8.8,3.8,Moderate,5.2,5.66
36,Female,150.3,55.3,24.47,2619,26,10751,6.1,3.2,Moderate,4.12,4.98
48,Female,155.6,70.0,28.91,2287,75,13102,7.7,1.0,Moderate,7.27,7.95
33,Male,190.6,85.3,23.48,2711,36,4648,7.1,3.2,High,5.34,5.34
34,Male,176.5,66.7,21.43,1863,54,1000,5.6,1.9,High,5.4,5.86
47,Male,169.3,63.4,22.13,1933,40,13308,8.6,3.0,High,6.99,7.46
45,Female,169.4,71.9,25.05,2503,74,7963,8.3,1.3,Moderate,5.9,7.01
45,Male,166.4,97.6,35.25,2160,0,6181,5.1,2.8,High,4.51,4.97
36,Female,159.0,99.3,39.27,2293,53,8165,6.9,2.3,Low,4.81,5.33
37,Female,154.5,64.8,27.14,2217,9,6708,7.2,1.9,Moderate,4.88,5.08
18,Male,162.7,86.3,32.6,2926,55,18358,4.5,3.1,Low,5.44,6.02
46,Female,158.6,77.9,30.98,2952,40,6142,4.5,2.6,Moderate,4.85,5.03
45,Female,157.2,59.9,24.21,1986,3,9145,6.0,2.4,High,5.0,5.98
62,Female,156.8,72.7,29.54,1420,54,12522,5.4,3.3,Moderate,8.23,8.68
42,Male,166.1,55.2,20.02,1944,51,12505,5.7,4.3,Moderate,6.88,7.06
40,Female,160.0,98.9,38.64,1851,38,11835,5.4,2.8,Moderate,6.48,7.51
21,Female,175.1,105.9,34.55,2715,42,6510,6.9,1.0,Low,4.12,4.26
27,Female,159.2,70.6,27.85,2760,49,7467,5.9,1.2,High,4.9,5.59
34,Other,171.6,66.3,22.52,1784,77,1000,8.3,2.7,Low,6.03,6.11
36,Male,175.1,97.0,31.64,1922,36,7739,7.2,3.5,Low,7.18,7.88
35,Female,157.9,99.9,40.08,1560,73,8114,8.0,2.7,Low,7.2,8.18
36,Female,150.1,57.9,25.73,2367,43,10596,5.0,3.1,High,5.7,6.07
54,Male,189.0,75.3,21.09,2277,81,14284,6.2,2.5,Moderate,5.38,5.57
24,Male,185.6,76.9,22.34,2694,38,10489,7.2,3.5,Moderate,4.83,5.03
33,Male,156.8,64.1,26.09,2548,26,11747,7.5,3.2,Moderate,4.99,5.57
25,Female,169.5,84.9,29.56,2605,14,7938,6.2,1.7,Low,3.64,4.91
32,Male,174.0,65.4,21.59,1528,44,12495,6.4,3.0,Low,5.63,6.6
50,Female,158.2,68.3,27.3,1986,22,8038,6.5,1.2,Low,4.71,5.72
20,Male,160.2,76.2,29.69,2774,84,11992,6.6,3.0,Moderate,6.12,6.34
34,Male,160.1,51.2,19.99,2030,20,10815,9.6,2.3,Low,3.53,4.51
19,Female,169.5,45.0,15.66,1486,25,9374,7.4,2.7,Moderate,5.48,6.43
63,Male,169.5,94.5,32.89,2703,61,2607,7.0,2.9,Moderate,5.47,6.18
52,Female,161.7,64.7,24.74,2011,78,11826,5.5,2.9,Moderate,7.53,7.91
29,Male,165.2,116.4,42.68,2831,65,9323,5.5,3.9,High,6.77,7.71
27,Female,165.2,113.5,41.58,2290,74,10459,6.7,2.6,Low,5.82,6.18
22,Male,167.4,68.9,24.58,2161,42,9097,8.4,2.8,Moderate,6.09,6.92
40,Other,175.9,120.1,38.8,2981,43,9700,6.8,3.8,Low,3.83,4.3
54,Female,156.2,94.9,38.88,1648,101,12552,6.8,4.3,High,8.5,8.76
46,Male,160.0,66.4,25.92,3017,92,6341,6.1,2.6,High,5.4,5.85
60,Male,185.4,45.0,13.09,1980,64,9636,4.9,2.1,Low,6.31,7.6
34,Male,177.2,90.4,28.79,2381,75,5278,7.5,2.2,Low,5.7,5.89
31,Female,163.2,78.6,29.49,2385,69,10018,6.7,3.0,Low,6.12,7.07
40,Female,161.2,85.8,33.01,2086,11,8879,7.5,2.4,Low,4.81,5.71
27,Male,185.7,73.9,21.42,1918,43,5791,7.2,1.0,Low,5.24,5.78
64,Male,178.7,57.4,17.97,2115,86,8327,5.8,3.6,Low,5.41,5.82
26,Female,165.3,70.3,25.72,1792,65,6009,7.3,3.3,Low,6.92,7.08
40,Female,159.9,90.7,35.49,3280,43,6676,5.5,3.6,Low,3.95,5.0
43,Female,168.5,71.6,25.22,2059,87,9241,7.3,3.8,Moderate,8.16,8.35
20,Male,177.2,71.5,22.77,2879,55,8939,6.9,2.8,Low,4.92,4.92
40,Female,152.8,50.7,21.71,2813,66,1278,8.8,2.8,Moderate,4.05,4.76
39,Other,173.2,79.6,26.54,2481,55,9296,6.0,3.5,High,6.21,6.33
30,Male,169.3,58.0,20.22,2232,60,6938,5.4,1.5,Moderate,4.18,4.74
24,Male,177.2,94.5,30.11,2396,62,6549,6.5,2.3,Low,5.18,5.31
20,Male,163.4,64.8,24.26,2586,81,4054,7.7,2.5,High,5.9,6.29
18,Female,148.2,72.7,33.09,2350,85,7841,4.0,3.4,Low,5.24,5.87
41,Male,176.5,117.0,37.55,1516,32,6169,8.1,2.1,Low,6.02,6.71
22,Female,165.3,72.5,26.53,1390,54,12457,6.7,2.0,Moderate,8.2,9.27
64,Female,154.8,70.1,29.24,3054,80,1876,5.6,2.2,Low,4.29,4.89
29,Female,164.9,88.5,32.58,1100,41,4626,6.6,3.0,Moderate,7.1,7.74
49,Female,158.1,45.9,18.35,2397,8,4389,6.1,2.5,Moderate,3.58,4.09
50,Male,178.3,100.5,31.6,2182,19,8905,5.5,1.3,Moderate,5.2,6.12
41,Female,166.2,95.9,34.73,2380,21,12105,4.7,1.5,High,5.23,5.44
60,Male,169.9,87.4,30.28,1730,32,9760,7.9,2.7,Moderate,6.39,6.84
23,Female,162.6,45.0,17.01,2475,24,4168,6.3,2.8,Low,2.63,3.23
29,Female,156.3,73.3,30.02,2403,73,6497,6.5,2.6,Moderate,5.84,6.13
30,Female,158.8,55.1,21.85,3680,37,5167,8.0,2.2,Moderate,3.17,4.26
24,Female,166.5,98.2,35.45,2364,80,9777,7.1,3.3,Moderate,6.85,7.56
32,Male,176.5,96.9,31.11,2974,13,6426,5.1,2.9,Moderate,3.24,3.41
33,Female,160.8,85.0,32.89,1550,35,3055,7.8,2.9,Low,6.44,7.18
54,Female,159.3,56.3,22.2,2810,47,10046,8.8,2.9,High,6.33,7.39
32,Female,161.3,104.9,40.33,2413,67,12421,7.6,4.0,Low,7.22,7.57
60,Male,169.1,73.3,25.62,2434,77,7374,6.0,1.7,High,5.58,6.65
55,Male,168.8,110.5,38.79,2441,29,8421,5.2,2.2,Low,4.9,5.59
61,Female,165.6,82.8,30.17,3153,72,2727,5.9,2.3,Moderate,4.28,4.95
23,Male,177.1,87.1,27.78,2427,0,1000,7.1,3.7,Moderate,3.73,4.75
65,Female,149.5,69.7,31.21,1907,69,1528,8.7,2.3,Moderate,6.51,7.18
47,Female,164.6,103.3,38.15,1992,7,7843,6.1,1.9,High,4.91,5.64
65,Female,169.6,89.0,30.93,2708,57,6922,6.2,2.5,Moderate,4.29,4.93
35,Male,171.3,104.0,35.44,2523,76,9911,8.2,2.7,Moderate,6.73,6.73
63,Female,159.1,81.2,32.08,1534,69,7308,6.5,3.7,High,7.92,8.66
46,Male,159.5,77.2,30.32,2557,0,11457,9.1,2.3,Low,2.42,3.11
21,Male,151.4,88.7,38.73,1758,32,11052,6.8,2.0,Moderate,5.18,5.64
37,Female,163.7,104.0,38.78,2519,65,6871,8.4,1.8,Moderate,5.39,5.39
24,Male,176.3,96.3,31.0,1897,64,4487,7.5,2.3,Low,6.99,7.81
63,Male,148.2,80.5,36.65,2159,52,1293,7.8,4.9,Low,6.89,7.19
32,Male,167.3,45.0,16.09,2027,0,13017,6.8,2.9,Low,2.92,3.13
28,Female,165.0,92.6,34.03,3059,78,4701,6.9,3.1,Low,4.7,4.87
44,Female,165.3,52.1,19.07,2500,83,2762,7.5,2.6,Moderate,4.95,4.95
38,Male,189.7,78.6,21.86,2930,49,8454,8.0,2.7,Moderate,5.09,5.85
22,Male,172.3,75.9,25.58,3747,51,2793,7.6,3.3,Low,3.2,4.62
57,Female,173.8,52.5,17.38,2323,59,8450,4.9,3.1,Moderate,4.97,5.37
58,Male,180.7,84.7,25.94,3050,85,6822,7.3,2.9,Low,4.81,5.7
53,Female,171.0,116.8,39.95,1950,52,11232,6.2,2.6,High,7.26,7.83
47,Female,156.9,72.4,29.41,2927,39,10928,6.3,2.3,Moderate,4.09,4.79
37,Female,169.8,91.8,31.85,1896,55,11861,7.5,3.0,Low,7.89,8.47
44,Female,170.6,120.4,41.35,2290,44,8721,9.0,2.7,Low,4.24,5.12
43,Female,159.9,93.5,36.56,2568,45,4995,6.7,4.5,High,5.6,5.78
25,Female,173.6,66.4,22.02,2647,0,4370,9.4,3.5,Moderate,2.26,2.89
21,Male,171.2,82.3,28.06,1663,59,6142,5.7,2.0,Moderate,6.73,7.73
30,Male,181.3,86.7,26.35,1866,77,14979,8.5,1.5,Moderate,7.75,8.59
39,Female,159.4,103.8,40.87,2605,73,7127,7.5,2.2,Moderate,6.17,6.88
25,Male,183.9,99.9,29.54,2116,71,8563,7.3,1.6,High,8.5,9.13
23,Female,168.5,45.0,15.86,1601,43,13315,8.7,2.2,High,7.06,7.53
58,Female,154.6,62.6,26.19,2264,49,8891,6.2,1.7,Low,5.32,5.8
35,Female,161.0,76.7,29.6,2240,78,5379,8.5,2.3,Moderate,6.76,6.82
46,Male,166.3,59.7,21.61,2388,69,10555,6.8,2.3,High,5.91,6.69
43,Female,158.4,45.0,17.92,2564,86,6500,6.2,2.7,Low,4.09,5.17
53,Female,178.5,64.9,20.38,2532,26,9011,5.4,2.4,High,4.5,5.21
53,Male,174.3,77.9,25.66,1915,25,9792,8.9,1.8,Moderate,5.03,5.64
32,Female,161.6,68.5,26.26,2094,35,6269,8.4,3.7,Low,5.86,6.67
58,Female,170.3,60.1,20.7,2763,18,8652,6.4,3.0,High,3.53,3.53
35,Other,181.5,78.7,23.9,2028,7,13600,7.7,2.1,Moderate,5.25,5.67
58,Female,169.1,84.2,29.45,2102,58,5807,7.2,1.8,Low,5.92,6.5
37,Male,165.0,69.6,25.55,1547,56,12609,6.6,1.3,Moderate,8.16,8.16
23,Male,165.5,102.7,37.51,2285,51,5933,8.2,1.2,Moderate,5.55,6.21
54,Female,169.3,79.0,27.56,2472,54,14307,6.2,3.5,Moderate,5.72,5.72
19,Male,176.7,62.3,19.95,1312,4,5005,4.4,3.4,Low,4.16,5.0
55,Male,168.6,57.8,20.32,1764,31,6621,7.3,2.1,Moderate,5.65,6.32
20,Male,186.7,74.2,21.27,1589,36,13278,7.1,3.8,High,6.91,7.44
27,Male,180.5,98.0,30.09,2694,46,13432,6.3,3.2,High,6.77,7.63
46,Female,157.6,63.2,25.42,1343,4,10864,5.9,2.8,Low,4.56,5.21
63,Male,168.2,88.7,31.35,2260,19,4213,5.1,3.4,High,5.07,5.84
37,Female,168.1,79.7,28.19,2658,32,8288,6.6,3.2,Low,4.12,4.82
23,Male,171.3,113.9,38.79,2393,74,8004,5.9,2.7,High,6.43,6.73
29,Female,148.2,85.0,38.69,2080,52,5004,8.2,2.4,Low,6.97,8.12
61,Male,181.9,65.4,19.78,2473,73,10438,7.6,2.5,High,6.83,7.87
52,Female,162.1,91.3,34.74,2818,41,5281,6.4,1.2,High,4.44,5.19
22,Male,179.4,91.9,28.53,2246,45,3482,7.6,1.9,High,5.6,6.25
36,Female,159.9,70.9,27.71,1180,58,2326,6.9,4.2,Low,6.15,7.01
30,Male,174.5,57.0,18.74,2873,40,13993,6.7,1.9,High,4.01,5.05
26,Male,177.2,87.6,27.91,2500,27,6213,6.9,0.9,Low,3.78,5.04
58,Male,178.8,79.1,24.77,2283,3,6286,9.1,3.4,Moderate,3.84,4.25
47,Female,154.6,50.7,21.22,1309,28,4392,7.8,2.8,High,6.71,7.68
26,Female,163.8,82.6,30.78,2150,68,12787,6.6,2.9,Moderate,6.8,7.37
49,Male,168.6,66.5,23.41,1862,80,3169,8.1,2.5,Moderate,6.9,6.94
37,Male,171.7,50.7,17.21,1691,23,3785,8.0,3.4,Low,5.05,5.94
20,Female,174.6,71.7,23.5,2231,0,6873,7.3,4.0,Moderate,3.21,4.32
39,Female,158.7,101.1,40.12,2032,70,7924,6.6,2.1,Low,6.28,7.22
26,Male,179.4,99.7,30.99,2064,46,10305,6.5,3.2,Low,7.62,8.16
29,Female,155.4,95.0,39.35,2669,7,5635,5.7,3.6,High,4.69,5.42
60,Female,170.0,82.8,28.66,2427,0,13405,7.2,2.1,Moderate,4.3,5.14
52,Female,140.0,88.7,45.27,2052,18,5659,6.3,4.0,Low,4.52,5.32
24,Male,172.5,79.8,26.8,1988,32,4469,6.5,3.6,Moderate,5.13,6.16
58,Male,175.5,58.1,18.88,2072,12,4136,7.7,1.5,Low,4.52,5.45
45,Male,165.3,61.7,22.57,2176,64,5291,9.0,4.0,Low,5.23,5.63
59,Female,168.0,67.1,23.75,2592,22,3910,7.4,1.5,High,5.2,5.81
53,Male,178.2,103.2,32.52,1778,45,10628,6.9,2.0,Low,7.13,7.56
34,Female,152.1,97.4,42.08,3029,111,4497,7.0,3.2,Low,5.32,5.98
43,Female,176.7,58.6,18.77,2592,48,7535,8.4,3.5,Low,4.87,4.87
43,Female,152.0,79.0,34.16,1100,41,4396,7.5,2.7,Moderate,7.94,9.21
52,Male,173.0,70.8,23.64,2342,42,3889,7.2,2.0,Low,4.68,5.0
29,Male,176.0,75.2,24.27,2820,63,11872,7.3,2.4,Low,5.53,5.95
33,Male,186.8,68.4,19.59,2494,60,13609,5.3,2.3,High,6.21,6.83
29,Female,159.1,103.3,40.79,2093,16,12441,7.5,3.4,Moderate,5.63,5.75
32,Female,161.8,77.7,29.68,2269,33,2850,5.9,2.2,Low,4.29,4.77
25,Male,153.9,81.9,34.57,2389,26,3335,7.5,2.0,High,5.67,6.33
19,Female,155.6,82.0,33.9,2684,37,14924,6.1,1.3,Moderate,4.3,5.48
63,Male,157.7,59.5,23.94,1592,96,7109,7.7,2.1,High,8.01,8.66
21,Male,193.5,80.0,21.36,1997,62,3188,6.8,2.5,Low,4.68,5.14
60,Male,170.9,97.1,33.26,3119,42,11787,5.6,1.6,Low,3.69,3.89
18,Female,156.3,104.5,42.79,2316,79,8235,6.7,1.0,Low,5.35,6.69
55,Male,182.7,57.3,17.18,3063,50,9993,9.6,3.5,Moderate,4.83,5.45
33,Male,170.5,50.7,17.43,3792,0,1000,4.3,1.7,Moderate,0.92,1.55
42,Female,165.0,79.1,29.05,2053,91,6858,7.2,1.4,Moderate,7.0,7.12
31,Female,162.8,98.0,36.94,1701,40,11320,5.8,4.0,Moderate,7.14,7.92
41,Male,180.3,84.5,25.99,2167,0,5758,8.7,3.4,Moderate,3.98,4.37
39,Male,170.6,90.2,31.0,2849,0,12322,8.0,3.5,Moderate,4.35,5.47
43,Female,165.3,53.5,19.59,2919,76,3391,7.2,3.1,Low,4.77,5.53
36,Male,178.3,67.7,21.3,3435,0,7605,8.1,3.8,Moderate,2.3,2.95
43,Male,166.8,45.0,16.17,2281,82,13757,7.3,3.4,High,7.11,7.25
57,Female,167.0,75.4,27.04,2544,47,3971,7.0,2.3,High,5.51,6.07
38,Male,174.9,45.0,14.72,1944,64,8950,6.3,1.6,Low,6.32,6.84
35,Female,163.2,102.0,38.29,1100,37,10047,6.6,1.4,Moderate,6.84,7.49
24,Male,170.1,106.0,36.64,2280,59,8319,6.4,2.5,Low,4.68,4.68
35,Male,186.3,80.5,23.21,1723,53,7124,7.0,1.6,Moderate,6.74,7.02
24,Male,172.4,50.8,17.09,2621,43,4932,4.7,1.9,Moderate,3.79,4.21
26,Male,171.1,84.8,28.95,1359,15,8687,8.2,2.5,High,6.58,7.35
63,Male,172.6,111.5,37.42,1930,55,7640,9.3,3.9,High,7.38,7.38
22,Male,177.6,86.6,27.43,2433,0,2972,6.5,1.2,Low,2.01,3.1
41,Female,160.4,99.3,38.62,2486,71,11849,8.4,2.6,Moderate,7.12,8.16
58,Female,160.9,69.3,26.76,2276,50,4814,6.8,1.5,Moderate,4.66,4.91
63,Male,176.0,62.3,20.11,3233,57,3063,6.3,2.1,Moderate,3.44,4.91
25,Female,184.6,76.7,22.51,3084,0,5915,6.5,3.4,Moderate,2.12,2.8
25,Female,170.5,45.0,15.47,1957,13,4875,7.1,1.8,Low,3.86,4.42
35,Female,158.0,118.8,47.54,3104,30,7096,6.1,2.4,Low,3.74,4.54
44,Male,167.6,80.5,28.66,3181,63,3651,7.7,2.7,Moderate,5.84,6.58
64,Male,165.0,93.6,34.37,2238,18,9567,6.4,3.2,Moderate,4.91,5.55
27,Male,175.8,69.7,22.54,2322,116,12833,5.7,2.1,Moderate,5.59,5.81
25,Male,162.6,50.2,19.0,2274,37,8370,7.0,3.7,Low,3.8,4.24
30,Male,184.9,103.7,30.32,1977,16,2945,6.2,2.2,Low,4.54,5.26
59,Female,167.7,57.8,20.55,2027,39,4803,6.6,3.0,Low,4.59,5.48
19,Female,150.7,84.3,37.1,2959,18,8774,6.9,2.4,High,4.85,5.96
36,Male,167.4,86.0,30.68,2518,11,1115,5.4,3.3,Moderate,3.42,3.86
23,Male,173.1,79.3,26.48,2022,73,3685,8.8,4.4,Low,6.64,7.27
25,Male,184.1,63.9,18.84,1837,59,2233,8.0,2.4,Low,6.08,6.45
62,Female,171.9,75.3,25.48,1920,59,8404,6.2,2.6,High,6.85,7.83
18,Female,152.1,60.9,26.32,2218,80,15567,7.0,2.2,Moderate,6.72,7.21
33,Male,182.7,92.6,27.72,2756,58,3586,7.8,2.1,High,5.7,6.09
61,Female,151.2,88.3,38.6,1869,15,10857,7.3,2.0,High,6.62,7.24
47,Other,163.9,77.6,28.89,2750,64,6026,9.3,2.6,Low,4.02,4.04
21,Female,161.6,67.8,25.95,2398,13,3379,6.7,1.9,High,4.06,4.85
40,Female,154.1,115.9,48.85,2371,31,13474,8.4,1.9,Moderate,5.59,6.08
64,Female,161.7,54.6,20.86,2812,43,15559,5.4,0.8,Moderate,4.36,5.93
37,Male,182.5,50.2,15.07,2721,40,9441,5.6,3.8,Moderate,4.27,4.66
43,Male,171.8,76.5,25.92,1597,0,9268,9.0,4.1,Moderate,4.57,5.08
43,Female,156.1,73.4,30.1,1757,17,8217,6.5,3.2,Moderate,5.24,6.2
49,Male,155.2,97.8,40.6,2185,44,7481,5.6,1.8,Low,5.79,6.67
26,Female,159.8,89.6,35.11,2477,27,9190,6.9,1.5,Moderate,4.21,5.17
58,Male,178.2,78.5,24.73,2982,76,10366,8.5,1.2,Low,5.37,5.88
65,Male,175.1,87.0,28.38,2332,81,13821,6.1,3.2,Low,6.03,6.23
24,Male,176.2,86.7,27.91,3151,13,6170,6.9,3.7,Moderate,3.32,4.86
57,Other,162.5,115.9,43.85,1946,46,8445,4.8,2.7,Moderate,6.35,7.13
57,Male,167.6,82.6,29.38,2031,89,7690,6.4,3.4,Low,6.49,7.17
53,Male,187.9,65.7,18.61,2147,41,11584,8.2,3.0,Low,5.7,6.58
35,Male,179.3,81.6,25.38,1891,33,16400,6.1,1.9,High,5.95,6.09
40,Female,165.7,45.0,16.39,2879,69,11704,5.5,3.5,Moderate,4.62,5.06
58,Other,164.2,77.4,28.72,1100,37,10793,6.1,3.5,Moderate,7.61,7.84
25,Male,169.9,97.7,33.85,2048,80,11177,6.3,1.7,Low,6.96,7.62
57,Female,163.1,88.8,33.39,2874,28,12435,7.9,3.3,Moderate,5.64,5.76
62,Male,190.4,83.4,23.0,2143,31,16450,7.5,2.5,Moderate,5.3,6.14
50,Female,154.8,89.7,37.45,2836,67,2101,7.7,2.4,Low,5.08,6.09
34,Male,164.5,97.9,36.17,3398,47,10098,7.0,3.0,Moderate,5.47,6.47
44,Female,162.0,103.7,39.51,2340,48,1000,6.3,2.9,Low,4.06,4.81
20,Female,157.2,86.1,34.82,2884,0,11329,6.1,3.4,Low,3.0,3.67
62,Female,163.4,72.3,27.08,3509,35,9928,7.5,1.8,Moderate,3.26,3.72
34,Male,177.2,45.0,14.33,2501,69,6086,8.9,3.1,Moderate,4.25,5.01
20,Female,150.6,95.6,42.18,2275,23,1000,5.9,1.6,Moderate,4.65,5.21
56,Other,175.1,87.3,28.46,2751,64,7949,5.8,2.4,Moderate,4.71,4.71
49,Male,167.6,80.7,28.74,2892,52,8779,5.6,2.5,Moderate,5.18,5.56
47,Female,162.0,65.6,25.01,2280,39,7779,8.0,3.5,Moderate,6.02,6.89
20,Female,169.3,95.4,33.26,2058,83,5825,6.9,2.6,Low,6.85,7.06
54,Male,172.9,73.4,24.53,3158,35,4861,7.7,2.4,Low,3.75,3.95
48,Female,166.0,77.4,28.07,2164,37,7818,6.4,3.9,Low,5.79,6.32
56,Male,166.8,77.0,27.66,2896,39,5193,7.7,2.2,High,5.71,5.71
57,Female,155.4,86.1,35.65,2431,47,10832,6.7,2.2,Low,5.61,6.46
28,Male,180.3,57.3,17.63,3213,66,7724,5.1,0.9,Moderate,3.47,4.3
28,Male,159.7,88.1,34.57,1875,3,1963,8.1,2.4,Moderate,5.16,6.09
62,Female,157.6,65.0,26.18,1874,69,8618,7.0,1.8,Moderate,6.8,7.48
43,Female,162.3,65.7,24.93,2727,46,9449,6.6,2.4,High,5.86,6.17
39,Female,161.1,93.9,36.2,1734,60,13662,7.3,2.8,Moderate,8.49,8.66
31,Other,181.1,60.1,18.32,2358,111,11248,5.3,1.6,Low,5.69,6.48
48,Male,187.0,93.9,26.86,3074,30,4854,7.5,1.9,Low,3.88,4.73
54,Male,174.1,79.8,26.34,1407,10,12990,6.3,1.2,High,5.22,5.43
18,Male,172.3,48.3,16.28,2501,50,3148,6.8,2.1,High,4.53,4.7
44,Male,164.0,102.6,38.12,2905,54,8098,8.4,1.7,High,5.37,5.96
65,Female,154.9,83.6,34.85,2287,69,10639,7.8,4.5,High,7.78,8.42
31,Female,160.3,85.1,33.11,1836,29,13105,6.8,4.0,Moderate,5.42,6.35
31,Female,167.1,96.1,34.41,2168,21,14611,6.9,3.8,Low,4.45,5.29
60,Male,186.9,105.0,30.04,1880,2,12461,4.0,1.4,Moderate,3.72,4.29
20,Male,173.0,81.6,27.27,2334,6,7521,6.0,2.4,Moderate,3.86,4.83
37,Female,158.0,89.1,35.7,2161,33,10028,7.2,1.5,Low,5.54,6.02
39,Male,161.3,84.7,32.55,2043,41,8785,6.1,4.3,Moderate,6.48,6.97
56,Male,195.5,71.8,18.79,2533,102,5516,5.4,3.3,High,5.76,6.66
24,Male,171.0,49.5,16.92,3089,0,7595,7.6,1.7,Low,1.93,2.86
38,Male,179.7,81.9,25.36,2463,54,14292,8.6,2.9,Moderate,6.4,7.35
25,Male,180.9,102.8,31.41,2971,24,10261,6.1,1.3,Moderate,4.35,4.89
55,Female,158.4,88.5,35.27,3089,51,15207,8.1,2.5,Low,5.71,6.34
48,Male,180.6,58.8,18.03,2006,29,4211,7.9,2.4,High,5.57,5.87
41,Female,173.7,97.8,32.38,2437,73,6664,5.8,3.3,Moderate,6.28,7.2
36,Female,166.9,72.4,25.99,2087,73,9453,6.1,3.5,Low,6.69,7.08
25,Female,164.5,45.0,16.63,1558,41,10598,9.2,2.6,High,6.28,6.28
62,Male,174.4,96.3,31.68,2477,85,7591,5.7,2.4,Moderate,5.31,5.76
49,Male,173.1,61.0,20.36,1773,66,10801,6.3,0.8,Moderate,6.8,7.1
33,Male,185.1,110.1,32.11,2542,83,10775,9.4,4.0,Moderate,7.01,7.01
37,Male,179.6,98.7,30.58,1522,43,3142,6.3,2.0,High,7.11,7.51
52,Male,173.4,73.9,24.57,2385,71,10637,8.6,2.7,Low,6.71,7.58
52,Female,158.7,86.3,34.25,1514,23,11756,5.8,4.6,Moderate,6.16,6.9
40,Male,157.6,121.6,48.95,2636,20,9036,7.2,1.5,Moderate,4.35,5.09
32,Male,169.1,96.0,33.58,2103,106,1560,8.3,2.6,High,8.01,9.11
49,Male,176.3,82.3,26.47,2055,14,7031,6.4,3.0,High,5.01,5.41
49,Female,155.8,130.0,53.53,2863,32,9532,7.1,3.6,High,5.7,5.89
46,Female,159.1,80.1,31.64,2139,0,4970,7.9,2.6,Low,4.48,5.25
21,Female,164.1,88.5,32.84,2355,21,11214,5.9,3.7,Moderate,4.86,5.59
40,Female,154.2,61.1,25.72,2200,17,10553,9.7,2.2,Low,4.11,4.27
47,Female,163.1,47.9,17.98,2553,26,8470,8.2,3.1,Moderate,4.29,4.83
63,Female,160.5,72.8,28.26,2821,53,8061,6.6,3.0,High,4.56,5.35
43,Male,177.3,78.7,25.04,2717,60,8675,6.7,2.5,Moderate,5.31,6.0
34,Female,158.7,83.9,33.32,2066,16,7985,9.3,2.9,Low,4.41,5.27
44,Female,160.9,52.4,20.25,2904,22,3500,6.6,1.8,Moderate,3.35,3.71
26,Male,165.1,89.9,32.97,1841,75,6494,6.4,2.3,Low,6.04,6.14
22,Female,162.0,63.1,24.01,1928,92,8253,8.4,1.4,Low,7.08,7.37
50,Female,160.1,89.0,34.73,2236,80,12965,5.3,2.2,Moderate,6.52,7.42
65,Female,157.7,94.8,38.12,2823,0,10422,6.9,3.6,High,3.76,4.72
58,Male,169.7,70.9,24.62,1714,78,13153,7.1,3.0,Low,7.86,8.4
46,Female,164.9,60.7,22.3,2745,96,3082,6.2,2.9,Moderate,4.77,5.9
19,Female,159.3,105.8,41.68,2272,0,6753,5.1,1.2,Moderate,3.81,4.36
65,Male,170.0,93.7,32.43,2083,75,15258,7.1,2.9,Low,8.5,8.92
39,Male,165.4,80.7,29.49,2848,51,5399,7.8,2.5,Moderate,5.06,5.17
31,Male,183.2,104.4,31.11,1898,35,5329,6.2,3.1,Low,5.81,6.39
60,Male,177.2,79.5,25.32,3442,47,7048,5.6,3.8,High,4.1,5.07
53,Other,182.1,66.8,20.16,2211,57,15063,8.5,2.2,Moderate,6.8,7.84
53,Female,164.7,60.0,22.1,2374,77,5649,7.6,2.3,Low,5.24,6.22
31,Male,191.4,76.1,20.75,3071,75,9951,6.6,3.4,Low,4.7,5.48
65,Male,182.9,91.9,27.46,2387,2,9372,8.1,2.1,Low,3.48,4.64
39,Other,168.2,103.0,36.41,2894,26,1250,7.3,2.7,High,4.91,5.17
43,Male,177.8,78.4,24.82,1323,47,7945,9.1,0.8,High,6.54,7.56
54,Female,157.4,99.8,40.32,2078,89,6064,7.8,2.3,High,7.73,8.43
49,Male,170.4,74.1,25.54,2498,0,10372,5.3,3.8,Moderate,3.05,3.73
26,Male,162.7,63.9,24.15,2840,27,14086,6.2,2.9,High,4.22,4.32
32,Female,167.3,54.5,19.46,2684,2,6794,6.3,3.4,Moderate,2.84,3.56
35,Male,178.4,68.9,21.65,2638,6,6793,7.4,3.5,Low,3.42,4.42
63,Female,157.2,55.2,22.32,2830,72,16812,6.6,3.8,Moderate,5.51,5.51
52,Male,165.2,114.2,41.83,2537,30,5509,5.6,2.3,Moderate,4.37,5.25
35,Female,167.2,85.9,30.73,1228,0,3299,7.7,3.4,Moderate,5.56,5.56
53,Female,160.7,76.3,29.55,3021,40,12821,8.2,4.6,Low,4.47,4.58
53,Female,160.2,109.0,42.48,1881,102,7822,6.9,2.6,Moderate,7.03,7.59
36,Male,167.4,54.6,19.47,2456,0,8991,7.3,1.4,Moderate,3.43,4.58
37,Female,168.1,75.5,26.72,2390,59,15810,5.8,2.1,Low,4.72,5.28
60,Other,191.5,114.0,31.08,2323,88,3089,6.4,3.0,Low,5.99,6.75
44,Male,179.0,75.4,23.54,1746,43,7315,6.4,1.1,Moderate,6.01,6.29
25,Male,151.7,122.0,53.03,1330,98,3673,7.7,1.9,Moderate,8.39,8.92
52,Female,175.9,92.1,29.79,1798,26,9173,7.3,2.3,Moderate,5.9,6.48
46,Male,159.2,101.5,40.05,2713,85,6064,6.6,2.7,High,5.8,6.97
42,Female,168.1,102.0,36.11,1576,78,3894,6.6,4.2,Moderate,6.93,7.27
52,Female,165.8,78.0,28.39,1859,44,10562,4.6,3.2,Low,6.01,6.38
61,Male,168.1,69.2,24.5,2509,3,8036,8.9,1.6,Low,2.33,3.31
33,Female,162.8,75.9,28.66,1786,16,3619,4.5,6.0,Low,4.36,4.87
38,Female,168.3,60.2,21.27,2028,0,3833,7.5,2.6,Low,3.2,3.84
27,Male,173.3,76.8,25.58,2340,61,8727,7.0,1.1,High,7.42,8.17
49,Female,163.8,77.9,29.03,2441,58,2152,6.7,1.7,High,4.86,5.24
37,Male,167.3,108.4,38.75,1776,47,8796,7.0,1.7,Moderate,7.56,7.56
34,Male,162.9,88.7,33.43,2370,41,12688,6.2,1.4,Low,3.98,4.95
51,Female,161.5,120.5,46.19,2499,83,10334,7.8,3.1,Low,6.82,7.46
37,Male,171.3,45.0,15.34,1663,53,5818,5.4,0.8,Moderate,6.36,6.51
40,Female,180.8,56.1,17.17,2407,29,8960,7.4,3.5,High,5.47,6.35
39,Male,164.5,71.6,26.46,1941,49,3619,6.2,3.3,Moderate,5.35,6.65
30,Female,168.7,104.9,36.84,2361,102,8476,6.5,2.2,High,6.38,7.4
24,Male,178.8,76.0,23.79,2661,62,6856,6.5,3.4,Low,4.0,5.33
57,Female,162.9,51.6,19.43,2211,34,4362,6.8,1.6,Moderate,4.59,4.76
22,Female,180.0,73.6,22.72,2756,43,10183,7.6,1.8,Low,4.27,4.96
33,Female,155.3,56.4,23.41,2695,57,1078,7.0,3.1,Moderate,3.67,4.4
50,Other,166.3,52.9,19.14,2753,33,3849,8.1,2.4,Moderate,4.29,4.85
24,Female,161.9,114.0,43.5,2501,30,4270,8.3,2.0,Moderate,5.12,5.61
49,Female,156.1,71.7,29.42,2850,44,6233,7.4,2.5,High,4.87,4.87
53,Female,168.2,81.1,28.68,2492,87,12547,7.8,3.8,Low,6.71,7.9
49,Female,158.3,76.3,30.48,1466,67,10639,9.4,3.8,Low,7.74,7.77
32,Female,166.6,73.5,26.48,1903,33,8368,5.3,3.0,Moderate,5.33,6.25
18,Female,152.7,62.9,26.96,2194,69,8203,8.3,2.3,Moderate,7.14,7.74
60,Male,172.8,72.4,24.25,2256,45,7958,8.9,3.1,High,5.18,5.77
33,Female,160.4,84.1,32.68,2478,54,12801,7.5,1.8,High,6.79,7.32
56,Female,151.0,103.5,45.4,1896,52,1645,9.3,3.7,Moderate,6.1,6.77
27,Male,174.3,95.1,31.29,3304,0,10700,9.1,3.5,Moderate,2.8,3.62
25,Male,173.5,56.1,18.62,2248,0,6221,6.6,4.3,Moderate,3.59,4.52
55,Other,190.5,95.8,26.39,2296,51,9760,6.7,1.9,Low,5.39,5.95
63,Male,183.6,86.6,25.68,1964,21,9777,7.6,1.8,Moderate,5.39,5.56
59,Male,180.7,66.8,20.45,1798,0,10566,6.3,3.1,Low,3.1,3.27
54,Male,175.0,81.3,26.52,2236,21,13542,10.0,2.4,Low,4.13,5.09
29,Male,166.0,88.3,32.06,2313,70,3201,7.9,3.5,High,7.3,7.8
61,Female,155.0,78.8,32.82,2256,55,11519,7.1,3.8,Moderate,7.27,7.52
50,Female,160.6,86.6,33.58,3127,66,7776,5.3,4.1,High,5.17,5.51
26,Other,169.4,62.5,21.77,2236,57,6387,7.3,2.7,High,5.93,6.5
24,Female,167.0,113.9,40.84,2257,19,15118,5.6,3.4,High,5.22,5.38
59,Female,165.2,45.0,16.48,2707,66,10456,7.9,2.1,Moderate,5.48,6.07
31,Male,182.5,88.4,26.55,2214,61,6539,4.0,2.8,Low,4.2,5.24
54,Female,159.7,84.6,33.16,2569,41,11350,8.7,2.6,Low,4.98,5.54
24,Male,175.5,89.6,29.1,1660,46,7838,6.5,2.5,Moderate,6.92,6.92
31,Male,173.7,65.2,21.64,1664,67,6484,5.0,4.2,Low,6.32,7.22
31,Other,168.6,99.0,34.86,2361,24,5878,7.0,1.4,Moderate,4.3,5.29
31,Female,176.1,76.1,24.52,2184,75,9065,7.0,2.6,High,8.03,9.04
50,Male,162.7,56.6,21.4,1895,60,5851,6.9,2.6,Moderate,5.94,6.56
61,Female,161.9,58.3,22.23,2360,45,8544,8.7,3.2,Low,5.5,6.91
61,Male,166.9,80.2,28.82,2404,87,11104,7.5,1.6,Moderate,7.55,8.41
53,Male,176.3,49.3,15.85,1945,8,8386,8.0,2.3,High,5.39,7.04
27,Male,180.5,110.4,33.89,2040,32,14917,6.7,2.1,High,5.95,7.02
64,Male,173.0,96.9,32.38,2408,25,8046,7.5,0.8,Moderate,5.37,6.39
44,Female,159.1,110.9,43.81,1789,55,12721,5.4,3.6,Low,6.83,7.21
44,Male,167.7,109.0,38.74,1997,78,11417,7.3,1.3,Moderate,8.5,8.77
51,Female,166.9,71.7,25.74,2566,17,13338,6.1,1.2,Moderate,4.16,4.8
54,Male,173.6,62.4,20.69,2288,137,14902,8.6,3.5,Moderate,7.58,8.11
63,Female,155.7,45.0,18.55,2061,26,1835,7.1,2.3,Moderate,4.57,4.99
45,Female,159.2,70.7,27.87,1848,55,8928,7.8,2.3,Moderate,7.77,8.33
47,Female,168.9,109.8,38.46,1793,45,7608,7.3,2.3,High,7.79,8.32
53,Male,160.8,63.1,24.42,2234,46,8390,9.2,3.6,High,5.73,6.11
30,Female,161.3,74.2,28.53,3312,22,6609,5.1,2.1,Low,3.48,4.31
32,Female,152.0,68.0,29.45,2582,74,6097,6.9,3.1,Moderate,5.02,5.36
48,Male,157.4,84.7,34.21,1633,21,4151,5.8,1.6,Low,4.8,5.38
21,Male,184.7,101.1,29.64,2653,0,8340,4.5,2.9,Low,2.14,2.31
33,Male,178.0,50.3,15.87,1920,13,11269,5.8,3.4,Low,3.12,3.75
52,Male,168.0,53.7,19.04,2297,85,6272,8.4,3.9,Moderate,6.02,6.69
64,Male,167.3,104.8,37.41,2005,80,6850,7.0,1.2,Low,5.89,6.15
42,Male,189.2,91.2,25.48,3311,0,5556,6.7,2.3,High,1.91,2.54
37,Male,185.3,73.3,21.36,1732,67,4519,7.9,4.0,Low,6.09,6.66
39,Female,155.8,108.7,44.79,2456,0,7173,7.1,3.4,Low,4.01,4.45
50,Male,175.1,53.4,17.43,1957,44,9201,7.7,2.4,Low,5.91,6.35
44,Male,168.8,94.8,33.25,2669,11,12400,7.4,2.6,Moderate,4.41,5.17
19,Female,176.6,76.8,24.63,2446,69,3827,7.7,2.9,Low,5.48,6.09
43,Male,168.6,88.9,31.28,2927,60,7893,6.5,2.3,High,4.95,5.89
37,Male,173.4,45.0,14.97,2659,72,12123,8.3,3.1,Moderate,6.33,6.56
51,Male,188.5,73.3,20.64,1953,36,3874,5.5,3.0,High,5.77,6.3
60,Male,173.2,91.3,30.41,3758,39,12434,6.9,1.6,Low,2.98,3.36
64,Male,165.6,76.9,28.02,2577,3,6463,8.3,2.2,Low,3.44,4.06
47,Male,163.1,100.6,37.83,2024,16,10489,6.8,2.2,High,5.42,6.11
35,Male,175.0,100.0,32.64,2402,71,7236,6.5,2.4,Moderate,5.63,5.81
39,Other,167.9,60.7,21.55,2615,55,9605,9.7,2.8,Low,4.78,5.59
26,Female,163.8,92.8,34.58,2596,47,13631,8.7,2.8,Low,6.28,7.63
62,Male,161.0,60.1,23.19,2548,80,7575,7.2,2.0,High,6.29,6.95
58,Male,179.5,79.0,24.5,2783,8,11487,5.8,3.8,Low,2.95,3.25
58,Male,165.5,89.8,32.78,2734,65,8961,4.6,2.6,Moderate,6.26,6.76
33,Female,174.9,63.0,20.59,1876,11,5248,7.9,3.9,High,5.34,5.83
33,Female,160.7,92.2,35.69,3354,86,7490,8.5,3.9,Moderate,5.98,6.35
59,Male,187.7,68.9,19.55,3284,60,7271,7.5,1.6,High,4.18,5.04
44,Male,175.4,67.5,21.96,2700,72,3058,4.9,2.2,Moderate,4.74,4.74
51,Male,189.6,90.7,25.25,2319,25,9606,7.2,2.2,Moderate,4.97,5.67
41,Female,166.6,63.0,22.69,2327,106,10302,6.4,2.9,Moderate,7.08,8.13
39,Female,154.7,62.0,25.91,2138,100,10843,7.2,3.3,Low,7.87,8.9
48,Male,172.3,96.7,32.58,2202,57,13004,9.3,2.7,Moderate,6.88,7.84
57,Female,169.9,80.0,27.69,1206,77,11338,7.9,2.1,High,8.5,8.87
34,Male,183.7,51.8,15.35,3065,36,5889,7.7,4.1,Moderate,4.52,5.63
56,Female,160.1,93.4,36.43,2888,9,6634,6.9,2.2,Moderate,3.99,4.72
29,Female,152.9,70.7,30.24,1461,67,10935,7.5,3.3,Moderate,8.5,9.6
37,Male,171.4,52.7,17.96,2744,19,9363,6.1,2.6,Moderate,3.77,4.75
61,Male,172.7,45.0,15.08,2296,81,7937,7.7,2.5,Moderate,4.65,5.36
63,Female,167.4,94.3,33.62,2200,74,4938,6.8,3.2,Moderate,5.6,6.12
62,Male,184.8,62.5,18.31,2546,51,6142,6.0,4.0,Low,3.93,5.36
33,Female,157.7,55.6,22.36,1428,50,10039,8.0,2.9,Low,7.71,7.71
58,Male,168.0,89.5,31.7,2294,72,1172,4.3,2.2,Low,5.11,5.65
62,Female,162.9,92.5,34.85,2339,52,1000,6.3,3.9,Moderate,5.04,5.15
64,Male,180.6,63.8,19.56,2340,33,10426,7.7,3.0,Moderate,4.93,5.57
19,Male,166.6,94.4,34.04,1616,2,6132,8.5,2.8,Moderate,5.88,6.6
53,Male,180.5,115.0,35.28,2523,71,9639,7.6,3.5,Moderate,7.55,7.92
65,Male,178.4,102.2,32.14,2829,55,13518,6.2,2.9,Moderate,6.15,6.55
54,Male,169.6,99.4,34.55,2503,122,4454,6.9,4.8,Moderate,6.11,6.24
29,Female,153.8,83.7,35.36,2185,42,2156,7.3,2.6,Moderate,7.35,8.11
54,Male,162.3,70.0,26.58,3644,53,7032,8.9,3.6,Moderate,3.68,4.11
23,Male,187.3,77.0,21.95,1837,54,5603,8.1,3.0,Low,6.2,6.95
41,Male,176.6,85.9,27.57,2686,63,7911,8.1,3.0,Moderate,6.11,6.53
48,Male,157.4,55.4,22.34,2421,17,9883,7.1,2.3,Low,4.64,5.33
39,Female,150.2,64.2,28.43,3306,42,9143,5.7,2.3,Low,3.63,4.49
51,Female,166.9,52.3,18.79,2493,68,8161,5.3,3.0,Moderate,4.4,5.16
29,Male,170.6,82.2,28.26,2600,35,11703,6.6,1.8,Low,4.09,4.76
47,Female,175.0,79.5,25.97,2552,67,10347,7.8,2.1,Low,6.2,6.77
48,Female,169.5,66.3,23.06,1770,47,7365,6.4,2.6,Low,6.12,6.89
48,Other,193.3,92.8,24.82,1865,56,10223,7.7,3.7,Moderate,8.5,8.89
31,Male,166.6,59.2,21.32,2162,77,2590,6.0,2.7,Low,4.97,5.5
32,Male,163.9,65.6,24.42,2778,38,11723,6.2,2.7,High,4.89,5.61
30,Male,176.1,92.0,29.67,2416,4,8077,8.7,1.6,Moderate,4.34,5.48
40,Female,174.8,94.7,31.01,2196,37,3797,7.9,4.1,Low,6.11,6.49
46,Female,161.9,63.7,24.29,2986,21,6541,6.6,3.6,Moderate,3.34,3.63
35,Male,182.0,82.2,24.82,1308,0,11631,6.0,3.7,High,5.53,6.23
37,Male,177.7,64.0,20.26,1652,42,5313,8.1,1.3,Moderate,6.44,7.47
31,Female,160.7,74.4,28.81,1100,50,9437,8.1,2.9,Low,8.47,9.36
28,Female,161.8,80.6,30.79,2904,73,11075,7.8,1.8,Moderate,6.57,7.18
49,Male,170.5,88.1,30.32,2251,13,8085,6.8,3.3,Moderate,4.76,5.79
57,Female,164.2,83.7,31.06,2783,47,4973,5.7,2.9,High,5.23,5.23
31,Male,167.9,82.9,29.41,2245,76,7776,7.0,3.1,Moderate,5.47,6.43
59,Male,169.4,58.6,20.43,2811,28,3067,8.7,2.0,Low,3.05,3.54
45,Female,160.0,85.0,33.22,2236,60,6289,5.9,1.7,Moderate,5.04,5.86
26,Female,158.8,87.9,34.86,2504,89,4124,7.1,2.0,Low,5.19,6.15
35,Other,182.4,90.4,27.19,2431,0,7835,9.0,2.9,Moderate,3.43,4.09
18,Male,180.2,65.0,20.04,2468,52,3557,6.6,2.4,Moderate,4.0,4.63
19,Male,166.5,94.5,34.06,3142,77,8291,6.8,2.8,Low,4.68,5.14
34,Male,164.4,54.3,20.08,1487,35,11965,5.4,1.7,Low,5.5,6.69
39,Male,172.7,70.2,23.54,2265,83,12184,7.7,2.6,Low,5.89,6.61
56,Male,191.2,73.0,19.97,2398,62,3640,6.1,3.9,Low,4.01,4.69
24,Male,165.8,55.3,20.11,2324,94,5668,5.1,2.9,Moderate,4.43,5.56
58,Male,172.7,72.8,24.39,2101,61,10984,5.9,3.0,Moderate,6.58,7.0
29,Male,174.7,82.0,26.86,2032,96,10464,7.3,3.0,Low,7.68,8.19
24,Male,173.1,45.1,15.06,3065,53,5846,5.1,2.1,Low,2.88,3.81
51,Female,168.6,70.9,24.93,2264,6,6297,5.3,4.1,High,5.04,6.26
55,Male,183.2,46.5,13.86,3518,27,8287,7.7,2.9,Low,3.3,3.92
47,Female,158.5,114.7,45.69,2564,73,1583,6.9,2.8,High,5.43,6.16
23,Female,163.4,81.8,30.65,2155,72,9838,5.9,3.2,Low,7.45,7.5
23,Female,152.5,80.3,34.52,2576,36,11790,6.6,3.4,High,5.1,6.14
36,Male,181.2,82.2,25.04,2354,95,6638,9.1,1.5,Moderate,5.19,5.41
39,Male,186.7,88.9,25.51,2970,35,3032,8.5,2.7,Low,4.23,4.64
65,Female,154.8,95.6,39.89,1716,57,12944,6.9,4.6,Low,7.19,7.86
31,Female,147.9,49.9,22.8,1399,57,8768,8.0,4.1,Low,8.04,8.41
27,Male,183.7,101.6,30.09,2480,7,10481,7.1,2.5,Low,4.45,4.45
63,Male,168.6,100.4,35.31,2717,41,3376,4.9,3.3,Moderate,4.88,5.05
25,Female,161.2,76.8,29.56,2442,111,3388,4.7,2.3,Moderate,6.23,6.86
19,Male,179.7,75.9,23.5,2636,19,9449,5.9,2.9,Moderate,4.03,5.16
38,Female,178.5,45.0,14.13,2562,62,11596,5.1,2.2,Low,4.95,6.05
37,Male,166.3,55.6,20.12,1559,12,4047,7.3,2.2,Moderate,4.68,5.41
47,Male,178.5,87.3,27.42,2440,18,7643,6.3,2.1,Low,3.82,4.47
60,Female,157.6,99.6,40.1,2958,5,2444,7.5,4.1,Low,3.57,4.45
62,Male,178.1,91.1,28.73,2385,71,5544,7.5,2.2,Low,5.43,6.49
31,Female,157.6,76.6,30.87,1645,20,7100,7.8,3.6,Moderate,6.11,6.76
65,Male,177.8,112.7,35.62,2133,80,9710,5.9,2.2,Low,7.25,7.9
48,Male,162.7,96.1,36.29,2578,30,1000,7.6,2.1,Low,4.16,4.83
21,Female,169.2,70.9,24.77,3197,48,12621,5.9,3.0,Moderate,4.96,5.91
63,Male,175.6,117.3,38.01,1321,56,7403,7.9,1.4,High,7.91,8.03
24,Male,175.2,58.3,18.98,2480,0,12530,8.5,3.2,Moderate,3.09,3.69
46,Female,158.8,51.5,20.44,1833,50,10445,7.9,2.5,High,7.75,8.49
55,Female,166.2,70.4,25.5,2553,54,10983,6.8,2.1,Low,5.29,5.29
29,Female,170.0,64.3,22.26,2593,76,15071,7.7,1.9,High,6.56,7.48
30,Male,174.8,71.4,23.38,2183,18,5264,5.2,4.4,Low,3.93,4.91
40,Male,175.6,92.4,29.96,2615,22,8474,4.9,2.6,Low,3.77,3.77
60,Female,159.1,77.4,30.58,2869,63,4532,7.6,2.5,Low,4.62,5.07
28,Male,174.5,77.9,25.56,2217,84,7642,8.6,3.4,Moderate,6.45,6.92
49,Male,169.5,79.1,27.53,1631,28,10520,5.5,1.8,Low,4.71,5.0
39,Female,161.0,45.0,17.36,3012,10,11945,7.0,3.6,Moderate,3.94,4.28
23,Male,171.5,50.7,17.24,2714,36,6662,7.5,2.6,Moderate,4.09,4.5
52,Male,161.2,71.1,27.36,2581,16,3783,6.3,1.4,Low,3.37,4.18
57,Male,168.1,62.8,22.24,1954,56,8256,6.6,2.1,High,6.44,7.48
45,Male,164.0,73.8,27.44,2792,14,5017,7.7,1.6,Low,3.94,4.73
26,Female,170.9,103.3,35.36,3321,72,5977,7.1,2.7,Low,5.01,5.29
25,Female,162.0,76.7,29.2,2239,50,10351,7.1,1.9,Low,6.57,7.45
38,Male,173.4,54.2,18.02,2347,73,9699,5.8,1.8,Low,5.32,6.13
42,Male,183.4,63.7,18.94,1767,0,10919,7.0,2.9,Low,3.46,3.46
44,Female,147.4,108.8,50.1,1940,0,6819,6.5,2.6,Low,3.57,4.6
29,Male,178.7,105.6,33.07,1762,81,11531,6.6,3.7,Low,7.86,8.51
42,Female,166.4,88.7,32.03,2365,24,8050,6.4,3.6,High,5.36,6.02
32,Female,160.3,49.9,19.42,2129,3,7005,7.0,2.7,High,4.62,4.62
50,Female,168.5,83.5,29.43,2486,39,4154,6.0,3.0,High,5.24,6.4
56,Male,177.2,84.9,27.05,1854,51,1000,7.0,1.3,Low,5.53,6.25
49,Other,177.4,78.5,24.94,2216,40,2526,6.6,3.2,Low,4.26,5.13
18,Male,163.9,67.7,25.22,1823,58,8754,5.9,3.0,Moderate,6.92,7.06
65,Female,168.7,71.5,25.12,2393,54,4823,4.7,3.5,Moderate,5.09,5.87
19,Female,166.7,66.5,23.92,1483,52,2241,8.1,2.3,Low,6.64,7.43
65,Female,166.5,57.4,20.7,2375,82,6532,7.9,2.3,High,5.8,6.35
19,Female,172.8,102.6,34.36,2160,44,8979,6.0,2.3,High,6.22,6.37
42,Female,159.4,93.9,36.94,2390,43,9452,7.8,3.9,Low,5.59,6.17
23,Male,170.6,72.9,25.03,1473,67,7898,5.8,2.9,High,6.91,7.18
22,Male,171.1,84.3,28.8,2627,60,7786,6.6,1.3,Low,4.06,4.41
50,Female,154.4,85.0,35.65,2150,19,6115,6.4,3.2,Moderate,4.81,5.82
52,Female,167.3,120.2,42.95,2408,42,10218,6.7,2.2,Low,4.85,5.48
23,Male,182.0,93.7,28.28,1364,57,7381,7.8,3.6,Moderate,7.29,7.86
64,Female,166.0,93.0,33.76,1678,28,7732,6.5,3.1,Low,4.99,5.18
33,Female,162.7,78.7,29.72,2104,29,11632,6.6,3.7,Moderate,6.05,6.63
33,Male,170.0,70.2,24.29,2987,6,10771,7.9,3.5,Low,4.04,4.58
32,Male,169.5,102.9,35.81,2563,0,7352,7.1,3.4,Moderate,4.68,4.93
40,Male,172.5,89.7,30.16,2364,34,6855,6.3,3.6,Moderate,5.02,6.0
26,Male,188.4,63.1,17.78,1837,48,6828,7.3,3.3,Low,6.26,7.22
38,Male,189.6,86.2,23.96,1746,14,1000,8.2,2.0,Moderate,4.83,5.16
28,Male,180.7,93.1,28.51,2438,83,11839,8.3,1.6,High,6.57,7.3
20,Male,175.0,45.0,14.7,2650,15,5603,5.4,1.9,High,3.58,3.58
35,Male,163.1,61.4,23.08,2404,70,10991,5.5,3.3,High,6.22,6.93
50,Female,159.1,84.5,33.37,3154,56,8145,8.2,0.8,Low,4.57,5.45
54,Male,167.7,45.0,16.0,1958,105,12870,6.7,2.6,Moderate,7.53,7.73
34,Other,187.0,46.2,13.21,2389,60,9853,4.4,2.4,High,6.48,7.09
33,Female,158.9,73.1,28.96,1453,4,11192,6.1,3.7,High,5.61,6.26
55,Female,158.7,86.8,34.48,2405,74,5927,6.5,2.5,Low,4.73,6.34
50,Other,167.0,87.7,31.44,3034,92,3501,6.6,2.3,High,5.26,6.76
57,Female,161.7,106.5,40.72,1779,0,8516,7.9,3.8,Moderate,5.43,6.14
61,Male,179.3,79.5,24.72,2721,62,1289,5.9,2.5,High,4.61,4.98
57,Female,167.9,71.3,25.3,3020,69,6362,8.1,2.4,Moderate,4.77,5.46
62,Male,173.5,54.5,18.09,1955,39,3836,7.3,2.2,Low,5.67,6.66
37,Female,168.7,71.1,24.98,2533,0,5061,5.5,2.9,Low,2.14,2.16
36,Female,167.1,90.7,32.49,3089,36,10084,6.6,2.3,Low,3.52,3.52
33,Male,176.0,91.5,29.57,2415,28,9854,7.6,2.3,Moderate,5.56,5.76
29,Male,182.0,82.8,24.98,2693,87,7433,7.0,3.9,Moderate,5.54,6.41
53,Female,173.0,87.8,29.36,1413,42,9120,7.5,2.6,Moderate,7.39,8.28
52,Male,169.8,101.0,35.04,2598,33,6107,6.3,2.2,Moderate,4.68,5.44
56,Male,171.8,79.4,26.9,2558,28,16493,7.7,1.7,Moderate,5.1,6.09
26,Male,182.1,102.6,30.94,1636,54,9052,6.5,2.8,Low,6.96,7.49
41,Male,165.3,64.9,23.77,1817,46,5933,10.0,2.1,Low,5.49,6.0
28,Female,173.0,76.7,25.62,2602,22,11063,5.4,2.3,Moderate,3.84,4.57
60,Female,171.0,69.3,23.72,2148,52,12340,10.0,1.8,Moderate,7.15,8.35
30,Male,170.5,92.3,31.74,2855,29,5290,5.9,2.8,High,4.61,5.35
24,Male,162.4,59.7,22.66,2455,0,3035,8.5,1.4,High,3.98,4.55
45,Male,184.8,72.2,21.14,2328,63,3728,8.0,3.0,Moderate,5.62,6.36
60,Male,165.2,45.0,16.49,2214,61,5655,5.9,2.1,Low,4.12,5.22
61,Female,164.2,88.7,32.92,2446,50,7810,7.7,3.2,High,6.08,6.56
22,Female,158.1,100.4,40.17,2701,32,2298,6.4,3.0,Low,4.18,4.62
33,Male,171.6,94.4,32.05,2566,42,6536,7.3,2.7,Moderate,5.19,5.63
25,Female,162.4,92.6,35.13,2088,67,7272,7.2,3.4,High,7.33,8.22
32,Male,179.7,93.1,28.83,2919,27,9137,6.6,4.0,High,4.84,5.16
43,Female,161.3,90.6,34.81,2628,69,10141,6.5,3.7,High,6.69,7.52
31,Female,168.5,89.1,31.35,2492,3,9405,7.4,1.4,Low,3.88,3.97
21,Female,142.9,90.2,44.16,2345,49,14272,5.9,2.1,Moderate,6.13,6.64
42,Female,163.3,66.2,24.81,2550,45,11829,6.0,2.2,Moderate,5.22,5.8
20,Female,170.4,74.4,25.62,1384,73,8776,8.1,3.2,Low,8.5,9.73
28,Male,161.3,79.3,30.46,2420,19,4603,7.5,2.1,Moderate,5.43,6.37
18,Male,188.0,72.0,20.35,3120,22,5635,5.4,2.1,Moderate,2.77,3.25
22,Male,177.8,49.8,15.76,2409,5,2999,5.8,1.9,High,3.48,3.9
38,Female,163.2,55.8,20.94,2341,29,8536,4.4,2.9,Moderate,4.42,4.79
58,Female,162.0,82.1,31.29,2002,52,9159,8.1,3.2,Low,7.29,7.49
55,Female,165.7,94.3,34.34,2546,0,11125,7.8,1.5,High,4.42,5.58
22,Female,162.0,78.2,29.79,2202,32,8935,5.7,2.1,Moderate,4.93,5.26
19,Male,166.3,127.8,46.21,2954,62,11688,7.8,0.9,Moderate,6.06,7.26
34,Female,158.4,61.4,24.49,1868,42,11760,9.4,0.8,High,6.56,7.2
49,Female,154.2,86.0,36.17,2073,47,4401,5.2,3.0,Moderate,5.99,6.56
53,Male,185.4,101.2,29.44,1999,2,6186,6.3,2.9,Moderate,4.3,4.93
57,Male,188.1,97.2,27.46,3217,42,7961,5.1,2.8,Moderate,3.98,5.01
34,Male,176.6,89.8,28.78,2205,45,5528,8.1,4.0,High,6.89,7.19
26,Male,164.2,97.3,36.08,2025,40,7148,6.9,1.1,Moderate,6.03,6.81
19,Female,165.5,79.0,28.83,1254,49,9054,6.5,0.8,Moderate,8.45,9.04
25,Female,167.5,107.9,38.49,1844,36,7569,7.3,1.6,High,7.23,7.98
21,Female,154.1,101.1,42.58,2563,32,8001,6.3,0.8,Low,4.03,4.56
59,Male,171.9,62.7,21.19,2561,15,4700,6.5,2.0,High,4.2,4.67
30,Female,168.7,83.8,29.45,1974,72,9772,7.3,3.1,High,8.5,9.28
57,Female,152.4,50.1,21.6,2002,10,9516,6.3,2.9,Low,3.62,3.74
44,Male,176.0,105.4,34.04,3229,49,5331,6.4,3.5,Moderate,4.76,5.84
43,Female,173.3,82.0,27.31,3648,95,3473,6.8,2.9,High,4.72,5.35
39,Male,167.5,102.3,36.47,2874,75,12305,7.1,2.2,Moderate,6.52,6.92
57,Male,172.6,76.0,25.52,3079,59,14118,7.7,2.1,Low,5.37,6.1
20,Male,167.8,45.0,15.97,3185,51,8821,7.7,3.0,Low,4.78,5.14
22,Male,172.4,125.5,42.21,3407,41,6734,5.2,1.2,Low,3.02,3.64
38,Female,145.7,80.4,37.88,2149,19,11661,8.7,0.8,Moderate,5.62,6.25
36,Male,188.8,60.0,16.84,1860,37,9646,7.1,3.0,Moderate,6.37,7.41
44,Male,171.9,98.6,33.37,3216,61,7262,6.6,2.8,Moderate,4.66,5.35
53,Male,157.0,114.6,46.51,1817,55,11388,5.9,4.0,Moderate,7.84,8.05
46,Male,185.2,74.4,21.69,1785,67,5166,9.4,3.2,Moderate,5.95,6.75
30,Male,177.6,76.2,24.16,1797,79,5582,9.8,2.9,Moderate,7.25,8.1
33,Male,173.0,82.3,27.51,2234,40,9272,9.2,2.3,High,5.47,5.5
54,Female,160.1,58.0,22.64,1307,50,8399,7.1,1.9,High,7.99,8.18
27,Male,166.4,65.6,23.67,1583,0,10230,7.4,2.3,Moderate,4.89,6.2
42,Female,158.2,110.1,44.0,1988,108,12176,8.8,3.5,Low,8.5,8.98
43,Male,174.4,75.6,24.86,1702,33,2566,6.7,3.0,High,5.24,5.74
54,Female,156.6,62.9,25.67,2831,63,8136,7.6,3.4,High,5.71,6.3
52,Female,168.7,69.9,24.56,2303,33,14653,7.3,2.7,High,5.66,6.04
40,Male,183.6,97.3,28.85,2588,32,5912,9.3,1.8,Moderate,4.23,4.23
32,Male,175.3,45.0,14.65,2533,38,5498,8.7,3.6,Low,4.45,4.66
35,Female,154.1,82.6,34.78,2196,10,1000,6.8,3.6,Moderate,4.26,4.63
37,Male,166.1,122.3,44.35,2794,0,8356,8.8,2.8,Low,2.34,2.76
28,Female,162.0,114.6,43.67,2526,77,10032,7.0,3.1,Moderate,6.42,6.75
48,Male,186.2,88.3,25.48,2140,60,10024,6.3,3.1,Moderate,6.83,6.91
28,Male,173.4,101.7,33.81,1458,19,4370,6.7,2.2,High,6.25,6.66
49,Female,158.1,101.5,40.61,2560,57,7969,7.2,2.4,Moderate,5.43,6.42
54,Female,165.0,75.7,27.83,1669,68,8775,6.1,1.8,Moderate,7.44,7.8
64,Male,175.1,94.6,30.86,2490,25,8182,6.4,2.4,Moderate,4.4,4.94
23,Female,152.4,110.2,47.43,2339,56,4168,5.3,3.5,Low,5.15,6.25
54,Female,171.6,55.3,18.77,1619,73,8270,6.0,3.4,Low,5.78,6.14
22,Male,165.5,88.4,32.27,2429,4,5149,7.3,3.1,Moderate,5.16,6.83
34,Male,182.7,84.5,25.32,2395,59,1448,8.3,3.5,Low,4.91,5.82
26,Male,176.0,79.9,25.79,2397,55,10384,8.1,2.3,Low,6.2,6.83
25,Male,177.8,78.3,24.75,2373,97,8490,7.5,1.5,Moderate,6.39,6.9
26,Female,156.7,82.2,33.46,1973,60,10071,5.2,2.5,Low,6.65,7.72
20,Male,176.6,83.7,26.82,2595,33,6129,6.0,2.5,Low,3.78,4.14
57,Male,170.3,98.1,33.86,1956,36,10192,6.8,3.2,Moderate,6.49,6.94
20,Female,147.7,86.6,39.69,1762,101,11577,8.2,3.1,High,8.5,9.66
37,Female,159.9,74.8,29.26,2637,35,14138,6.3,3.5,Low,3.86,4.33
51,Female,170.3,62.9,21.68,2768,61,10848,5.5,0.8,Moderate,5.32,5.75
65,Female,166.1,69.5,25.2,2603,38,9346,8.7,1.9,Moderate,5.06,5.43
58,Male,172.3,82.7,27.85,2196,75,3170,6.1,2.5,Moderate,6.13,6.13
24,Female,166.3,65.3,23.6,1330,76,7627,5.6,3.0,Moderate,6.92,7.87
65,Male,189.1,95.0,26.59,3040,44,3020,7.3,4.5,Moderate,3.78,4.37
49,Male,188.3,85.7,24.19,1322,33,5133,6.9,1.7,High,6.05,7.02
26,Male,167.6,98.6,35.08,2593,32,14842,6.4,2.0,Low,4.51,5.05
39,Female,158.9,66.5,26.33,3355,0,4419,7.0,2.2,High,3.07,3.52
62,Female,168.7,63.0,22.15,2374,47,1000,5.9,1.9,Low,3.14,3.51
36,Male,182.4,98.4,29.61,2445,47,10846,6.4,1.8,High,6.13,6.97
26,Female,174.0,80.3,26.53,2489,22,5644,7.0,2.6,Moderate,4.53,4.85
60,Female,158.3,74.4,29.68,2399,0,10688,4.6,3.5,Moderate,3.57,4.3
63,Male,178.4,90.6,28.46,3475,50,3904,8.1,2.7,Moderate,4.44,5.05
64,Female,166.2,89.9,32.57,1878,54,6509,5.4,1.8,Moderate,6.4,6.63
63,Male,173.8,55.4,18.33,1815,56,12185,5.9,2.4,Low,6.48,6.93
59,Other,172.0,102.9,34.78,2136,17,3372,8.2,1.7,Moderate,4.94,5.54
39,Male,161.4,70.6,27.1,3170,56,7407,7.7,3.5,Moderate,4.89,5.38
27,Male,179.5,108.6,33.72,2011,39,9019,7.1,3.9,Moderate,7.45,8.71
47,Male,175.7,54.0,17.5,2515,69,5482,5.0,1.2,Moderate,4.12,4.8
28,Male,166.6,83.7,30.15,2835,17,8846,6.3,2.8,Moderate,3.99,4.52
40,Female,159.7,74.7,29.29,2689,77,8054,6.7,1.9,High,5.82,6.3
49,Female,150.2,45.0,19.94,2809,87,9870,6.8,2.7,Moderate,5.71,6.23
63,Male,169.5,89.8,31.26,3008,48,14447,8.4,2.5,Moderate,6.38,6.77
31,Female,153.4,45.0,19.13,2454,56,17363,9.4,1.4,High,5.97,6.28
30,Female,160.5,72.7,28.25,2071,66,9621,7.7,3.7,Low,7.7,8.51
53,Female,166.5,97.9,35.29,2373,16,7613,6.4,2.5,Low,4.03,5.17
18,Female,167.9,68.5,24.29,2130,31,9543,8.5,2.2,High,6.16,6.6
45,Male,165.2,61.7,22.62,3560,50,7187,6.3,2.7,Moderate,3.17,3.92
53,Male,154.3,92.4,38.8,2033,101,2444,4.0,1.8,Moderate,6.43,6.8
44,Female,165.2,73.5,26.93,2541,11,7836,5.5,2.4,Low,2.99,3.63
36,Female,162.4,70.7,26.82,1549,90,11787,4.2,0.9,Moderate,7.72,7.87
57,Female,171.4,100.9,34.36,2366,39,2873,6.5,0.8,High,4.96,5.26
35,Female,156.2,57.0,23.34,2156,44,4553,6.8,1.7,Moderate,5.12,5.41
52,Male,180.9,69.7,21.31,2637,79,5963,5.1,2.1,High,4.59,5.14
40,Female,167.7,93.6,33.29,2650,101,9303,6.0,1.0,Low,6.06,6.25
19,Male,172.0,55.8,18.88,3008,56,16319,5.3,2.2,Moderate,4.59,4.59
43,Male,170.7,110.0,37.75,2968,77,5167,6.8,2.1,Low,4.57,4.69
20,Male,177.4,74.1,23.55,2266,19,8319,6.0,2.5,Moderate,4.47,5.01
62,Male,185.2,93.7,27.34,1827,30,8020,8.2,3.2,High,7.22,7.54
46,Female,153.2,93.7,39.95,1886,7,6945,7.2,4.1,Low,5.05,5.45
35,Male,185.8,75.3,21.8,2451,30,7833,8.9,3.0,Moderate,4.15,4.84
41,Female,156.1,69.4,28.46,2378,60,6373,6.5,1.7,Low,4.35,4.66
47,Female,162.6,77.2,29.21,2428,50,17600,9.6,3.2,Moderate,5.81,6.38
30,Female,153.5,90.8,38.57,2032,93,10623,7.0,3.9,Low,8.11,9.45
31,Female,162.3,60.2,22.87,3018,102,6403,6.4,1.6,Moderate,4.24,4.7
38,Male,187.4,56.3,16.04,1563,41,12142,9.9,1.6,High,5.97,6.49
30,Male,167.6,104.7,37.27,2004,25,8898,4.8,1.3,Low,4.74,5.48
54,Male,191.5,64.8,17.66,1761,77,8202,6.3,2.1,Low,5.38,5.7
22,Male,173.3,84.4,28.08,2195,80,7362,5.0,2.9,Low,6.06,6.45
57,Female,158.5,74.4,29.58,2923,57,7124,4.8,3.9,Moderate,5.03,5.6
34,Male,156.7,75.2,30.6,2156,64,3730,4.5,3.4,Low,5.54,6.2
44,Male,176.6,103.7,33.26,2350,60,2142,7.7,2.9,High,6.82,7.09
25,Male,165.3,76.5,27.97,2632,17,9297,5.4,2.6,Moderate,4.26,5.06
36,Female,153.6,71.6,30.34,2132,10,7327,6.7,3.0,Moderate,4.63,5.77
54,Female,163.5,73.1,27.36,2491,43,11071,8.1,3.0,Low,4.49,4.49
30,Male,188.4,68.9,19.43,2425,39,4885,7.6,3.8,Moderate,4.45,5.18
24,Female,168.3,65.9,23.28,1734,52,4157,7.5,2.6,High,7.63,8.19
43,Female,150.6,69.0,30.45,2067,41,10716,8.5,2.8,Moderate,7.31,7.8
25,Female,156.4,107.9,44.14,2477,0,6966,8.9,2.2,Moderate,4.07,4.78
33,Male,186.4,90.8,26.14,2941,0,10995,5.5,2.7,Moderate,3.36,4.45
39,Female,165.1,71.8,26.33,2940,65,8117,7.6,2.4,High,6.03,6.72
45,Male,175.7,95.7,31.0,3347,26,14571,6.7,1.5,Moderate,3.82,4.76
48,Male,168.9,49.4,17.32,2542,38,10645,6.8,3.4,High,4.84,5.42
50,Female,167.1,102.8,36.82,2093,29,9434,5.2,3.9,Low,4.7,5.42
58,Female,166.5,101.3,36.54,2268,19,10799,6.4,2.6,Moderate,4.96,5.37
21,Male,166.7,118.3,42.56,2243,18,7044,6.5,2.9,Moderate,5.08,5.7
35,Female,173.9,96.2,31.82,2096,73,2249,8.7,3.4,Moderate,7.43,7.93
18,Male,170.5,85.9,29.55,2491,38,9263,5.6,2.5,Low,4.29,4.93
18,Female,174.2,101.2,33.38,2514,62,14795,4.1,2.8,Moderate,5.72,5.74
28,Other,183.3,66.7,19.86,1713,66,1000,7.0,2.4,Low,4.78,4.99
46,Female,165.6,70.9,25.85,2844,53,9642,5.5,2.1,Moderate,5.46,6.47
60,Female,169.2,76.8,26.83,1381,67,2626,6.8,3.1,Low,6.18,7.27
55,Female,140.4,102.6,52.05,2188,45,7918,7.8,3.1,Moderate,7.09,7.09
49,Female,160.6,62.6,24.26,2874,83,8278,6.9,3.4,Moderate,4.37,4.77
55,Female,169.7,60.7,21.07,2603,68,10613,6.5,2.6,Low,5.44,5.77
26,Female,168.5,82.3,28.98,2121,71,8735,6.8,1.5,Moderate,6.9,7.59
58,Male,167.1,90.9,32.56,3284,18,12807,8.0,3.6,Low,4.55,5.12
60,Female,159.9,65.3,25.54,2079,52,12082,5.6,1.9,Moderate,6.34,7.18
22,Male,169.7,90.1,31.26,1299,0,7311,7.9,1.9,High,6.1,6.22
40,Other,167.8,102.6,36.46,2526,84,11830,5.8,2.1,High,6.63,7.36
57,Male,177.9,99.6,31.47,1410,27,6905,7.7,1.0,Moderate,6.46,6.94
40,Male,174.0,84.4,27.85,1884,31,6302,5.1,2.4,Moderate,5.52,5.86
58,Female,170.3,76.4,26.34,2611,6,3784,7.7,3.2,Moderate,4.56,5.31
62,Male,169.5,109.2,38.0,2069,43,12591,6.9,2.2,Moderate,6.03,6.54
40,Male,165.4,78.3,28.6,2590,37,6949,7.1,3.8,Low,4.72,5.29
20,Female,160.5,94.9,36.86,1720,96,1000,8.2,3.7,Low,6.75,7.82
34,Male,182.8,113.2,33.89,2729,69,9897,6.0,3.4,High,6.03,6.66
28,Male,176.0,93.0,30.05,1454,30,6480,7.0,0.9,Low,4.88,6.16
40,Female,166.4,60.1,21.7,2959,0,6954,7.4,3.9,Moderate,2.89,2.89
46,Male,178.1,55.7,17.55,2062,0,7180,6.6,2.4,Low,2.26,2.85
40,Male,169.1,72.6,25.4,3065,16,6822,7.9,4.1,Low,3.66,3.87
27,Male,160.8,90.8,35.1,1879,7,17547,7.4,2.1,Low,5.19,5.46
32,Male,166.6,86.0,30.99,3262,54,13819,6.3,2.5,Moderate,5.32,5.69
50,Male,168.6,117.7,41.4,1821,40,10447,8.5,2.7,Moderate,6.97,7.9
19,Male,168.0,85.8,30.41,1403,45,8844,7.7,1.8,High,8.5,8.96
28,Female,175.2,72.1,23.49,2321,18,11950,6.0,1.1,Moderate,3.98,4.18
60,Female,163.1,57.6,21.65,2916,49,8852,6.0,0.8,High,5.37,6.2
22,Male,191.7,99.2,27.01,2695,5,10855,6.7,5.3,Moderate,3.65,3.84
37,Male,167.9,77.9,27.63,2881,42,9953,7.5,1.1,Low,3.88,5.06
27,Female,169.0,50.9,17.81,2705,68,8449,4.3,1.1,High,4.56,4.71
23,Female,166.0,78.4,28.44,1889,34,11291,6.0,3.1,Moderate,5.32,5.82
38,Male,172.1,60.1,20.27,2683,57,6529,6.3,1.3,High,3.99,5.26
43,Male,177.8,70.3,22.25,2346,0,8204,5.3,1.2,Low,2.31,2.8
26,Male,183.9,78.1,23.09,1945,0,4571,5.8,0.8,Moderate,3.02,3.77
21,Female,149.5,61.7,27.61,2389,54,4976,7.2,2.9,Low,5.16,5.72
24,Female,161.5,69.2,26.55,2271,74,1000,6.4,1.6,Low,4.53,5.13
49,Female,160.6,64.6,25.04,3007,38,9597,6.5,3.2,Moderate,3.84,4.16
59,Male,155.1,65.1,27.05,2042,105,10560,5.3,2.5,High,8.25,9.01
26,Male,174.6,59.9,19.64,2019,4,11798,6.7,2.7,High,4.19,5.25
33,Male,168.3,69.3,24.46,1950,25,4141,5.2,2.2,High,4.96,4.96
34,Male,165.4,61.9,22.63,3248,48,9539,8.8,2.4,High,5.57,5.85
35,Male,177.4,88.6,28.15,1978,58,7997,9.1,1.8,High,6.56,6.97
29,Female,152.6,81.6,35.04,2948,28,10581,6.4,1.9,Moderate,3.83,4.12
20,Male,180.4,99.5,30.56,1784,15,5720,5.7,1.6,Moderate,4.42,5.25
43,Female,148.9,112.0,50.53,2553,62,6822,8.0,4.0,Low,5.95,6.34
35,Male,170.8,90.2,30.92,2431,48,2562,7.7,2.2,High,6.07,6.7
34,Male,173.5,86.1,28.6,2916,35,5490,9.2,0.8,Moderate,3.8,4.92
30,Female,159.3,91.3,35.98,2844,58,8010,9.6,2.8,Low,4.78,4.78
62,Female,168.3,86.4,30.52,2340,41,8609,4.6,1.9,Moderate,5.96,6.67
47,Male,175.5,78.9,25.62,2031,41,2099,8.4,2.6,High,6.16,6.71
38,Female,150.5,77.5,34.21,3112,40,6209,6.7,2.4,Moderate,4.23,4.79
27,Male,178.0,59.6,18.81,1981,22,8561,7.7,3.9,Low,4.97,5.26
56,Male,168.9,93.1,32.65,1166,19,12928,7.9,2.3,Moderate,6.28,6.75
60,Male,161.8,77.4,29.56,1370,30,5042,7.9,3.3,Moderate,6.11,6.71
19,Male,181.7,104.1,31.54,1492,45,9715,8.2,3.2,Moderate,8.5,9.04
62,Female,165.9,94.5,34.32,2597,0,6034,6.3,1.4,Low,2.79,3.63
51,Male,169.7,66.7,23.17,3407,71,6439,5.9,2.8,Moderate,3.6,3.82
22,Female,166.2,100.4,36.35,1280,45,4928,8.4,1.9,Moderate,7.16,7.27
54,Female,161.9,45.0,17.16,1908,15,4344,6.0,1.5,Low,3.69,3.69
23,Male,183.1,112.7,33.63,2344,90,6338,9.2,1.5,Low,4.78,5.43
20,Male,169.5,53.9,18.77,3072,46,11668,6.1,3.3,Moderate,4.39,5.25
23,Male,162.1,86.9,33.08,1906,7,5357,6.5,5.0,Moderate,4.72,4.91
40,Female,152.8,85.7,36.73,2595,89,4812,6.8,1.9,High,5.71,5.86
47,Female,156.1,98.2,40.32,2174,82,8731,5.2,2.8,High,7.66,8.92
37,Female,162.6,72.1,27.26,3603,19,8018,5.2,2.9,Moderate,2.75,3.8
23,Male,168.2,45.0,15.91,2372,35,7761,8.1,2.1,Moderate,5.22,6.28
27,Male,169.2,72.1,25.18,2477,32,8888,4.9,3.9,Low,4.11,4.83
58,Female,152.6,74.1,31.81,2342,0,4466,10.0,4.6,Moderate,3.86,4.71
64,Male,169.7,45.0,15.62,2092,54,4853,6.9,2.1,Moderate,5.57,6.07
54,Female,152.0,78.8,34.1,2774,68,11451,5.8,4.2,Moderate,5.92,6.02
22,Male,163.8,58.6,21.86,1720,63,7489,7.5,2.1,High,7.37,7.49
57,Male,182.7,89.7,26.88,1299,45,10087,4.0,1.7,Low,7.28,7.88
51,Female,167.9,73.6,26.09,2224,71,12284,6.6,2.5,Moderate,6.01,6.94
43,Female,158.9,113.3,44.9,2707,13,10960,6.8,3.4,Moderate,4.5,5.04
24,Female,160.7,73.4,28.43,2009,95,3205,5.5,2.5,Moderate,6.66,7.48
65,Male,186.7,85.7,24.59,2393,23,7592,6.2,3.3,Low,3.91,4.48
39,Female,152.2,74.2,32.02,1689,26,11642,8.8,2.8,Moderate,6.26,6.97
20,Female,157.4,48.8,19.68,2831,28,9829,7.2,3.8,Low,4.02,4.89
28,Female,159.3,74.3,29.28,2625,26,8643,7.5,3.1,Moderate,4.89,5.96
37,Female,162.5,91.6,34.67,2309,39,2261,6.1,4.0,High,5.54,6.24
20,Female,165.9,88.8,32.27,2384,38,5842,5.4,1.8,Moderate,4.97,6.25
33,Female,160.4,72.7,28.28,1603,48,8242,6.7,2.4,Low,5.72,6.24
40,Male,174.2,51.8,17.07,1625,22,3009,4.1,2.6,High,4.37,5.44
63,Male,161.2,89.6,34.49,2239,49,10777,5.7,1.8,Low,5.81,6.61
22,Female,165.8,85.6,31.13,2556,14,7588,5.5,1.7,Low,4.03,4.03
45,Male,171.9,93.2,31.53,2582,65,1071,4.6,2.9,High,5.63,6.73
61,Male,174.5,73.1,23.99,2118,65,6016,7.8,3.2,High,7.15,7.43
56,Female,171.2,47.7,16.27,2672,44,6997,6.8,2.7,Low,4.08,4.59
62,Male,171.9,87.6,29.66,3010,26,7545,6.3,3.6,Moderate,4.16,5.07
26,Female,154.8,77.8,32.47,2255,53,12968,7.8,1.6,Moderate,7.02,7.36
56,Female,161.9,103.1,39.32,2454,20,10024,5.0,2.2,High,5.11,5.69
64,Male,173.9,78.5,25.97,2196,45,3220,5.4,1.5,Moderate,5.21,6.04
33,Female,159.8,77.2,30.23,2236,40,2786,8.3,2.7,Moderate,5.3,5.61
41,Male,175.8,85.5,27.66,2384,118,7066,9.7,3.0,Low,5.05,5.57
43,Female,165.9,67.3,24.42,3151,10,8441,7.8,3.8,Low,3.25,3.72
41,Female,165.5,66.4,24.24,2757,0,11473,7.6,1.5,Low,3.21,4.15
31,Male,175.9,76.2,24.65,2712,27,14054,6.3,2.9,Moderate,3.68,4.83
64,Male,172.1,61.4,20.75,2073,0,14244,6.3,3.9,Moderate,3.21,3.42
63,Male,182.0,73.9,22.3,1850,24,6451,7.3,1.7,Low,5.07,5.69
36,Male,176.6,112.9,36.21,2494,8,11270,8.6,1.5,Low,4.29,4.71
56,Male,172.7,96.8,32.43,2921,19,9489,7.5,1.3,Moderate,4.65,5.26
37,Other,172.5,83.5,28.08,3161,15,4182,8.1,3.2,Low,3.47,4.69
56,Male,173.1,105.9,35.34,1100,71,1392,5.9,1.9,High,8.35,9.08
46,Female,162.6,63.2,23.9,3523,43,8504,7.7,3.0,High,4.69,5.1
40,Male,173.5,122.8,40.78,2508,75,2766,6.2,2.4,Moderate,5.37,5.49
24,Other,169.5,69.7,24.26,2754,46,5019,7.2,4.2,High,5.52,6.47
49,Male,180.1,114.1,35.16,1430,71,5603,7.7,3.3,Moderate,8.19,8.63
33,Male,180.6,114.0,34.94,2181,36,8765,6.4,1.9,Moderate,6.53,6.86
28,Female,170.9,46.4,15.89,2711,89,12482,5.8,2.3,Moderate,5.5,6.21
27,Male,169.2,104.4,36.48,1712,58,8044,7.4,3.3,Low,7.19,7.99
65,Female,153.6,72.9,30.9,1100,23,6113,6.8,1.6,Low,5.52,5.99
22,Male,158.7,67.8,26.9,2467,62,1000,7.2,3.7,Moderate,5.73,6.0
56,Female,163.6,87.4,32.66,2275,45,9604,7.8,2.4,Low,7.01,8.08
59,Female,166.8,59.9,21.52,3020,39,8099,8.6,3.3,High,4.66,5.5
19,Female,158.6,87.0,34.61,2220,47,6076,7.8,2.4,Low,5.71,6.66
46,Male,176.7,61.1,19.57,2256,66,12081,7.6,2.1,Moderate,6.56,7.03
45,Male,169.0,81.2,28.42,2648,0,3832,6.4,2.0,Moderate,2.54,2.85
35,Male,167.9,102.0,36.18,2816,35,5602,6.6,4.2,Low,4.46,4.87
50,Male,170.1,85.0,29.36,1945,64,7142,7.5,2.3,Low,7.17,7.23
37,Male,179.8,71.5,22.12,2772,51,6032,6.6,5.4,Moderate,4.69,5.17
39,Female,172.6,87.7,29.47,2039,13,9927,7.5,2.7,Low,4.81,5.17
38,Female,176.4,52.7,16.93,2308,0,9623,6.0,1.8,Low,2.03,2.6
56,Female,163.6,62.9,23.49,2635,92,11678,9.3,1.2,Low,5.52,6.14
48,Male,180.6,70.3,21.55,2722,39,9758,7.2,3.7,Moderate,4.52,5.15
36,Male,180.8,92.2,28.2,2459,87,7596,7.2,2.4,High,6.22,6.61
62,Female,165.3,85.3,31.21,1759,67,6810,6.4,3.3,High,7.41,7.59
56,Male,182.4,87.6,26.35,1364,22,9593,9.3,4.7,Moderate,6.01,6.1
62,Male,169.1,77.5,27.1,2206,0,7333,5.5,3.2,Moderate,3.52,4.19
53,Male,175.9,63.8,20.63,2785,32,8165,6.2,2.9,High,4.1,4.75
36,Female,154.7,104.8,43.8,2524,43,9783,8.0,3.7,Moderate,5.85,5.97
55,Other,177.0,65.4,20.9,2421,57,8484,7.3,3.3,High,5.48,6.58
33,Male,194.4,85.5,22.63,2296,13,9080,6.3,1.5,High,4.18,5.07
31,Female,164.0,76.0,28.26,2454,49,5231,6.3,3.8,Low,3.98,4.23
39,Male,170.3,88.1,30.38,1802,49,12723,6.7,2.6,Moderate,7.76,8.45
64,Male,172.1,67.1,22.64,2690,72,4126,7.1,4.0,High,6.63,7.18
45,Female,166.3,96.9,35.07,2723,36,9537,8.9,3.1,Low,4.29,4.98
36,Male,185.6,102.8,29.85,2122,57,6299,7.7,3.7,Low,6.9,7.56
40,Female,161.1,95.8,36.92,2518,53,11788,8.2,2.4,Low,6.26,7.1
31,Male,165.6,80.8,29.47,1441,69,11093,6.5,1.2,Low,7.05,8.17
49,Male,165.9,70.2,25.5,2390,22,7992,7.6,3.1,Low,5.28,5.99
34,Female,158.2,128.8,51.49,2233,0,13441,5.1,3.5,Moderate,3.81,4.59
44,Male,181.5,60.2,18.27,2929,38,7344,7.2,2.1,Moderate,4.63,5.74
35,Female,163.8,93.9,35.0,2200,38,11085,7.1,2.4,Low,5.62,6.03
33,Male,182.9,84.0,25.11,2734,12,5458,9.2,0.8,High,4.17,4.44
64,Female,164.5,76.9,28.4,2104,2,9417,8.9,2.5,High,4.56,5.39
34,Male,166.6,81.3,29.32,1156,28,4736,6.7,1.5,Moderate,5.52,5.69
21,Male,170.3,68.8,23.74,2187,41,8068,6.0,3.1,High,5.74,6.05
36,Female,161.6,85.7,32.82,2398,47,7820,6.1,2.9,Moderate,6.02,7.15
43,Male,162.9,83.7,31.54,2375,0,11074,6.6,2.6,Low,3.38,3.38
22,Male,168.1,126.2,44.64,2382,0,5652,8.6,3.8,Low,4.67,5.38
32,Other,181.6,97.3,29.49,2046,76,18756,7.5,2.8,Moderate,8.25,8.34
25,Female,159.3,87.3,34.4,2138,39,3162,7.6,2.8,High,7.26,8.01
42,Female,157.1,88.4,35.79,1736,44,8815,8.0,2.9,Low,6.47,7.71
52,Female,163.7,111.1,41.45,1301,7,9007,5.8,2.1,Moderate,5.52,5.77
64,Female,165.1,60.5,22.21,2246,44,9883,6.1,3.5,High,5.92,5.92
36,Female,165.0,74.7,27.43,1927,34,6196,7.6,1.8,High,5.94,6.67
59,Female,155.2,45.0,18.69,2839,27,8846,6.1,3.0,High,3.82,4.2
28,Male,170.3,88.1,30.35,1209,4,6024,5.2,3.7,Low,5.19,5.73
55,Male,176.3,93.3,30.01,2445,20,14555,5.7,1.7,Low,4.1,4.82
45,Female,158.5,60.1,23.93,3360,100,5777,8.3,1.4,Low,4.92,5.72
54,Female,174.9,103.8,33.96,2208,35,7481,6.6,1.7,Low,4.55,5.35
54,Male,187.6,65.1,18.49,2298,67,5678,7.3,4.2,High,6.06,6.65
43,Male,172.1,71.8,24.25,2513,39,5199,5.8,2.1,Moderate,4.4,5.15
30,Male,176.8,80.2,25.63,2552,36,3096,7.5,1.5,High,4.9,5.43
43,Female,166.0,106.7,38.73,2095,27,10352,6.7,2.9,Moderate,4.87,5.35
57,Female,168.1,62.6,22.14,1795,82,5645,7.5,0.8,Moderate,6.41,7.01
64,Male,186.5,83.2,23.94,2626,55,5209,6.4,1.7,Low,2.82,3.62
62,Female,159.5,91.9,36.13,1345,22,4628,7.6,3.9,Moderate,6.63,7.01
26,Female,171.0,88.2,30.19,2716,33,9065,6.4,1.7,High,4.46,5.13
46,Female,162.0,88.9,33.87,2104,75,8075,6.9,2.4,Moderate,6.47,6.91
23,Male,170.0,91.7,31.72,2301,0,8091,6.7,2.9,High,4.56,4.91
50,Female,151.2,68.0,29.74,2037,53,5335,7.0,2.9,High,7.04,8.0
65,Female,166.5,108.4,39.09,3015,60,9523,7.3,2.1,Low,6.05,6.78
20,Female,160.2,76.0,29.62,2424,24,5681,6.4,3.1,Low,3.59,4.32
49,Male,172.7,73.6,24.68,2139,49,8245,6.9,3.9,Moderate,5.66,5.93
63,Female,163.6,102.3,38.18,2125,59,7510,7.2,1.6,Moderate,7.57,8.08
58,Female,163.3,66.6,25.0,2225,10,2090,7.6,2.2,Low,3.9,4.71
36,Male,172.2,83.8,28.25,3498,68,15100,6.9,2.5,Low,5.0,5.73
22,Male,181.6,65.0,19.7,1641,53,10011,5.9,3.2,High,8.23,9.73
62,Female,160.6,123.3,47.82,2841,40,8630,7.1,2.6,High,5.62,6.29
62,Female,151.8,119.6,51.87,2584,47,9183,7.8,2.5,Low,5.94,6.31
45,Male,161.2,76.0,29.27,3069,64,15183,5.4,1.2,Moderate,4.76,5.21
64,Male,165.8,87.4,31.79,2614,109,11979,5.4,1.6,Low,6.26,6.56
18,Male,168.8,78.1,27.42,2301,62,9220,6.2,2.8,Low,5.82,6.19
47,Female,154.8,71.7,29.91,2810,67,5520,6.8,2.1,Low,4.57,5.21
19,Other,165.4,80.2,29.31,2414,50,6073,4.4,2.3,Low,4.95,5.39
62,Male,164.3,77.3,28.62,2677,98,1688,7.7,2.5,High,5.84,6.91
50,Male,166.6,50.6,18.25,3014,3,6711,6.8,4.7,Low,2.94,3.85
61,Male,165.1,82.7,30.36,2346,0,10316,4.2,2.2,Moderate,3.58,4.48
45,Male,169.6,77.2,26.86,2087,49,10217,5.7,3.8,High,7.55,8.06
21,Female,158.8,83.6,33.14,1978,63,10156,6.6,3.8,Low,7.19,8.11
19,Female,160.8,76.6,29.61,2525,0,6196,4.9,3.3,Moderate,3.19,4.14
34,Male,166.1,71.5,25.93,1860,44,9928,8.2,1.8,Moderate,6.36,7.51
53,Male,171.1,93.7,32.01,2125,39,10884,7.2,2.7,Low,6.45,6.86
25,Male,169.6,87.6,30.44,1816,65,1000,7.8,2.2,Low,6.22,6.82
58,Female,142.6,103.1,50.72,2554,57,9065,5.8,4.4,High,6.65,6.98
29,Female,174.1,86.9,28.66,1923,0,15283,7.5,3.0,Moderate,4.74,6.26
41,Female,166.5,74.4,26.87,1656,14,6979,6.2,2.4,Low,4.37,4.9
27,Male,164.8,89.1,32.81,1744,22,1000,6.8,4.2,Moderate,4.67,5.72
40,Female,156.5,45.0,18.37,2014,65,5155,7.4,2.3,High,5.8,6.46
39,Male,169.4,115.9,40.38,2059,55,1649,6.9,3.1,Moderate,6.45,7.36
18,Female,162.1,82.9,31.58,2425,27,5779,8.0,3.2,High,6.29,6.88
45,Female,160.1,117.3,45.79,2219,49,3715,7.2,2.9,High,5.63,6.55
55,Female,166.6,62.4,22.47,2485,15,11257,6.4,2.5,Low,3.51,4.2
62,Female,169.5,57.9,20.14,2525,102,10724,8.0,3.4,Low,6.32,7.51
33,Male,173.0,84.6,28.27,2670,61,9200,8.3,2.0,Moderate,6.04,6.74
60,Female,160.3,84.5,32.89,1346,67,12291,7.1,3.6,Moderate,8.5,8.85
60,Male,162.3,84.1,31.91,1736,83,6021,8.6,2.3,Moderate,8.16,8.94
65,Male,167.7,81.3,28.92,2577,73,8257,6.7,3.8,Moderate,5.67,6.28
35,Male,170.4,66.7,22.97,2405,45,15680,6.8,3.5,Low,5.76,6.01
58,Male,170.8,51.3,17.58,2788,39,10048,7.0,3.1,High,5.39,6.12
45,Male,172.2,83.1,28.03,1527,81,10039,6.8,2.5,Moderate,7.77,8.16
20,Male,160.8,54.9,21.23,2062,45,5313,6.6,3.6,Moderate,5.55,6.07
30,Female,160.8,53.2,20.57,2151,24,6541,6.1,3.1,Moderate,4.41,5.02
50,Male,178.0,71.1,22.45,2383,100,4489,5.8,0.8,Moderate,5.47,5.47
25,Male,163.1,85.8,32.22,2317,18,13883,7.1,1.9,High,5.81,6.26
38,Other,171.2,113.8,38.84,2534,0,2546,8.4,2.8,Low,3.35,4.27
55,Female,161.1,95.6,36.85,2242,72,11199,8.0,2.9,Moderate,6.94,7.47
25,Male,167.7,103.8,36.89,2986,24,10033,7.5,3.2,Moderate,5.24,5.24
41,Male,176.7,89.8,28.74,3145,57,2388,8.5,4.0,High,5.41,5.98
28,Female,154.7,84.6,35.34,1741,95,11998,7.0,3.1,Moderate,8.5,9.27
43,Female,153.0,123.1,52.56,2322,6,7094,5.8,0.8,Low,3.9,4.4
29,Male,176.9,54.2,17.31,2698,43,3376,6.6,2.8,Moderate,3.79,4.29
64,Female,155.2,70.6,29.29,2592,86,9275,6.9,3.7,Moderate,5.99,6.44
21,Male,183.0,72.0,21.49,2096,64,5121,6.4,2.7,Low,5.64,6.45
64,Male,171.4,94.1,32.04,2427,39,7282,7.7,2.8,Moderate,5.12,5.43
56,Female,168.4,60.4,21.29,1508,111,6229,8.1,2.2,Moderate,7.65,8.44
59,Female,167.6,91.7,32.67,2290,42,4923,4.9,3.5,Low,4.73,5.24
58,Female,164.1,88.4,32.83,1569,56,3840,6.8,2.3,Low,5.79,6.83
27,Male,168.5,92.6,32.65,2553,91,10788,4.0,3.1,Moderate,6.77,7.2
62,Male,173.1,92.3,30.81,1742,72,9137,6.9,3.0,Low,7.2,7.41
46,Male,182.4,105.7,31.78,2381,82,8912,6.9,2.6,Low,6.7,7.52
64,Male,173.4,77.1,25.65,2459,19,6725,9.1,3.0,Moderate,4.52,5.29
60,Male,178.8,87.5,27.4,2337,79,8179,8.8,2.8,Low,5.73,6.48
45,Female,166.9,64.7,23.25,1984,49,5423,8.1,3.7,Low,5.27,6.16
35,Female,157.6,60.6,24.41,2194,24,5363,5.8,3.2,High,4.7,4.95
23,Female,173.3,109.8,36.53,2890,51,13985,5.8,3.5,Moderate,5.65,5.97
22,Male,174.0,63.4,20.95,2087,50,11095,5.7,1.9,Low,6.33,7.4
36,Male,164.3,89.5,33.19,2310,97,6034,8.8,1.9,Low,5.42,6.18
56,Female,169.9,87.6,30.34,2021,55,2763,5.9,2.7,Low,5.78,6.22
42,Male,168.8,99.1,34.81,2810,23,2046,6.5,3.3,Moderate,4.45,4.45
41,Female,163.2,48.2,18.07,2338,16,5780,5.9,3.1,Moderate,4.39,4.55
29,Male,181.7,94.0,28.49,1918,43,8376,5.5,1.9,Low,6.08,6.35
45,Female,151.7,77.0,33.44,2303,7,8414,7.4,3.3,High,5.77,6.17
48,Female,160.0,67.2,26.25,2179,24,8519,7.2,2.0,Moderate,5.23,5.94
65,Female,167.8,73.5,26.1,2996,38,9169,4.3,3.2,High,4.63,4.76
53,Female,162.5,96.7,36.62,2277,33,4365,5.4,2.9,Moderate,5.02,5.44
47,Female,172.3,91.2,30.72,1608,65,13277,7.3,2.4,High,8.5,8.66
61,Male,177.8,75.7,23.94,2549,24,7309,6.9,2.1,Moderate,3.83,4.28
38,Female,150.2,57.5,25.5,3193,0,9031,6.5,2.7,Low,2.2,3.63
62,Female,167.4,58.8,20.97,2898,0,5703,7.7,2.7,Low,2.54,3.55
35,Other,165.8,91.6,33.32,1748,44,9090,5.3,1.7,Low,6.17,6.97
24,Male,182.9,55.0,16.45,2165,28,15269,6.3,3.1,High,4.55,4.97
38,Male,187.2,75.9,21.64,2284,10,4537,7.6,3.6,Moderate,4.43,4.65
24,Female,167.2,126.3,45.15,2290,99,4095,6.2,3.4,Low,5.64,6.21
23,Female,156.3,86.3,35.31,2490,68,4974,7.4,2.9,Low,5.52,5.57
60,Male,174.7,91.4,29.94,2127,43,6833,5.6,2.2,Moderate,5.22,6.04
56,Male,182.1,58.9,17.76,1842,51,6175,6.0,2.7,Moderate,5.39,5.92
28,Male,178.1,55.9,17.64,2775,37,4357,4.9,2.5,High,4.23,4.82
58,Male,185.5,92.3,26.82,1738,9,7826,4.5,2.7,High,5.67,5.69
21,Male,175.7,72.9,23.63,1898,73,13463,6.4,3.4,Moderate,7.3,7.92
31,Male,163.1,99.1,37.27,1735,68,7475,7.5,2.5,Low,7.01,7.52
51,Male,173.2,80.6,26.87,2606,0,7662,6.9,0.9,Moderate,3.29,3.55
32,Female,161.9,142.0,54.15,2353,51,9200,8.4,3.3,Moderate,7.05,7.73
53,Male,172.3,69.5,23.42,2741,54,10266,6.5,3.0,High,5.99,6.45
59,Male,179.3,85.0,26.45,1907,35,12806,4.5,2.7,Low,5.41,6.12
21,Male,173.5,63.7,21.17,1673,103,8840,7.4,1.5,Moderate,8.1,8.92
19,Male,169.2,98.4,34.35,2078,100,7990,5.7,1.9,Moderate,7.18,7.4
63,Other,165.3,87.7,32.1,2208,34,4529,7.2,2.0,Moderate,5.96,6.6
42,Female,157.0,62.5,25.35,2404,38,10589,4.3,2.1,Low,4.02,4.65
42,Male,175.6,74.1,24.02,1458,35,5044,6.7,2.2,Low,5.23,6.26
40,Male,158.3,104.5,41.69,2539,27,4935,7.8,1.5,High,5.09,5.98
38,Male,167.8,102.3,36.36,1852,19,8675,7.7,4.5,Low,5.2,5.68
51,Male,158.0,54.3,21.76,1976,59,13395,6.7,4.0,Moderate,6.8,7.25
45,Male,169.1,71.4,24.98,2886,99,10542,6.9,2.8,Moderate,5.98,6.63
25,Male,183.6,112.6,33.41,1208,88,7868,6.4,2.6,Low,6.78,6.99
48,Male,164.5,76.8,28.37,2461,67,4564,6.6,4.2,Moderate,4.76,5.02
50,Female,154.6,83.1,34.75,2459,0,13327,7.8,4.1,Low,4.2,4.64
23,Male,196.8,98.3,25.38,1890,0,7801,6.1,1.9,Moderate,4.24,4.24
36,Male,185.6,55.8,16.2,2076,74,6984,6.2,2.8,Low,5.73,5.98
55,Female,162.7,62.9,23.77,2910,90,9943,5.1,2.4,Moderate,5.01,5.5
47,Male,180.9,74.0,22.61,3281,60,6431,7.8,2.4,Moderate,4.56,6.12
24,Male,163.0,101.5,38.18,2832,36,5364,6.6,2.5,High,5.18,5.55
19,Male,161.4,98.2,37.67,3242,82,5700,5.5,2.5,Low,4.06,4.89
45,Male,174.2,92.8,30.56,1954,66,5690,8.0,2.8,Low,6.7,7.23
40,Male,177.2,77.3,24.62,1509,76,4054,6.9,2.8,Low,6.32,7.08
64,Female,150.6,100.1,44.17,2273,0,3663,6.0,3.9,Low,3.48,3.7
43,Female,169.4,77.1,26.86,2702,54,11402,8.0,1.9,Moderate,6.37,6.43
62,Male,175.5,90.2,29.27,1372,94,10340,6.5,3.5,High,8.5,9.58
28,Male,175.3,96.2,31.32,1836,59,5120,5.1,1.6,Moderate,6.6,6.74
39,Female,165.6,110.3,40.22,1892,71,11109,8.1,2.8,Low,7.83,8.95
24,Female,161.3,78.8,30.29,2478,46,9082,5.9,3.5,High,6.29,6.76
45,Male,167.2,73.3,26.22,2413,47,6866,10.0,3.1,Moderate,4.6,4.91
27,Male,176.2,103.1,33.2,1912,84,3709,6.4,2.3,Moderate,6.66,7.08
41,Male,175.6,104.5,33.9,2389,26,9195,4.5,2.9,Moderate,5.09,6.25
34,Female,169.0,70.0,24.51,1727,23,14528,9.0,4.1,Moderate,5.02,5.38
26,Male,179.3,59.9,18.63,2086,31,8051,6.9,2.1,High,5.19,5.66
22,Male,182.2,101.7,30.64,1667,45,11495,7.2,3.1,Low,7.54,8.48
42,Male,179.4,50.2,15.61,2224,0,7258,7.4,3.5,Moderate,3.93,4.7
63,Male,165.7,49.3,17.98,1899,65,11226,5.3,2.3,Moderate,7.16,8.48
27,Male,174.8,75.0,24.54,2645,40,7474,4.3,4.2,High,5.01,6.02
37,Female,164.4,79.8,29.54,2286,68,1000,9.3,4.5,Moderate,4.71,5.07
28,Female,156.4,58.9,24.09,2186,0,5473,5.1,3.6,Low,2.96,4.02
56,Male,166.7,82.0,29.49,3184,69,8462,8.9,3.6,High,4.79,4.79
37,Male,184.2,82.8,24.4,2491,82,11789,7.6,1.0,Moderate,6.19,7.06
64,Female,155.7,69.4,28.6,2115,57,7462,7.1,1.4,Moderate,6.81,7.18
29,Male,183.2,114.6,34.14,2008,45,8104,6.4,2.5,Low,5.44,6.25
21,Male,182.4,85.7,25.77,1709,69,5944,9.7,2.0,High,6.95,8.24
45,Male,171.8,98.3,33.3,2267,80,13463,6.1,3.2,Moderate,7.37,7.39
49,Female,163.1,51.8,19.47,2453,59,13252,6.1,0.8,High,5.88,6.8
65,Female,178.5,51.6,16.2,1342,61,5633,7.7,3.2,Moderate,7.14,8.03
59,Female,167.2,86.3,30.85,1618,91,2692,6.1,2.4,Low,6.55,7.38
60,Female,163.0,111.4,41.95,2041,66,1674,5.7,2.1,High,6.96,7.21
48,Male,182.1,59.8,18.05,1750,22,10111,6.9,4.3,Low,4.3,4.87
35,Male,175.2,80.6,26.27,2321,80,8473,7.8,2.3,Low,5.42,5.69
38,Male,186.0,55.8,16.11,2391,41,5263,9.2,1.1,High,4.22,4.97
24,Female,144.4,65.1,31.19,2238,45,8951,9.4,3.0,High,6.42,6.57
38,Female,174.1,81.5,26.88,2575,47,3693,4.8,2.9,High,5.27,5.72
35,Male,186.2,69.1,19.94,2007,72,10782,8.2,2.4,Low,6.91,7.74
19,Female,164.7,54.5,20.08,2277,93,6661,5.8,4.7,Moderate,5.55,5.89
27,Male,169.3,54.1,18.87,1798,45,4214,5.8,2.8,Moderate,5.87,6.34
43,Male,166.9,45.0,16.15,2442,93,6715,6.3,3.5,Moderate,4.76,5.04
35,Male,156.4,86.6,35.38,2337,49,6594,6.2,2.9,Moderate,5.08,5.77
65,Female,174.5,88.8,29.13,1700,84,9277,5.7,3.7,Moderate,8.26,8.81
40,Female,162.9,88.7,33.4,2222,50,12080,4.1,2.3,Low,5.98,6.32
64,Female,158.0,61.6,24.67,2281,31,11899,8.7,1.6,Moderate,5.19,5.57
49,Female,149.7,96.1,42.89,2440,98,8558,8.0,3.3,Low,7.2,7.85
19,Female,171.7,90.7,30.79,2459,28,7344,6.9,2.9,High,5.49,5.72
27,Female,161.5,78.1,29.95,1939,26,6009,5.8,3.3,High,5.64,6.22
51,Female,149.7,75.2,33.54,2681,9,1811,8.4,2.0,Moderate,4.27,4.88
44,Male,174.7,66.3,21.72,2561,80,7932,6.9,3.0,High,5.28,5.93
32,Female,153.1,81.5,34.77,1937,87,5021,6.2,1.2,High,6.9,7.32
43,Female,161.1,107.1,41.28,1728,55,12264,5.0,2.2,High,8.19,9.0
61,Female,163.5,98.5,36.86,1975,17,7297,7.6,2.0,High,6.12,7.06
36,Male,164.4,73.4,27.15,1564,44,10614,6.5,3.0,Moderate,6.33,7.15
20,Female,167.4,87.7,31.28,2404,36,6311,7.3,2.2,High,5.89,6.56
32,Female,162.6,58.2,22.02,2891,16,5635,7.1,1.4,Low,3.26,3.36
62,Male,173.4,91.1,30.3,3010,31,10116,7.7,2.1,High,5.49,6.68
54,Other,172.1,63.0,21.29,1755,59,8971,7.2,3.1,Moderate,7.48,8.1
58,Male,170.4,90.4,31.13,2693,28,9127,6.6,2.7,Moderate,4.29,5.0
61,Male,176.4,131.4,42.27,2342,53,7671,7.6,1.9,Low,5.39,5.75
23,Male,178.4,67.7,21.28,1102,0,10762,8.1,3.4,Low,4.91,5.43
31,Female,154.8,130.6,54.49,2133,92,10256,8.8,4.0,Low,8.35,9.37
20,Female,160.5,86.8,33.7,2078,34,1000,5.6,3.4,Low,4.63,5.5
18,Male,186.7,64.5,18.5,2905,69,7098,8.3,0.8,Moderate,4.92,5.41
58,Female,164.1,63.7,23.66,1864,50,11551,5.0,2.8,Low,6.86,7.99
62,Male,161.2,120.6,46.4,2581,56,4431,8.2,2.5,High,6.19,6.44
25,Male,173.9,86.9,28.73,2246,13,2076,6.2,0.8,High,4.17,4.18
52,Female,152.5,67.8,29.14,1577,23,7514,7.9,1.4,Moderate,6.06,6.06
43,Female,159.3,74.3,29.28,2023,24,9822,8.7,3.3,High,5.82,6.69
21,Female,166.2,85.8,31.03,3065,45,6388,7.2,2.8,Moderate,5.21,5.57
61,Female,178.1,77.8,24.53,2213,82,12525,6.9,2.7,High,6.64,7.19
59,Other,184.0,84.2,24.87,2752,57,14452,6.9,2.0,Moderate,5.49,6.47
45,Male,176.7,109.9,35.21,2725,19,1262,6.4,3.6,Moderate,4.05,4.76
51,Male,161.6,57.7,22.08,2075,47,6656,8.3,1.5,Low,5.53,5.72
37,Male,179.8,89.6,27.72,1658,42,1000,6.9,1.8,High,6.38,7.55
56,Female,157.0,76.7,31.11,1724,35,10313,4.4,2.3,High,6.81,7.3
39,Female,167.8,69.0,24.52,3025,44,5620,8.1,1.2,Low,3.77,4.34
65,Female,158.6,97.3,38.69,2375,66,6334,8.0,1.8,Low,5.27,5.62
21,Male,177.4,51.7,16.42,1433,24,12018,7.1,3.6,High,6.47,6.68
26,Male,162.2,45.0,17.1,2716,35,3350,6.1,1.8,High,3.64,4.32
64,Female,154.9,82.0,34.18,1406,72,2471,5.6,3.3,Moderate,7.82,7.92
31,Other,161.1,75.5,29.11,1886,58,1000,6.1,3.2,Low,6.05,6.62
32,Male,179.2,53.6,16.71,2340,80,12446,7.2,2.4,Moderate,6.13,7.28
55,Male,185.2,47.2,13.77,3560,85,11633,4.8,1.3,Low,4.21,5.08
27,Male,164.1,112.8,41.89,2708,6,6971,7.5,2.7,High,5.39,6.06
42,Male,168.6,86.3,30.36,2058,53,3536,7.1,0.8,Low,5.98,6.19
31,Male,166.9,78.4,28.11,2314,30,10919,8.5,2.1,Low,5.09,5.67
27,Male,170.4,117.5,40.49,2759,11,17641,7.8,2.8,Moderate,4.89,5.21
64,Female,170.6,96.4,33.11,3010,22,7175,6.1,3.4,Moderate,4.37,5.47
27,Male,170.5,109.8,37.81,2176,36,3789,5.0,2.5,High,6.1,6.53
22,Male,179.2,56.8,17.67,2190,36,12345,6.0,2.1,Moderate,5.54,5.86
50,Male,182.5,56.1,16.84,1884,28,4036,8.7,2.0,Low,4.61,5.14
59,Female,167.6,89.1,31.74,2632,44,6716,7.4,2.2,Low,4.95,5.28
24,Male,165.1,85.5,31.37,2812,113,1000,7.7,3.2,Moderate,6.15,6.83
51,Male,185.1,100.5,29.33,1330,0,6938,6.2,2.9,Low,4.51,5.75
43,Male,185.7,48.6,14.1,2101,76,3525,7.6,2.6,Moderate,5.68,6.28
57,Female,155.0,90.7,37.76,1693,44,12405,5.2,3.2,Moderate,5.88,6.16
24,Female,161.5,95.8,36.71,2375,32,4583,8.1,2.6,Moderate,5.71,6.25
64,Male,168.0,94.9,33.61,1681,0,10729,5.6,1.4,Low,3.73,3.88
47,Male,166.1,70.7,25.61,1639,66,7632,4.6,1.6,High,6.49,8.09
58,Male,165.2,87.3,32.01,2861,4,8438,9.7,3.1,Moderate,3.62,4.85
35,Female,167.8,64.0,22.74,2217,68,9827,7.2,1.4,Moderate,7.54,8.58
63,Female,163.4,72.7,27.25,2270,93,7812,7.1,2.3,Moderate,5.91,6.77
48,Male,184.5,59.2,17.41,2515,9,5732,4.8,2.5,Moderate,3.66,4.2
24,Male,170.1,64.3,22.23,2785,77,5157,7.7,1.7,Moderate,4.83,5.38
62,Female,157.8,73.7,29.57,2090,45,9781,8.1,1.1,High,7.52,8.04
56,Female,160.6,69.2,26.81,2101,0,1343,6.8,1.5,Moderate,3.04,4.47
32,Male,168.9,64.3,22.55,2103,11,13873,8.1,1.0,Low,3.81,4.34
44,Male,179.9,54.6,16.88,2840,49,8461,8.4,3.2,High,4.65,5.05
36,Male,176.9,113.3,36.2,2265,56,6819,7.6,3.0,Moderate,5.99,6.56
44,Female,157.1,69.0,27.97,2154,0,8931,4.4,1.9,Low,3.0,3.78
64,Female,169.1,83.9,29.34,2495,45,5919,5.6,1.4,Low,4.2,4.2
61,Female,167.3,46.3,16.55,3215,68,7376,9.0,3.6,Moderate,3.98,4.71
28,Female,167.4,102.4,36.57,2337,72,4038,7.1,3.0,Moderate,6.03,6.03
64,Male,167.3,81.0,28.95,2165,33,9312,7.1,2.0,High,6.32,7.44
39,Male,181.2,70.0,21.33,3271,57,7725,6.0,3.7,Low,3.06,3.06
51,Male,176.0,70.2,22.64,2964,75,8656,6.2,2.7,Moderate,5.23,5.55
54,Female,164.0,93.6,34.83,2892,68,13190,8.4,2.9,Low,5.53,5.53
41,Female,161.2,45.0,17.32,2049,69,5185,8.8,1.7,Moderate,6.4,7.63
39,Male,176.8,63.2,20.22,2000,48,7548,8.0,1.2,High,7.26,7.86
39,Male,182.7,75.9,22.74,1382,42,2220,7.7,1.2,Low,6.4,7.78
59,Female,157.0,75.6,30.7,2782,52,9925,7.8,4.5,High,6.99,8.28
36,Female,161.6,123.1,47.12,2338,23,7938,6.9,1.9,Low,3.91,4.94
31,Female,149.8,71.9,32.05,1399,76,8060,5.6,2.7,Moderate,7.99,8.09
35,Male,170.0,95.8,33.18,2900,2,7449,5.3,3.0,Moderate,3.45,4.11
27,Female,155.3,110.6,45.89,2131,30,5976,8.6,2.6,Moderate,5.66,6.74
36,Female,158.7,90.1,35.76,2192,43,16736,7.0,2.5,High,6.43,7.17
23,Female,160.5,65.9,25.57,1543,58,8133,7.6,2.4,Moderate,7.96,8.43
22,Female,162.3,54.9,20.84,2546,63,9037,7.3,3.0,High,6.56,7.28
52,Female,159.6,91.4,35.89,2550,86,4012,7.3,1.7,Moderate,6.22,6.98
21,Female,161.5,107.6,41.24,2276,47,11097,7.4,2.2,Moderate,6.93,7.01
45,Female,161.6,87.8,33.64,2090,24,7567,7.8,0.8,Low,5.15,5.55
55,Male,180.0,100.2,30.92,3613,40,9560,6.1,0.9,Moderate,3.45,4.28
52,Male,173.6,124.7,41.35,1698,36,11158,8.4,1.4,High,8.02,8.93
39,Female,169.6,93.1,32.37,1939,59,7636,6.1,3.4,Moderate,6.71,7.4
27,Female,147.3,58.2,26.83,2654,15,5630,7.3,2.4,High,4.49,4.95
62,Male,169.4,78.9,27.52,1792,40,1000,5.6,3.2,High,6.37,6.9
58,Male,172.2,102.7,34.62,1755,90,6644,6.8,2.9,Low,6.7,7.03
47,Female,164.9,73.5,27.03,2865,50,5611,6.2,2.8,Moderate,4.5,5.06
22,Female,151.8,105.1,45.6,2602,15,3999,7.0,1.8,High,5.13,6.03
19,Female,158.5,76.8,30.57,2542,35,13085,7.9,2.7,Low,4.91,6.36
33,Male,183.5,84.0,24.94,2390,0,11439,7.1,2.8,Low,3.8,3.98
25,Female,169.5,71.7,24.95,1953,43,1595,9.4,4.6,Low,5.86,6.9
59,Female,164.3,80.9,29.95,2173,91,8537,8.0,2.3,High,8.03,8.77
27,Male,156.0,81.8,33.64,2260,11,5139,6.7,3.3,High,5.03,5.07
31,Male,168.9,49.0,17.19,2723,4,9283,6.9,2.5,High,3.25,3.81
64,Other,184.6,70.1,20.56,2512,26,5201,7.5,2.0,Moderate,4.19,4.73
57,Male,187.0,55.8,15.96,1836,70,6113,7.8,3.4,Moderate,6.14,6.74
28,Female,161.4,70.7,27.11,2694,92,11370,5.5,4.3,Low,5.94,6.9
36,Female,161.9,63.7,24.29,1460,57,10867,7.8,2.8,High,8.5,9.79
42,Female,159.3,96.2,37.91,2139,8,13283,5.6,2.0,High,4.92,5.98
49,Male,173.7,96.4,31.97,1728,44,7240,7.6,3.0,Moderate,7.74,8.41
62,Female,159.1,88.1,34.79,1871,95,2905,8.3,2.9,Low,7.05,7.76
59,Male,186.5,55.2,15.86,3263,36,11224,7.4,4.6,High,4.49,5.82
64,Female,156.6,76.2,31.07,1564,48,11244,4.2,3.3,High,7.84,8.07
19,Male,174.1,53.8,17.73,1890,51,10198,4.9,1.8,High,6.74,7.78
29,Female,168.1,75.3,26.67,2555,1,5396,7.7,3.7,Moderate,4.67,4.86
45,Female,157.9,89.7,35.97,2064,72,4252,4.1,3.3,Moderate,6.82,6.89
20,Male,179.0,95.9,29.91,2377,68,9875,7.7,3.4,Moderate,7.58,8.4
35,Male,168.2,86.5,30.58,3014,0,4898,8.2,3.0,Moderate,3.31,3.33
25,Female,154.0,100.7,42.45,2627,7,6922,8.4,3.5,High,5.35,5.81
62,Male,185.0,82.7,24.17,2065,17,18172,6.7,3.0,Low,4.5,5.58
21,Male,160.9,73.8,28.51,2233,65,15451,7.5,2.4,Moderate,7.35,7.63
25,Male,187.1,93.7,26.77,2565,23,10774,7.3,2.7,High,5.93,7.15
27,Female,174.4,94.3,31.02,2617,56,5682,5.2,2.5,Low,4.63,4.63
25,Female,156.4,68.6,28.04,2310,39,5471,7.9,2.9,Moderate,5.6,6.56
45,Male,181.8,84.8,25.67,2480,46,10505,8.7,2.7,High,6.01,6.12
35,Other,174.0,72.7,24.01,2480,58,13239,7.8,2.3,Moderate,6.57,7.1
61,Male,163.5,45.0,16.84,2253,52,6209,6.4,2.4,Moderate,4.81,5.48
30,Male,177.4,85.9,27.3,1997,44,6401,7.9,2.6,Moderate,7.04,7.54
43,Male,174.5,54.7,17.96,2671,54,8306,8.6,1.0,Low,4.03,4.54
49,Male,172.3,83.9,28.27,2445,51,3138,8.4,3.5,Moderate,5.59,5.68
48,Male,169.0,50.4,17.63,1259,39,3245,8.2,2.9,High,6.71,7.81
56,Female,164.5,65.0,24.03,1887,32,3883,5.1,2.0,Low,3.78,3.95
27,Male,169.3,70.2,24.48,2059,97,9911,7.5,3.1,Low,7.81,7.98
42,Female,158.6,99.6,39.59,2199,32,8951,7.8,2.1,Low,5.78,6.34
56,Male,172.1,68.4,23.1,2901,83,11979,8.2,2.1,Moderate,6.6,6.96
59,Male,171.0,58.7,20.06,3901,25,1919,7.6,2.9,Moderate,2.97,3.86
47,Male,169.7,84.6,29.37,1100,67,2690,8.9,3.9,Moderate,8.08,8.49
49,Female,163.1,74.1,27.84,2452,94,9595,4.8,2.9,Moderate,6.36,6.96
59,Female,175.8,92.2,29.84,2334,35,4947,7.7,1.9,Moderate,5.79,6.43
47,Male,176.9,59.8,19.11,2209,26,5201,7.6,2.3,Moderate,4.42,5.36
63,Male,172.1,81.8,27.62,2571,32,11544,8.1,3.4,High,4.73,5.15
24,Male,162.6,122.5,46.31,2374,44,6064,8.9,3.0,Moderate,5.04,5.06
34,Female,159.7,73.7,28.89,2119,54,6474,5.9,3.5,High,6.55,6.87
23,Male,176.5,81.4,26.11,2314,43,7124,8.8,3.0,Moderate,4.95,5.95
22,Female,162.2,48.1,18.29,2578,33,7337,8.0,3.3,Moderate,4.68,5.4
40,Male,176.1,62.6,20.21,2530,99,10397,6.8,4.4,Low,5.73,6.2
28,Male,187.8,86.3,24.45,2394,39,3764,5.9,1.4,Moderate,4.87,5.49
37,Female,163.8,72.1,26.85,2008,27,7341,7.2,4.8,Moderate,6.09,6.6
39,Male,162.4,89.1,33.78,3709,68,12068,7.3,3.4,High,6.0,6.88
47,Male,167.2,85.6,30.63,2479,68,15464,7.4,5.0,Moderate,6.53,7.25
63,Female,167.7,54.3,19.3,2681,84,3251,6.2,1.7,High,4.43,4.93
58,Male,171.2,96.3,32.85,2046,98,9158,7.7,2.9,Low,8.5,9.42
36,Male,175.2,55.6,18.12,2394,54,7334,6.5,2.7,Moderate,4.39,5.4
33,Male,176.5,64.2,20.62,2390,36,7654,8.5,3.4,Moderate,5.26,5.53
54,Female,163.4,82.1,30.77,1344,0,5236,9.1,3.0,Low,4.47,4.76
23,Female,170.4,106.2,36.56,1941,18,10645,6.0,2.9,Moderate,5.25,6.69
43,Male,164.8,59.9,22.07,1932,50,10465,7.1,3.3,Low,7.01,7.83
38,Female,167.2,80.7,28.84,1999,11,16830,8.2,2.5,Low,4.83,6.01
26,Female,158.8,80.8,32.06,1765,0,3376,7.3,2.1,Moderate,5.79,6.7
47,Female,160.6,89.8,34.84,2321,46,1882,5.4,3.0,High,5.17,5.93
33,Female,161.2,99.3,38.23,2998,66,15191,8.0,2.1,High,7.29,7.29
26,Female,161.6,70.7,27.07,2365,38,7818,6.3,2.5,High,5.43,5.6
49,Female,170.2,96.2,33.22,1709,70,6401,7.2,1.3,Low,7.26,8.08
26,Male,157.6,101.9,41.07,1784,62,8658,5.8,2.7,Low,7.22,7.51
50,Male,178.5,110.1,34.56,2111,77,3118,8.0,1.8,Low,6.14,6.69
25,Female,161.4,87.0,33.39,1592,105,9315,6.5,2.6,Moderate,8.15,9.07
38,Male,185.5,80.8,23.48,2452,118,7719,8.1,1.6,High,6.22,6.86
56,Female,166.7,69.5,24.99,2976,65,11758,6.7,2.6,Moderate,5.47,6.21
28,Male,175.8,51.7,16.74,2012,32,10999,6.4,3.4,Moderate,5.02,6.11
54,Female,159.5,73.0,28.69,2338,46,11291,7.5,2.1,Low,6.28,7.4
52,Male,174.7,80.0,26.22,2085,89,8667,5.7,1.8,Moderate,7.37,7.95
61,Female,169.1,76.0,26.6,1985,19,13615,9.2,3.3,High,5.69,6.74
26,Male,174.3,88.8,29.22,2394,85,10016,7.2,3.4,Moderate,6.64,6.9
52,Male,175.7,51.8,16.79,1968,40,6134,6.3,3.0,Moderate,4.78,5.45
62,Female,160.8,74.7,28.88,1895,51,5167,6.5,2.2,Moderate,5.73,6.53
54,Female,176.0,113.9,36.77,1490,22,5562,7.0,2.0,Moderate,6.64,7.2
27,Female,167.6,95.9,34.14,2332,7,10060,8.2,2.3,Moderate,4.48,5.0
57,Other,172.6,89.1,29.9,2833,37,3339,5.9,2.5,High,4.67,4.87
23,Male,170.6,85.0,29.21,2653,81,8542,6.6,1.0,Moderate,5.71,6.3
46,Female,166.0,71.4,25.93,3045,25,5084,6.9,1.7,Low,3.06,3.1
41,Male,161.1,46.4,17.89,1962,90,3614,8.9,3.7,Moderate,6.12,6.67
43,Female,152.0,86.2,37.32,2725,28,4179,8.2,2.8,Low,4.71,5.33
42,Male,177.8,45.0,14.23,1748,15,7916,8.9,3.7,Low,3.97,4.83
19,Male,172.8,72.1,24.17,2654,52,10673,7.0,3.5,Low,5.95,6.14
42,Female,165.7,77.9,28.38,3122,64,5634,8.7,2.3,High,5.91,6.63
62,Female,165.1,70.0,25.66,2549,50,1000,8.5,2.3,Low,4.85,5.65
38,Male,185.3,117.1,34.1,3130,49,19040,7.8,3.5,High,6.59,7.18
31,Female,166.4,110.8,40.02,2000,89,11912,7.9,3.3,Low,7.92,8.68
65,Female,158.5,96.6,38.44,2232,47,11262,6.3,3.5,Moderate,6.54,7.24
22,Male,173.3,61.3,20.43,1842,31,13697,9.2,2.6,High,5.91,5.91
41,Female,158.3,112.6,44.94,2317,13,8323,6.7,2.7,Low,4.11,4.39
42,Male,164.7,89.1,32.86,2434,80,7527,7.7,2.4,High,7.0,8.35
40,Male,179.2,61.0,19.01,2313,33,12745,7.8,2.6,Moderate,5.32,6.14
62,Female,171.6,78.6,26.69,2062,35,12721,5.4,2.0,Low,5.52,5.91
38,Male,155.1,95.3,39.61,2054,74,10153,6.9,2.5,High,8.45,9.18
64,Male,177.3,67.2,21.39,2472,102,11088,7.2,2.5,Low,5.86,6.71
21,Female,141.6,80.5,40.19,2220,52,3664,6.9,2.2,Low,4.51,5.65
53,Male,171.9,83.7,28.34,1724,41,7098,7.0,3.3,High,6.8,7.26
46,Female,159.6,58.2,22.84,1351,44,13963,8.8,1.3,Low,6.99,7.38
29,Female,155.9,73.1,30.08,2002,32,10815,6.0,2.9,Moderate,5.77,6.19
28,Male,171.4,59.5,20.27,1608,35,2882,5.5,1.8,Low,5.01,5.41
52,Female,159.1,93.6,36.99,1882,35,6141,6.3,1.8,High,6.89,7.28
48,Male,170.1,61.7,21.32,2088,70,13393,7.9,1.9,Moderate,7.36,8.03
47,Female,163.1,83.3,31.29,2226,42,9593,8.0,3.0,Low,5.32,5.78
20,Male,183.5,53.0,15.73,1966,83,8636,7.7,0.8,High,7.52,8.1
46,Female,165.5,57.6,21.04,3395,41,8741,8.1,2.8,Moderate,3.95,5.21
65,Male,160.0,56.7,22.16,1669,34,7707,7.3,2.6,High,6.12,6.39
18,Female,159.3,72.8,28.69,2904,80,6165,6.4,1.7,Moderate,5.1,5.82
40,Male,172.5,81.2,27.32,2218,45,5082,5.9,2.8,Moderate,5.2,5.4
41,Male,170.9,84.6,28.96,1971,41,11536,5.5,1.5,Low,5.59,6.51
61,Male,173.1,46.1,15.38,2593,45,8831,6.7,2.6,Moderate,5.13,6.12
31,Female,160.2,75.0,29.22,2073,86,10474,7.9,1.5,Moderate,8.05,8.35
40,Other,169.8,64.5,22.37,1896,53,9913,7.3,4.4,Moderate,7.17,7.53
52,Male,178.0,87.6,27.64,3194,79,12930,7.0,3.4,Low,5.4,6.24
20,Male,166.3,73.2,26.46,1202,38,9591,5.7,2.8,High,7.44,7.94
56,Male,171.6,76.5,26.0,2177,75,10882,10.0,1.7,Low,6.5,7.59
57,Male,156.3,64.6,26.45,2395,51,8585,6.0,2.4,Moderate,5.39,5.57
52,Female,160.3,109.0,42.43,3004,69,4683,7.1,2.4,Moderate,5.9,6.88
49,Female,166.6,54.9,19.77,2100,72,7210,8.2,2.8,Low,6.57,7.95
53,Female,170.8,70.8,24.27,3630,18,10064,7.1,3.0,Moderate,3.92,4.66
55,Male,177.8,79.9,25.28,2679,47,10371,6.0,2.8,Low,5.06,5.44
61,Male,178.4,73.5,23.09,1116,71,13078,8.0,2.9,Low,8.41,8.74
38,Female,159.5,64.2,25.26,1573,76,6390,5.4,2.4,High,7.13,7.67
39,Male,177.1,45.4,14.47,2418,80,8790,9.1,2.9,Moderate,5.87,6.71
48,Female,158.3,65.6,26.16,1728,47,7547,7.3,2.0,Moderate,7.12,7.2
27,Male,164.6,60.7,22.41,2573,88,13685,6.7,1.6,Low,5.56,6.05
59,Male,173.2,108.2,36.08,2073,26,9317,5.3,4.3,Moderate,5.56,6.2
54,Female,165.4,118.8,43.42,1701,3,9384,5.6,3.0,Low,3.39,4.54
48,Male,185.4,77.1,22.43,1817,37,7875,6.9,4.2,Low,5.77,7.02
32,Other,177.0,52.7,16.83,2725,78,7212,9.3,2.4,Moderate,4.53,5.08
34,Male,168.3,91.3,32.24,1288,14,2929,7.3,4.8,Moderate,6.08,6.29
38,Male,171.8,60.3,20.44,2822,3,3585,7.4,2.7,Low,2.99,3.64
49,Male,175.1,68.1,22.23,2837,0,8625,7.5,3.6,Low,2.95,3.61
55,Male,173.5,66.7,22.16,2134,65,8189,9.8,2.6,Moderate,5.32,6.33
50,Female,170.8,69.0,23.66,1597,4,8645,6.5,2.7,Low,3.81,4.25
62,Male,174.5,71.6,23.51,2577,60,11294,8.9,2.5,Low,4.74,5.0
64,Female,166.7,54.4,19.56,2056,35,8325,6.5,2.2,High,5.37,5.96
51,Female,164.8,65.4,24.06,1542,23,6780,6.2,3.5,Low,4.92,5.4
35,Male,171.0,96.4,32.95,3254,17,7265,6.9,2.6,Moderate,3.45,3.93
46,Male,178.5,77.4,24.3,1857,50,8853,6.9,3.3,High,7.48,7.78
38,Male,171.1,80.3,27.41,1563,23,6669,7.7,3.4,Low,5.89,6.05
48,Female,170.1,45.0,15.55,2442,44,11725,4.2,3.9,Moderate,4.41,5.22
56,Female,169.6,95.1,33.05,2266,56,7960,7.2,3.0,Moderate,6.51,7.2
35,Male,184.9,65.7,19.21,3043,62,8880,6.3,1.2,Low,4.66,4.98
42,Female,171.1,98.2,33.54,2109,71,5142,6.1,2.3,Low,6.26,7.15
20,Male,182.4,80.8,24.28,2115,49,11727,5.4,2.6,High,7.31,7.31
53,Male,164.4,67.9,25.13,2467,15,13036,6.6,2.6,Low,3.9,4.36
41,Male,174.1,47.8,15.76,2399,58,3228,6.4,3.8,High,5.07,5.74
40,Other,183.8,117.1,34.68,2415,63,9403,6.5,3.6,Moderate,6.76,7.75
43,Male,176.2,92.5,29.79,2435,39,7622,5.0,2.5,Moderate,4.53,4.93
28,Male,178.4,93.5,29.38,2382,36,8994,7.1,4.8,Moderate,5.82,6.81
46,Male,162.9,110.7,41.73,2091,114,9582,6.1,2.3,Moderate,8.15,8.52
53,Female,163.0,82.0,30.88,2716,8,1000,5.0,2.4,Moderate,3.5,4.39
34,Male,167.7,102.3,36.4,2120,58,10658,6.3,1.6,Moderate,8.08,9.27
24,Male,158.0,69.4,27.78,2702,74,11893,6.1,1.2,High,6.17,6.42
36,Male,171.2,91.3,31.15,2993,35,12286,7.0,1.5,High,4.83,5.48
27,Female,161.4,66.7,25.58,1961,40,4693,6.3,3.5,Low,5.37,6.15
35,Male,165.3,68.9,25.22,3502,33,7891,5.3,3.3,Low,3.13,3.3
48,Female,167.9,79.7,28.28,1943,45,6113,5.9,1.8,High,6.14,6.89
23,Male,171.0,55.2,18.88,1947,70,1296,4.9,2.7,Low,5.12,5.52
53,Male,162.6,83.9,31.75,2569,39,5828,8.4,3.3,High,6.0,6.3
28,Female,152.2,72.4,31.26,2520,132,4205,8.6,0.8,Low,5.96,6.42
60,Female,160.7,45.0,17.42,2335,32,9170,8.7,4.2,Low,4.43,4.86
53,Male,180.9,69.8,21.31,2709,83,2289,6.3,3.5,Low,4.35,5.23
31,Female,155.2,71.8,29.81,2426,60,4571,8.6,3.3,Low,6.12,6.72
45,Female,158.6,93.4,37.12,3332,48,6181,7.5,3.7,Moderate,4.7,6.11
23,Male,164.8,83.1,30.6,2273,86,10695,6.0,0.8,Moderate,6.18,6.59
22,Female,163.0,104.1,39.16,1872,0,17722,6.2,2.4,High,4.78,5.55
63,Female,156.5,87.4,35.69,2024,56,9060,6.8,3.7,Moderate,7.99,8.53
56,Male,172.8,68.0,22.77,2535,24,4387,7.1,2.6,Moderate,4.52,4.67
25,Female,150.0,76.9,34.22,2542,32,5623,7.4,3.3,Moderate,5.63,6.79
31,Male,169.6,71.7,24.95,2403,31,10303,7.0,3.9,Low,3.85,4.49
27,Male,167.9,86.8,30.78,1875,18,3288,6.6,3.2,High,6.02,6.35
36,Other,167.7,79.1,28.12,2854,0,11838,8.6,2.4,Moderate,3.59,4.33
31,Female,146.1,66.7,31.24,3268,55,8956,6.9,3.1,Moderate,5.41,6.38
33,Female,161.4,78.2,30.02,2314,43,7562,6.8,1.1,Moderate,4.72,5.02
43,Female,169.2,86.3,30.15,3205,36,2102,6.7,3.0,Moderate,3.54,4.16
27,Female,173.4,59.9,19.93,2733,66,11221,6.9,3.3,Low,4.88,5.84
60,Male,181.4,83.7,25.43,3409,57,5334,5.4,2.7,Low,3.28,3.94
52,Other,172.0,49.6,16.76,2536,37,8537,5.8,3.6,High,4.91,5.7
54,Female,156.0,97.9,40.22,2368,130,7449,9.9,2.9,High,6.15,6.66
26,Female,163.0,87.5,32.92,2721,73,2456,5.0,2.7,High,5.14,5.18
51,Male,167.8,107.3,38.13,2083,113,7192,7.3,4.2,Moderate,7.75,8.26
58,Male,179.1,57.9,18.06,2503,33,3764,7.4,1.7,Moderate,4.58,4.98
26,Male,168.7,98.4,34.59,2965,51,5717,8.2,3.9,High,5.48,6.04
54,Male,178.6,94.8,29.73,2709,10,9514,7.4,3.8,Moderate,4.75,5.16
35,Male,170.9,74.7,25.59,2284,35,10458,9.3,3.4,High,5.04,5.7
55,Female,161.9,71.2,27.18,2400,28,7936,7.3,2.2,Moderate,5.18,5.66
40,Female,164.8,58.5,21.53,2678,128,4906,8.6,2.9,Moderate,5.57,6.46
56,Male,180.0,53.8,16.6,2662,25,5734,8.2,1.9,Moderate,3.98,4.79
25,Male,172.7,64.5,21.62,2675,38,5673,8.9,2.1,Low,3.53,3.8
36,Female,157.7,55.4,22.27,2469,4,1000,7.0,2.7,Low,3.58,4.62
31,Male,186.8,106.7,30.59,1887,59,8256,7.5,1.8,High,7.89,8.24
29,Female,166.4,51.0,18.4,1967,19,2168,6.6,2.4,Moderate,4.46,4.66
32,Male,170.9,80.7,27.63,2530,70,8266,7.2,1.6,Low,5.63,6.6
36,Male,168.8,85.8,30.14,2715,0,2891,7.3,3.2,High,4.15,4.54
24,Male,182.2,84.4,25.43,2650,41,3778,4.5,4.1,High,5.41,6.04
51,Female,152.5,86.0,36.99,1962,0,10340,6.8,4.6,Moderate,4.68,4.83
44,Male,172.7,95.0,31.87,2224,31,8085,8.1,1.7,Low,4.95,5.42
57,Female,158.1,70.0,28.0,1712,36,1403,5.4,1.8,Low,5.12,5.68
51,Male,176.7,79.6,25.49,1604,28,6044,5.8,2.6,High,5.71,6.17
25,Male,173.5,72.7,24.14,2340,30,8916,8.4,3.3,Low,5.04,5.46
21,Female,158.8,101.4,40.21,2979,72,5832,8.6,2.5,Low,5.01,5.62
38,Male,184.1,115.8,34.18,2349,105,6798,6.3,3.6,Low,5.3,6.25
41,Male,178.3,56.5,17.78,3254,54,8854,7.2,3.2,Moderate,5.53,5.8
29,Female,162.5,45.0,17.03,2217,20,8156,6.9,1.1,Moderate,3.62,3.62
55,Female,163.1,88.2,33.16,2315,46,4527,8.4,2.8,High,6.42,7.46
45,Male,179.5,97.3,30.18,1804,35,8078,6.4,1.6,High,6.58,6.95
53,Male,182.0,113.2,34.17,2126,69,6994,6.5,2.2,High,6.47,6.87
23,Other,182.2,91.3,27.51,1705,53,14034,8.6,2.3,Low,8.24,8.65
57,Female,165.9,103.1,37.47,1527,0,7639,5.8,3.4,Moderate,4.95,5.08
27,Female,157.1,107.9,43.71,1713,75,8472,6.4,2.7,Moderate,6.74,7.2
39,Female,165.8,104.4,37.98,2342,72,8909,7.2,2.3,High,7.66,8.16
39,Female,158.4,93.9,37.39,1931,86,6871,8.8,4.6,Moderate,6.61,7.36
57,Male,172.8,54.9,18.4,2050,30,5480,5.6,1.9,Low,3.99,4.4
31,Male,172.3,77.8,26.23,2504,53,9609,6.1,3.0,Moderate,6.06,6.06
29,Female,162.5,83.4,31.59,1525,11,9637,7.7,3.3,Moderate,7.1,7.23
34,Female,167.6,76.2,27.14,2340,43,15289,7.9,2.9,Low,5.29,6.28
35,Female,151.0,77.3,33.9,2724,56,10598,7.3,1.9,Moderate,6.38,6.69
26,Female,154.5,106.2,44.47,2767,27,10657,6.9,1.8,Moderate,4.5,5.29
26,Male,175.4,64.4,20.94,2558,54,10512,7.2,3.3,Moderate,6.57,6.92
29,Female,151.9,92.4,40.04,2273,49,5583,5.2,3.6,Low,5.11,5.99
40,Female,159.2,83.7,33.04,1988,32,3597,7.1,2.7,Moderate,6.25,6.88
34,Male,167.7,62.6,22.24,2258,84,4487,8.8,1.5,Low,5.44,5.53
36,Female,171.2,58.6,20.01,3126,38,10407,5.4,2.7,Low,3.2,3.39
52,Female,163.0,47.4,17.83,2436,48,12975,6.1,4.1,Moderate,5.11,5.18
29,Male,168.4,86.7,30.59,2246,3,10569,6.5,1.8,Low,3.24,4.16
61,Female,164.1,76.9,28.54,2581,59,7415,6.6,2.4,Moderate,4.45,4.61
54,Female,158.3,63.1,25.21,2324,31,13868,9.2,2.8,Moderate,4.31,4.78
26,Female,162.9,45.0,16.95,2412,71,6447,5.9,3.7,Moderate,4.49,5.07
33,Male,167.5,85.8,30.59,2176,8,3981,5.6,2.2,Low,4.43,5.11
26,Female,170.4,74.9,25.8,2092,57,8885,7.9,3.1,Low,6.94,7.38
31,Male,174.2,65.2,21.47,2798,0,12521,6.2,4.0,Moderate,2.78,2.83
35,Female,150.5,60.6,26.79,1324,62,5046,7.9,1.4,Low,6.9,7.08
24,Male,185.7,73.7,21.37,2539,40,2033,6.8,1.5,Low,3.4,3.64
18,Female,159.7,86.5,33.89,2061,56,8131,7.6,2.6,Moderate,7.17,7.17
39,Female,145.6,72.1,33.98,1347,28,10700,5.1,3.6,Low,5.31,6.06
51,Female,174.6,56.6,18.58,1812,18,1000,7.5,3.0,Moderate,5.04,5.82
32,Female,166.2,77.0,27.87,2281,32,11420,7.3,3.7,Low,4.99,5.21
59,Male,166.1,96.8,35.11,2350,50,3216,6.7,1.2,Low,4.29,5.35
35,Female,154.2,78.7,33.09,2670,61,10536,5.5,3.0,High,6.44,7.0
61,Male,177.0,79.2,25.28,2704,53,1011,7.3,0.8,Moderate,4.91,5.8
29,Female,154.2,72.1,30.34,1526,18,2838,7.9,3.9,Low,5.46,6.34
43,Male,167.9,62.0,21.98,2488,96,10165,6.4,3.8,Low,5.68,6.23
54,Female,156.6,61.4,25.02,2664,54,12255,6.4,2.4,Moderate,5.66,5.66
20,Male,186.4,48.1,13.84,2409,27,7968,8.0,0.8,Moderate,4.66,5.33
62,Female,166.3,99.3,35.87,2551,56,16383,9.1,2.5,Moderate,6.31,7.09
35,Female,170.3,86.3,29.75,1333,52,4420,8.1,3.7,Low,6.8,7.17
41,Male,169.4,79.5,27.7,1804,40,4376,7.3,3.1,High,7.25,7.91
48,Male,176.8,83.3,26.67,2983,36,6942,6.7,4.4,High,4.29,4.88
48,Female,169.1,84.1,29.4,2160,72,6775,7.0,2.4,Moderate,5.78,6.05
19,Female,157.3,64.8,26.18,3411,93,8992,5.4,4.5,High,5.69,6.26
59,Male,171.6,72.1,24.49,1660,0,5400,6.8,0.9,Low,3.09,3.51
47,Male,179.7,69.5,21.5,3081,79,9986,8.3,2.0,Low,6.22,6.96
65,Male,172.6,123.2,41.35,1994,45,9902,7.0,1.5,Low,7.7,8.1
40,Female,157.6,96.4,38.81,2731,51,13646,6.2,3.4,Low,5.76,6.11
47,Female,155.3,81.0,33.6,2152,82,6283,6.1,1.6,Low,5.93,5.95
39,Male,180.9,102.6,31.35,2357,0,9179,7.0,3.6,High,4.19,5.56
60,Female,166.3,100.3,36.26,2597,67,10120,5.5,3.3,High,7.55,8.0
57,Female,174.0,53.2,17.55,1993,80,7974,5.9,2.9,Moderate,5.88,6.08
61,Female,149.9,74.0,32.92,2700,25,7259,8.8,2.6,Moderate,4.56,5.37
42,Male,173.5,77.7,25.8,2167,5,1000,5.8,1.7,Low,3.68,4.35
55,Male,161.8,89.0,34.01,2389,90,8291,6.0,3.2,Low,5.18,5.97
35,Male,168.5,74.0,26.06,1100,0,10084,7.3,2.2,Moderate,5.5,6.32
40,Male,165.1,76.2,27.95,2131,56,7797,6.5,3.4,Moderate,6.17,7.15
54,Male,185.8,69.7,20.18,2931,73,5262,7.1,4.0,Moderate,4.7,4.93
21,Male,166.1,96.9,35.13,2647,56,2122,8.0,2.4,Moderate,5.77,6.42
52,Male,163.7,52.0,19.41,2743,60,9585,5.1,3.9,High,5.36,5.41
18,Female,161.9,70.3,26.83,2326,37,8115,7.9,2.9,Low,5.27,5.76
45,Male,187.5,45.0,12.8,3138,57,12864,6.3,3.2,Low,4.47,5.3
40,Female,163.9,59.5,22.14,2444,25,2927,6.7,1.5,Low,3.56,3.85
40,Male,173.7,83.7,27.75,1969,28,6353,9.3,2.1,High,5.33,6.71
41,Female,160.3,84.1,32.7,2727,45,3375,5.3,2.1,Moderate,4.75,5.36
41,Male,181.0,72.4,22.08,2761,1,11588,7.7,3.9,Moderate,4.14,4.14
37,Female,168.5,98.2,34.61,2614,61,12336,8.4,2.4,High,6.81,7.66
39,Female,163.7,102.4,38.18,2098,0,14729,6.2,3.3,Moderate,3.84,5.21
45,Male,177.6,76.8,24.32,2440,55,9824,6.2,2.6,Low,5.4,5.4
54,Female,171.4,82.5,28.1,2996,57,10762,6.6,2.4,Low,5.16,6.01
44,Male,169.0,69.9,24.45,2538,22,9526,6.2,1.4,Moderate,4.04,4.29
48,Female,158.5,89.3,35.56,1561,10,10005,7.1,1.0,Moderate,6.23,6.81
58,Male,184.4,56.5,16.62,1985,33,8171,8.1,2.4,High,5.62,5.76
65,Male,177.5,110.3,35.02,1962,62,10165,6.6,2.4,Low,7.49,8.39
23,Male,158.6,98.5,39.18,1922,54,15489,8.1,1.9,Moderate,8.21,8.7
52,Female,164.2,56.4,20.93,1244,13,8765,8.7,2.8,Low,5.03,6.04
28,Male,168.6,63.8,22.45,3245,47,8084,7.5,4.5,High,5.38,5.62
27,Female,164.0,85.6,31.81,1861,52,8693,7.6,4.0,Low,8.13,8.66
56,Male,164.0,71.9,26.74,1898,51,7478,6.3,2.7,Low,5.54,5.54
21,Male,172.0,87.8,29.67,1329,17,8862,4.0,2.7,Moderate,5.56,7.07
58,Male,188.1,71.5,20.21,2733,49,7359,7.7,3.2,High,5.44,6.71
54,Female,165.6,105.4,38.43,2254,70,12003,8.0,2.9,Low,6.62,7.98
65,Female,170.1,78.1,27.02,2124,60,11654,7.3,3.2,Low,7.43,8.57
50,Male,165.9,121.6,44.19,2150,56,15580,8.1,2.9,Low,7.56,7.95
59,Female,158.8,88.8,35.25,2593,90,7917,6.3,2.7,High,6.09,6.67
23,Male,164.2,53.7,19.93,2059,49,9010,7.6,2.1,Moderate,6.47,7.17
60,Male,160.6,115.6,44.82,1305,21,8864,8.8,3.0,High,6.82,7.55
25,Female,173.6,97.8,32.43,1654,21,8698,7.8,0.8,Low,5.68,5.9
33,Male,177.1,84.8,27.06,1628,49,11954,8.6,2.9,Moderate,8.5,8.7
24,Male,166.3,89.6,32.42,2437,4,2312,8.6,0.8,Moderate,4.39,4.52
37,Female,163.9,56.6,21.06,2765,36,9612,5.5,2.9,Low,3.67,4.12
53,Male,185.8,45.5,13.19,3032,57,14985,7.9,1.8,Moderate,5.06,5.54
30,Female,161.2,77.2,29.74,1482,77,12770,6.2,3.8,Moderate,8.2,8.64
57,Female,156.5,102.8,41.99,2610,1,12369,5.7,2.7,Low,3.45,4.14
47,Female,155.2,85.1,35.33,1992,47,10947,6.7,2.6,Moderate,7.34,7.45
48,Female,174.1,108.8,35.88,3761,43,5914,9.1,3.0,Moderate,3.88,4.18
63,Female,162.8,101.8,38.4,2991,46,5375,6.3,1.9,Moderate,4.32,4.66
38,Male,157.9,78.4,31.42,3150,48,5402,4.9,3.7,Moderate,4.35,5.24
34,Female,171.7,99.3,33.69,2701,44,4015,5.3,3.3,High,5.39,6.06
65,Female,159.1,105.4,41.63,2490,83,11313,7.6,2.1,Moderate,7.09,7.81
44,Female,165.0,76.6,28.13,2098,79,13139,6.1,1.7,Moderate,7.08,7.35
47,Male,171.2,74.2,25.31,2000,105,9520,4.5,2.3,Low,7.21,7.83
32,Female,153.9,80.5,34.0,1899,44,10816,5.3,2.5,Moderate,6.19,6.52
28,Female,160.7,45.0,17.42,2608,33,9027,7.2,1.6,Low,4.54,4.88
26,Male,171.7,83.0,28.16,3080,17,9990,7.9,2.2,Low,3.24,3.97
28,Female,158.5,91.0,36.21,2121,30,1000,6.5,2.1,Moderate,4.69,5.07
27,Male,175.7,80.6,26.1,1938,65,9101,7.8,2.4,High,8.5,9.06
53,Male,177.0,84.2,26.86,1558,69,6510,8.1,2.4,Low,7.61,8.12
20,Female,176.8,77.2,24.71,2422,63,7859,6.1,3.0,Moderate,4.96,5.15
48,Male,179.5,45.0,13.96,2914,26,8790,6.9,2.6,Low,3.35,3.75
63,Male,182.5,107.9,32.42,2939,26,5495,6.3,3.0,Low,3.96,4.37
54,Male,182.0,71.4,21.56,2989,99,4235,7.6,2.8,Moderate,4.98,5.45
37,Male,177.4,66.9,21.25,2507,21,5389,6.3,2.4,Low,3.42,3.42
20,Female,160.1,102.4,39.99,2345,84,2930,5.5,3.2,High,5.8,6.15
58,Female,166.7,95.6,34.42,2941,56,3956,7.1,0.8,Low,4.16,5.08
18,Female,167.1,82.9,29.7,1744,24,4437,8.3,2.3,Moderate,6.1,6.85
50,Male,183.7,91.8,27.2,2079,11,2977,7.6,2.1,Low,4.64,5.1
50,Female,169.6,57.2,19.88,3155,25,9850,8.2,2.7,Low,3.06,3.25
27,Female,170.9,76.5,26.21,1762,56,4848,8.1,2.0,Moderate,6.89,7.52
53,Female,167.7,101.3,36.02,2282,19,1478,7.1,3.1,Moderate,4.86,5.8
26,Male,171.3,65.8,22.42,2615,88,6595,6.3,3.3,Low,4.27,5.4
28,Male,178.1,60.0,18.93,2341,39,4103,6.0,1.4,Low,3.47,3.89
56,Female,165.5,79.4,29.0,2874,64,13106,5.1,2.8,Low,5.52,5.74
64,Female,156.3,79.8,32.68,3062,62,8465,8.4,1.4,High,5.56,6.33
30,Male,162.9,89.7,33.79,2539,90,2853,6.6,3.0,High,5.5,6.23
62,Female,147.8,53.2,24.34,2995,32,9990,5.0,2.2,Low,3.83,4.44
61,Male,172.9,45.0,15.05,1835,47,8297,8.5,1.9,Low,6.06,6.44
54,Male,167.3,94.6,33.81,2221,5,7164,7.1,1.1,Low,4.75,4.89
24,Female,153.7,58.5,24.76,3502,47,13511,8.2,2.5,Moderate,5.4,6.24
32,Female,169.3,67.0,23.38,3271,76,4585,6.7,1.6,Low,3.67,4.59
50,Male,167.9,45.0,15.96,1661,51,11623,6.0,1.3,Low,6.49,6.97
65,Female,171.4,96.4,32.8,2293,109,6566,7.5,2.8,Moderate,6.98,8.18
57,Female,164.6,84.3,31.12,2368,59,7935,7.6,3.5,Moderate,6.23,6.92
38,Male,169.7,83.6,29.03,2508,29,5375,6.7,3.0,Moderate,4.42,4.96
29,Female,165.2,83.5,30.58,2937,57,5598,8.6,1.3,Moderate,5.5,5.68
64,Female,166.7,45.0,16.2,3219,4,6473,8.1,2.5,Low,2.5,2.51
31,Female,158.2,60.3,24.09,2318,22,1347,7.7,3.2,Low,4.26,4.68
34,Other,175.2,69.9,22.77,2860,10,9213,5.7,2.5,Moderate,3.42,4.14
64,Female,162.7,64.5,24.37,2624,45,8402,5.5,2.9,Moderate,4.61,6.02
44,Male,172.5,73.1,24.56,2289,43,2758,8.4,2.2,Low,4.4,5.03
30,Male,177.8,82.4,26.06,1450,78,10309,4.4,2.3,Low,7.5,8.31
18,Female,159.1,96.1,37.95,2809,42,13099,6.9,2.0,Low,3.9,4.21
38,Other,184.6,51.4,15.07,2602,16,5674,7.2,3.2,High,4.74,5.41
65,Male,158.9,77.8,30.83,2494,88,5253,6.4,3.2,Low,5.35,5.98
38,Male,172.1,90.8,30.65,1809,0,11896,7.0,2.1,High,5.28,5.55
51,Female,172.0,61.4,20.74,3279,46,9411,7.5,3.3,High,5.73,6.8
30,Male,173.8,74.5,24.68,2376,51,7524,6.3,1.3,Moderate,4.95,5.5
55,Male,166.5,86.4,31.17,1729,44,10850,8.1,2.4,High,7.39,8.37
55,Female,159.2,78.2,30.86,1648,59,8959,7.7,1.4,Low,8.05,8.66
47,Female,157.2,90.1,36.47,2638,48,12999,6.8,1.6,Low,5.02,5.5
55,Female,163.7,79.7,29.74,2653,58,7941,6.0,1.4,Moderate,5.24,5.57
45,Female,152.9,72.4,30.95,2068,28,9492,6.9,2.0,Moderate,4.82,5.3
36,Male,180.9,56.9,17.39,2531,4,11843,9.5,3.2,High,3.43,4.54
53,Female,165.6,82.4,30.06,2633,43,1000,6.1,2.5,Moderate,4.62,4.91
58,Male,173.1,79.8,26.64,2369,16,11969,8.8,2.1,Low,4.33,5.16
58,Male,166.7,60.1,21.64,1949,24,6232,4.9,2.4,Low,4.36,4.85
28,Female,169.2,88.5,30.9,2780,77,9749,6.0,0.8,Moderate,5.82,6.63
50,Female,167.1,100.8,36.1,2718,88,13824,6.3,3.1,Moderate,6.18,6.86
18,Female,154.7,66.1,27.62,2583,76,6929,8.1,0.8,Moderate,5.51,5.64
45,Male,161.5,64.9,24.89,1883,71,6405,7.1,2.0,High,7.4,8.06
45,Female,155.3,64.2,26.63,1634,46,7808,8.6,2.5,Low,6.57,7.93
35,Female,165.8,47.8,17.38,2338,73,2916,6.6,3.0,Moderate,4.39,5.1
65,Female,163.9,114.1,42.45,2764,54,15696,6.9,2.8,Low,5.91,6.83
60,Female,167.5,69.9,24.91,2820,99,7851,6.6,2.6,Moderate,5.37,6.08
19,Male,182.7,62.5,18.74,2592,19,13759,9.4,3.9,Moderate,4.51,5.38
28,Female,155.5,57.7,23.86,2074,63,6833,5.7,4.4,Moderate,5.59,5.94
27,Female,168.4,71.0,25.03,1897,9,8119,6.4,2.6,Moderate,4.21,4.77
61,Female,158.1,65.5,26.19,2291,63,11304,5.8,2.5,Low,5.74,6.65
42,Female,163.3,103.9,38.95,2296,0,4142,7.7,2.5,High,4.78,5.26
52,Female,151.2,55.5,24.3,2853,11,7641,5.6,2.1,Moderate,3.2,4.17
56,Male,165.8,50.3,18.31,2060,9,11173,9.2,2.9,High,4.18,4.43
54,Male,163.2,87.9,33.02,2101,52,7254,7.1,3.7,Low,6.32,6.94
22,Female,157.0,76.1,30.87,3327,54,6309,7.5,0.8,Low,4.88,5.39
24,Other,175.9,74.0,23.92,3075,113,11903,7.6,2.4,Moderate,5.96,7.49
36,Other,162.4,88.1,33.39,1858,42,12903,7.0,3.9,Moderate,6.18,6.65
34,Male,174.6,80.5,26.4,3034,66,13460,7.1,3.0,Moderate,5.78,6.53
53,Male,167.0,77.2,27.67,1739,49,5637,7.1,3.0,Low,6.64,6.64
25,Female,174.2,52.7,17.37,2082,64,5972,7.6,1.2,Moderate,6.15,6.34
35,Female,153.8,48.0,20.28,2139,49,6349,6.0,3.2,Moderate,5.6,6.31
29,Male,165.0,65.4,24.01,2261,75,10514,5.8,3.5,Low,5.55,6.06
27,Female,169.4,58.5,20.38,2609,15,3811,8.0,2.8,Moderate,4.15,4.67
26,Male,172.7,82.8,27.79,2353,0,4008,7.0,2.0,High,3.71,4.19
27,Female,159.4,45.6,17.96,2607,56,5499,4.6,3.0,Low,4.32,4.85
45,Male,170.5,70.0,24.08,2099,0,4716,6.4,1.7,High,4.26,4.26
37,Male,170.8,74.9,25.68,2487,81,11095,8.8,1.5,High,6.39,6.96
38,Male,189.0,77.3,21.64,2339,29,10859,6.8,3.3,Moderate,4.66,5.18
41,Female,170.9,85.2,29.15,1605,15,6314,6.4,3.6,High,5.79,6.76
53,Female,165.7,72.1,26.28,2541,120,7321,5.2,1.9,Moderate,5.11,6.0
59,Female,160.9,66.0,25.49,2348,44,1000,6.3,1.6,Low,3.91,3.91
43,Male,180.1,100.4,30.94,1943,39,6399,5.6,1.8,Low,5.86,6.2
48,Male,171.4,72.2,24.6,2087,65,12353,7.5,2.8,Moderate,8.02,9.25
53,Male,185.4,103.5,30.12,2099,67,6208,7.1,1.6,Low,6.63,7.55
51,Female,158.1,72.1,28.86,2177,76,4176,6.6,3.8,High,6.83,7.6
24,Male,168.4,77.7,27.42,3179,7,12816,6.1,2.2,High,3.92,4.35
65,Female,171.2,75.5,25.76,3345,60,4099,8.8,2.9,Moderate,3.81,4.66
25,Female,166.7,82.2,29.55,1100,36,13411,6.2,1.9,Moderate,6.88,6.95
37,Female,156.1,70.4,28.91,2544,19,18107,6.2,3.1,High,4.42,4.83
49,Male,182.9,79.7,23.84,2777,46,7617,6.7,3.2,Moderate,4.42,5.14
37,Female,159.7,105.6,41.38,2191,0,12353,6.9,1.1,Low,3.59,4.4
29,Male,173.8,96.9,32.09,2764,70,2158,7.6,2.0,High,5.41,6.08
62,Male,162.4,97.0,36.76,3127,36,2004,8.1,2.5,Moderate,4.47,5.21
21,Female,165.5,53.8,19.67,1614,31,5211,8.0,2.1,Low,5.34,6.0
29,Female,171.0,56.8,19.41,2366,41,10878,9.9,3.4,Low,3.96,4.45
65,Female,166.0,81.9,29.72,3278,40,8006,5.0,2.1,High,4.36,5.42
53,Male,173.1,91.9,30.65,1681,76,7347,7.3,3.2,Low,7.61,8.86
22,Other,182.5,68.7,20.62,2242,14,3482,6.4,3.0,High,4.17,4.75
54,Other,177.5,65.4,20.77,2075,34,7554,9.4,2.5,High,5.08,5.27
64,Male,178.1,103.1,32.51,2825,38,5747,7.2,3.3,Low,4.48,4.99
22,Female,165.1,90.3,33.14,2895,15,4771,4.6,1.2,Low,3.39,4.03
37,Male,171.3,97.0,33.07,2381,49,4474,7.5,2.5,Moderate,5.44,5.44
40,Female,169.6,70.1,24.34,2316,24,8671,7.3,1.9,Low,4.1,5.17
24,Female,154.1,68.6,28.91,1440,5,5478,7.9,2.5,Moderate,5.55,5.93
27,Female,163.6,95.1,35.55,3011,59,7977,6.1,2.2,High,5.28,5.59
26,Female,159.5,73.3,28.82,2123,88,1808,7.4,2.7,Moderate,7.02,7.51
26,Male,167.3,67.0,23.95,2228,46,9760,6.7,2.6,Moderate,5.53,5.97
37,Female,168.1,61.6,21.8,2785,42,8842,6.2,2.7,High,4.72,5.34
40,Female,168.8,68.8,24.14,2398,41,7190,7.4,2.8,High,5.79,6.67
29,Male,162.3,93.8,35.61,2801,30,8565,7.2,3.1,High,5.99,7.03
31,Male,170.2,50.8,17.54,2601,77,11269,8.3,1.5,Low,5.41,6.28
27,Female,161.2,89.3,34.36,2401,47,2929,7.0,3.1,Low,5.75,6.02
56,Female,160.2,65.3,25.42,2455,0,8233,7.7,1.2,Moderate,4.26,4.83
28,Female,149.9,74.2,33.05,1738,78,3432,5.6,0.8,Low,6.56,7.2
61,Female,171.4,75.4,25.66,2225,71,8306,8.7,4.4,Moderate,6.38,7.09
43,Female,159.7,74.0,29.01,2842,61,7094,6.1,1.8,High,5.21,5.98
56,Male,168.5,72.8,25.64,1850,0,7912,8.1,2.2,High,5.04,5.67
48,Male,172.8,70.0,23.43,1942,44,10969,7.3,0.9,Low,5.46,6.03
30,Female,153.3,67.7,28.82,1860,70,10864,7.2,2.2,High,8.48,9.4
46,Female,155.5,101.8,42.06,2376,55,11803,7.9,2.8,Moderate,7.05,7.6
31,Female,172.8,78.5,26.26,3001,50,6612,4.4,2.8,Moderate,3.88,4.81
23,Female,164.0,75.7,28.15,2573,70,10461,6.3,1.5,Low,5.91,6.8
30,Female,157.9,66.4,26.62,1211,48,9773,7.9,2.2,Low,8.17,9.28
31,Female,161.1,70.7,27.22,2624,78,6700,9.3,2.9,High,6.07,6.75
24,Female,169.6,66.5,23.1,2078,49,8410,7.0,2.8,Moderate,5.99,7.09
19,Male,166.2,91.8,33.21,2554,47,7537,4.1,2.7,High,5.01,5.51
63,Female,151.7,64.4,27.99,2225,69,12882,6.6,3.3,Low,6.46,7.19
42,Female,173.4,45.0,14.96,1869,33,10835,6.9,2.5,Low,4.19,5.06
37,Male,175.8,79.0,25.57,2264,14,6824,8.3,3.9,Low,4.98,5.23
62,Female,160.9,73.0,28.17,2079,45,6580,7.1,2.3,Moderate,7.11,7.58
28,Female,153.7,67.5,28.57,2453,61,11351,5.5,3.2,Moderate,6.62,6.99
37,Female,169.4,94.4,32.91,1856,70,12689,8.2,3.3,Moderate,8.5,9.08
58,Female,165.3,45.0,16.46,1737,71,9104,7.7,1.1,Low,7.33,7.74
48,Male,164.5,106.4,39.32,2666,43,10305,6.2,3.0,Low,4.45,5.09
37,Male,186.0,97.0,28.03,2854,40,12560,7.9,2.0,Low,5.17,5.74
30,Male,189.1,66.7,18.66,2590,28,7388,6.3,1.7,Low,3.36,3.86
19,Male,171.1,69.9,23.88,1975,51,8292,6.6,2.2,High,6.16,6.81
22,Female,156.8,87.1,35.41,1929,0,9703,6.4,2.7,Low,3.92,4.28
25,Female,154.9,87.6,36.47,1958,45,6498,6.6,1.2,Low,6.08,6.38
55,Female,174.4,66.6,21.89,2745,124,13946,8.1,2.6,High,7.56,7.74
48,Male,190.1,48.9,13.53,1887,2,6466,4.9,2.4,High,3.84,3.84
38,Male,174.1,116.0,38.27,2742,49,8214,8.3,3.5,Moderate,6.03,6.39
55,Male,169.1,95.2,33.31,2618,55,14707,7.2,2.0,Low,6.5,7.29
25,Female,170.8,80.8,27.71,2918,59,1483,6.5,3.7,Moderate,4.22,4.75
28,Male,163.4,81.2,30.39,2831,17,8755,7.0,2.9,Low,4.05,4.66
36,Female,163.1,89.2,33.51,2571,59,5688,5.9,2.6,Low,5.12,5.58
62,Female,164.0,91.3,33.96,1565,30,8000,5.0,3.7,Moderate,6.45,7.73
47,Female,171.7,45.0,15.27,2605,5,3779,5.9,4.3,High,4.11,4.76
58,Male,179.0,71.7,22.37,2357,71,6701,4.7,2.4,Low,3.99,4.39
29,Male,180.6,69.8,21.39,2113,63,8086,5.4,1.9,Moderate,5.62,5.85
58,Female,162.4,75.1,28.46,2981,17,8834,5.1,3.0,Moderate,3.84,5.04
21,Female,150.3,91.9,40.69,2224,29,11134,8.5,1.3,Moderate,6.23,6.34
28,Male,167.0,45.8,16.41,2035,28,1000,5.5,1.4,Low,3.74,4.07
43,Female,167.8,53.7,19.07,2862,0,7559,7.0,3.8,High,2.83,3.15
20,Female,159.4,65.7,25.88,2097,66,7388,8.3,3.1,Low,6.42,7.0
59,Male,170.9,80.8,27.65,2010,67,7775,8.0,1.8,Low,6.71,7.44
59,Male,181.6,93.0,28.19,1736,35,8112,6.6,5.4,Low,6.24,6.86
43,Male,175.1,107.4,35.02,1889,44,5094,6.7,1.4,Moderate,6.78,7.25
32,Male,171.7,72.8,24.72,1932,48,2585,7.2,3.2,High,7.37,7.48
22,Male,164.6,92.9,34.29,2610,51,8759,9.5,1.9,Low,5.82,7.07
47,Female,165.5,90.8,33.14,1790,7,4520,7.5,4.2,Low,4.99,5.68
43,Male,172.3,87.8,29.57,1371,58,9409,7.8,2.1,High,8.5,9.3
54,Female,163.7,77.6,28.95,2451,12,4719,9.7,2.3,Moderate,3.77,4.14
46,Female,153.0,70.8,30.25,1983,64,10424,7.3,1.0,High,8.5,9.0
24,Male,178.9,58.8,18.37,2291,15,7809,8.4,4.5,Moderate,4.62,5.63
23,Male,187.1,57.6,16.46,2941,8,8052,7.6,2.0,High,4.19,4.19
55,Female,157.9,84.2,33.79,2335,44,7137,7.6,3.0,Moderate,6.21,7.08
25,Other,180.3,77.0,23.7,3054,43,6576,5.8,2.6,Low,3.41,3.92
63,Female,156.5,70.5,28.8,2265,47,7184,5.6,2.1,Moderate,5.4,6.14
23,Male,189.2,90.0,25.14,2803,20,12135,6.4,0.8,Moderate,3.48,4.66
52,Male,177.0,74.4,23.75,2026,50,2629,8.1,2.4,Moderate,5.83,6.26
64,Male,179.6,61.6,19.09,2353,53,5731,8.0,2.4,Moderate,4.97,4.97
39,Female,157.2,73.2,29.62,1833,77,11698,8.6,2.9,Low,8.32,8.53
20,Female,158.7,92.8,36.83,1892,50,10869,7.0,4.5,Moderate,8.29,8.9
60,Female,153.1,59.6,25.43,2187,28,12702,7.6,3.2,Moderate,6.0,7.17
26,Female,166.9,81.8,29.34,1635,7,7792,7.7,3.4,High,6.1,6.56
43,Male,165.9,77.0,27.97,2379,2,3385,6.9,2.3,Low,3.41,4.55
65,Female,148.2,64.3,29.26,2148,54,4122,6.6,1.4,Moderate,5.46,5.46
53,Male,177.3,72.7,23.13,2417,67,6954,5.2,2.3,Moderate,5.34,5.77
20,Female,165.1,49.7,18.24,1643,20,10662,6.8,1.9,Low,4.41,5.37
57,Female,168.7,80.0,28.09,2650,52,7108,6.9,2.6,Moderate,5.0,5.93
25,Female,161.5,53.4,20.49,3148,40,6839,8.4,2.2,Moderate,3.51,3.51
53,Male,177.0,97.3,31.05,3043,65,9389,8.5,1.1,Moderate,6.37,6.68
47,Female,175.9,76.3,24.67,3251,69,8097,7.2,3.7,Low,5.02,5.57
31,Female,162.0,67.7,25.78,2321,0,6457,9.5,2.5,High,3.82,4.19
38,Male,189.5,98.9,27.54,2123,73,4494,7.2,2.3,Low,6.36,7.37
23,Male,167.7,59.4,21.14,2543,52,11314,8.2,1.6,Moderate,5.89,6.49
65,Female,166.8,64.5,23.19,2180,30,11667,6.9,2.2,Moderate,4.37,4.46
29,Male,172.1,45.1,15.22,1429,30,4298,5.6,1.8,Low,4.57,5.33
32,Male,184.0,101.6,29.99,2709,45,6590,6.5,1.5,Low,3.72,4.5
42,Male,156.7,111.7,45.51,2182,30,10334,8.8,2.7,Low,5.61,5.8
50,Male,183.4,47.9,14.24,1566,18,4018,6.7,2.2,Moderate,4.99,5.28
42,Male,166.7,63.3,22.78,2045,25,9278,6.4,3.3,Moderate,4.54,4.89
42,Female,157.7,79.3,31.86,2194,15,6857,7.0,2.3,High,5.3,6.37
45,Male,168.6,68.7,24.18,2305,82,3741,6.5,2.7,Low,4.65,5.21
59,Female,172.6,77.4,25.99,2311,46,14220,8.4,2.7,High,7.16,7.16
36,Male,175.0,75.9,24.78,2984,108,6804,9.3,2.9,High,5.58,5.75
57,Male,168.3,85.3,30.11,1655,55,9835,7.0,1.8,Low,7.98,8.83
55,Male,171.6,60.7,20.62,2223,61,4075,7.6,3.4,Moderate,5.79,6.24
64,Female,162.8,81.5,30.73,1860,15,13433,8.2,1.5,High,6.37,6.54
61,Female,167.3,57.9,20.7,2928,38,14815,7.1,2.6,Low,4.33,4.79
56,Female,174.9,70.6,23.08,2019,47,2742,5.9,1.5,Moderate,5.53,6.48
29,Male,174.0,46.7,15.44,2128,27,7424,6.5,2.5,Moderate,4.46,5.82
55,Male,163.0,70.7,26.62,2824,31,12647,7.5,3.4,Moderate,5.23,5.81
53,Male,171.3,67.7,23.07,2962,56,6360,7.5,3.1,High,5.23,6.0
31,Female,169.0,95.0,33.27,3036,57,9432,4.8,3.6,Moderate,5.87,6.43
50,Male,168.6,76.9,27.05,1478,7,2118,6.5,2.3,Low,3.95,4.63
30,Other,179.4,80.2,24.93,2541,52,5240,6.1,3.4,Moderate,4.11,4.39
43,Female,147.0,77.6,35.89,2435,60,9067,8.1,2.0,Low,6.5,7.61
56,Female,157.3,45.0,18.19,2274,28,5936,6.2,2.2,Moderate,3.89,4.33
27,Female,165.8,45.0,16.36,2333,25,6738,6.4,2.7,Moderate,4.72,4.93
34,Male,160.1,72.3,28.19,2942,57,2695,6.4,3.4,Moderate,4.15,4.48
56,Female,163.3,83.0,31.14,2819,0,10289,7.9,2.1,High,4.55,5.38
39,Male,183.9,73.8,21.82,2748,45,3311,8.2,3.2,Moderate,4.48,4.83
64,Female,169.1,62.4,21.84,2403,90,13392,7.6,2.8,Moderate,6.83,7.96
18,Female,164.4,73.7,27.26,3435,0,5610,8.3,2.9,High,2.95,3.77
52,Male,174.4,72.1,23.71,2099,68,10802,8.5,1.8,Low,6.7,7.6
57,Female,163.1,92.0,34.59,1492,60,10457,4.8,2.3,Moderate,8.16,8.61
62,Male,180.5,91.0,27.92,2167,4,4552,7.7,2.5,Moderate,4.64,5.02
25,Male,184.2,68.0,20.05,2328,59,5984,6.6,2.9,Moderate,4.93,5.54
65,Female,155.5,77.1,31.88,2951,73,6398,5.5,1.9,High,5.69,5.87
36,Male,181.4,83.0,25.21,2044,12,6636,6.6,1.4,High,4.15,4.92
34,Female,167.5,85.6,30.51,2545,25,3458,7.9,0.8,Moderate,5.28,6.2
35,Female,170.1,107.7,37.24,1561,45,9868,8.7,3.3,High,8.5,8.86
48,Female,164.9,77.5,28.49,2840,72,5589,5.4,3.4,Low,4.28,5.12
49,Male,171.4,99.0,33.72,2334,29,7600,7.7,0.8,Moderate,5.05,5.74
40,Male,169.8,57.1,19.81,2159,43,11522,9.4,2.7,High,5.38,6.37
21,Other,164.5,66.5,24.59,3365,26,10001,9.2,2.3,Moderate,2.64,3.82
65,Male,160.8,45.0,17.41,2834,45,5825,4.0,3.7,Moderate,3.84,4.72
28,Female,161.1,80.7,31.09,1780,74,11643,9.6,2.4,High,8.33,8.91
22,Male,171.9,89.7,30.34,2245,47,10329,8.2,3.1,Low,6.39,7.41
46,Male,174.8,45.0,14.72,3668,34,5529,4.2,2.2,Moderate,2.13,2.74
37,Female,147.3,81.4,37.51,3289,44,6200,6.1,2.0,Moderate,3.46,3.96
47,Female,140.2,88.9,45.24,2761,22,11501,8.5,3.3,Moderate,5.2,5.59
60,Female,161.1,87.9,33.86,1376,17,10725,7.4,3.6,High,7.27,7.9
22,Female,178.2,56.5,17.78,2966,78,2741,6.3,1.5,Moderate,4.01,4.96
31,Male,181.0,91.9,28.05,1982,90,4480,7.1,3.6,Low,7.51,7.75
42,Male,173.2,78.2,26.06,2961,0,10433,7.7,1.7,High,3.72,3.89
55,Male,170.5,88.6,30.48,1938,61,3889,6.3,0.8,Low,5.85,6.02
46,Female,151.7,75.7,32.89,2544,69,10817,6.8,2.6,Moderate,6.34,7.3
36,Male,168.1,84.9,30.02,1979,11,14775,8.1,3.1,High,5.8,6.54
47,Female,153.6,98.0,41.51,2118,31,9306,6.2,1.2,High,5.51,6.63
65,Male,169.5,74.3,25.87,2611,28,4769,5.4,0.8,Moderate,4.23,4.65
41,Female,160.7,83.1,32.18,1640,98,8617,6.2,2.2,High,8.5,8.67
60,Female,163.8,100.5,37.47,3486,91,11621,5.9,2.0,Moderate,5.65,6.8
55,Female,166.6,75.6,27.22,1786,19,8346,6.3,3.8,Low,5.17,5.51
32,Male,186.4,57.7,16.62,1758,4,9693,4.9,2.6,Moderate,4.25,5.09
29,Other,183.7,90.2,26.72,2612,66,5202,7.3,3.3,Moderate,5.71,5.84
54,Male,189.7,103.8,28.87,2945,60,5467,8.0,2.8,High,6.14,6.8
27,Male,178.5,101.2,31.77,2138,79,11171,6.0,4.0,Moderate,7.56,8.1
34,Male,178.3,90.9,28.57,1764,15,5507,6.2,1.8,Low,4.86,4.96
29,Male,170.1,45.0,15.55,1838,65,1000,6.8,2.5,Low,4.8,6.07
47,Female,159.6,66.6,26.12,1784,24,6927,5.9,1.2,Moderate,4.83,5.12
32,Male,168.8,67.5,23.7,2454,62,9099,8.2,3.3,High,6.33,6.6
49,Male,162.2,78.8,29.94,2265,43,11704,5.9,3.6,Moderate,5.45,5.82
62,Female,153.3,108.4,46.15,2512,98,13760,6.4,3.4,Low,6.79,6.79
57,Female,173.6,58.6,19.42,2482,57,8296,6.1,2.5,Low,3.69,4.18
63,Female,157.9,118.4,47.44,2712,36,10305,8.2,1.3,Moderate,5.22,5.59
19,Female,166.8,71.1,25.57,2095,48,8422,6.7,2.5,Moderate,5.78,6.73
39,Male,183.0,64.2,19.17,1930,42,9239,9.4,2.0,High,5.87,6.58
28,Female,155.3,93.2,38.64,2378,12,7345,7.4,3.4,High,5.35,5.51
62,Male,178.2,94.6,29.79,2272,98,9352,8.4,2.2,Moderate,7.52,7.89
52,Male,184.0,89.7,26.5,2426,89,5445,6.6,2.2,Moderate,5.79,7.15
33,Male,174.1,64.1,21.17,1944,40,14930,5.9,4.6,Low,5.21,5.5
45,Female,164.5,87.0,32.15,2621,64,1000,7.0,3.3,Moderate,4.99,5.88
47,Male,180.0,59.4,18.34,1710,102,9998,6.2,3.6,Moderate,7.73,8.09
41,Female,165.9,63.6,23.13,2079,79,9118,4.6,2.1,Low,6.38,6.63
40,Male,174.6,76.3,25.04,2864,36,9299,8.2,1.6,Low,4.27,4.68
20,Male,172.8,63.2,21.18,1734,42,3860,7.0,3.6,High,6.77,7.88
39,Male,172.0,96.9,32.77,2825,0,2126,6.2,3.9,Moderate,3.25,3.33
34,Male,160.7,67.6,26.16,1595,66,10120,7.5,1.4,Moderate,8.22,9.05
57,Male,177.1,74.0,23.61,1507,79,12693,7.1,2.1,Moderate,7.99,9.02
59,Female,166.5,62.2,22.42,1553,79,8770,8.7,1.8,Moderate,7.62,8.03
54,Female,166.8,96.7,34.74,2358,64,10818,7.5,3.0,Low,6.05,7.0
19,Male,171.2,66.0,22.51,2664,54,6396,6.8,3.6,High,4.72,5.61
58,Female,161.8,98.6,37.66,2946,17,9160,7.8,2.3,Low,4.47,4.79
37,Male,167.1,97.2,34.82,2906,53,12289,7.0,2.3,Low,4.99,5.26
37,Male,149.2,70.0,31.44,2731,27,6902,7.2,0.8,Moderate,4.89,5.44
63,Male,167.2,78.5,28.09,1884,59,12150,8.5,1.7,Moderate,7.82,8.45
59,Female,152.7,69.5,29.81,1879,23,2278,5.6,4.0,Moderate,4.85,5.32
20,Male,168.9,87.8,30.78,2693,59,5854,6.0,3.0,High,6.11,6.91
35,Female,160.6,74.5,28.9,3010,82,9910,6.5,3.4,Low,5.1,5.43
53,Male,185.1,70.5,20.56,1784,55,14659,6.7,2.3,Low,6.0,6.28
43,Female,165.5,78.8,28.78,2946,54,8049,8.4,2.4,Low,4.41,5.01
30,Male,182.2,49.5,14.92,1339,70,4381,5.3,2.6,Low,6.06,6.74
43,Female,150.6,76.6,33.79,2494,94,14580,7.0,2.9,High,7.02,8.08
59,Female,169.2,89.7,31.35,2248,41,7558,6.3,3.8,Moderate,5.49,6.24
28,Male,177.5,80.5,25.54,2197,59,10326,9.0,2.0,Low,6.05,6.9
53,Male,182.0,95.1,28.73,2315,87,6829,8.1,2.5,Moderate,6.13,6.6
53,Female,174.9,71.2,23.28,1873,63,8497,7.3,1.9,High,6.97,7.45
60,Other,167.7,69.7,24.8,2523,0,6032,8.2,0.8,High,3.91,4.29
32,Other,178.2,57.9,18.22,2330,24,15901,5.4,3.4,Moderate,4.54,5.2
28,Male,162.1,70.7,26.89,2767,66,12169,9.4,4.2,Moderate,6.15,6.8
44,Female,150.0,113.4,50.4,3095,33,14188,6.0,3.3,Low,4.35,4.99
43,Male,168.7,83.0,29.16,2363,85,5240,8.5,2.8,High,6.23,6.76
37,Male,177.6,67.5,21.39,1890,97,1612,7.7,4.3,High,7.04,7.63
55,Female,175.0,59.9,19.55,1731,28,6974,7.3,3.0,Moderate,5.26,6.43
56,Female,153.3,49.2,20.93,3149,16,16807,8.5,3.3,Moderate,3.9,4.6
29,Female,159.3,63.1,24.84,3085,34,6873,8.2,2.7,Moderate,4.1,4.9
56,Female,155.5,91.7,37.91,2743,33,11681,7.1,2.9,Moderate,5.18,5.95
29,Male,178.2,70.3,22.14,2329,88,4413,6.5,2.5,Moderate,5.27,5.81
37,Female,169.9,60.8,21.05,2707,16,5098,7.1,3.3,Moderate,4.52,5.3
19,Male,169.2,62.7,21.92,2952,65,7720,6.9,1.6,High,4.7,5.31
34,Male,159.1,89.7,35.41,1991,83,15383,7.4,3.0,Moderate,8.5,8.66
64,Male,176.3,76.5,24.62,2314,67,11850,8.2,1.8,Low,6.0,6.4
39,Female,158.1,66.7,26.7,1746,57,1000,7.6,3.1,Moderate,6.8,8.1
52,Female,158.7,72.4,28.77,2235,40,10333,7.2,4.8,Moderate,6.41,7.42
23,Male,182.2,117.7,35.47,3072,96,3979,6.2,3.2,Low,4.78,5.28
48,Female,160.2,100.0,38.95,2839,38,5614,7.4,3.7,Moderate,5.61,6.45
35,Other,159.9,104.4,40.86,2367,71,9786,5.0,3.4,Low,6.45,7.12
53,Female,156.7,46.5,18.92,1100,40,12894,6.0,0.8,Moderate,6.27,7.48
62,Female,163.1,75.3,28.3,1972,0,12722,7.7,2.5,Low,4.41,4.97
43,Male,171.5,66.4,22.58,2351,37,9160,8.1,3.0,Moderate,5.11,5.78
22,Female,158.1,87.8,35.12,2192,40,9209,7.0,0.8,High,6.49,6.81
40,Female,161.0,97.1,37.46,2316,40,12711,7.2,2.3,Low,5.88,6.43
23,Female,177.1,83.9,26.74,2421,26,2485,7.4,2.5,Low,4.93,4.93
39,Female,176.8,62.3,19.92,2033,62,14395,7.8,1.5,Moderate,7.56,8.25
20,Male,166.8,66.1,23.75,2296,65,5424,6.8,1.7,Moderate,5.01,5.96
48,Male,163.9,89.2,33.21,2225,36,8912,5.8,3.8,High,6.23,7.42
32,Female,154.6,91.0,38.07,1948,36,6263,7.5,0.8,Moderate,6.44,7.21
27,Male,174.0,80.5,26.6,3223,15,3953,9.3,2.8,High,4.05,4.52
18,Male,159.5,80.3,31.58,2061,52,9615,5.9,3.6,Low,6.95,7.26
60,Female,163.7,78.9,29.45,1172,83,8827,6.8,2.6,Low,8.09,8.53
58,Female,176.0,82.8,26.75,3191,83,7631,6.5,3.9,High,4.87,4.91
56,Female,161.9,90.9,34.66,1876,28,7465,9.9,2.2,Low,4.54,5.05
20,Female,166.9,89.3,32.06,2749,100,13340,5.8,1.8,Moderate,6.93,7.11
34,Female,165.6,78.4,28.58,1959,34,15674,6.8,2.6,Moderate,5.53,5.93
64,Female,157.9,77.1,30.94,2584,16,12385,6.6,2.3,High,4.67,5.2
45,Female,169.4,76.4,26.63,2275,6,8970,5.5,2.1,Moderate,4.14,4.85
24,Male,174.5,64.0,20.99,2800,14,2269,5.4,2.4,High,3.38,3.4
24,Female,171.4,63.7,21.7,2193,54,10195,7.7,1.9,Moderate,6.58,7.06
30,Male,177.7,87.8,27.8,1972,37,10349,7.9,1.8,Low,6.08,6.92
64,Male,173.2,65.2,21.72,2428,27,10699,6.3,1.6,Low,3.12,4.21
26,Male,175.7,92.7,30.0,2108,21,4006,8.7,3.0,Moderate,5.61,6.18
61,Female,155.5,77.1,31.86,1335,14,10975,4.3,1.7,Low,5.72,7.08
50,Female,159.0,92.8,36.68,1999,20,13465,5.5,1.5,Low,4.43,5.27
62,Female,145.0,89.5,42.56,3734,73,4560,6.0,1.6,Moderate,4.18,4.8
57,Other,180.7,93.2,28.52,1389,95,10396,7.0,2.8,Moderate,8.23,9.26
33,Female,158.4,69.4,27.65,2420,97,5158,6.5,3.2,Moderate,5.55,5.97
57,Male,185.8,85.4,24.72,2178,64,7635,6.8,3.3,High,6.1,6.34
26,Female,165.0,91.3,33.54,3218,31,4679,7.6,2.8,Low,4.35,5.28
31,Female,157.0,50.1,20.3,1744,26,6772,8.7,3.1,High,6.32,7.11
28,Female,158.8,108.6,43.08,2350,66,6799,8.0,2.6,Moderate,6.29,7.26
24,Male,185.5,118.8,34.52,2643,38,9442,7.1,3.0,High,6.15,7.11
22,Male,180.2,95.1,29.28,2210,56,11116,6.9,3.0,Moderate,6.58,7.88
26,Female,156.2,92.5,37.89,1916,99,12256,8.3,1.9,Low,8.19,8.28
23,Male,191.3,88.6,24.2,2288,51,5718,9.3,1.6,Moderate,5.13,5.61
36,Male,163.7,72.2,26.93,2145,108,9259,7.8,3.8,High,8.5,9.0
21,Male,163.7,76.0,28.36,2143,13,4156,6.4,2.7,Moderate,3.94,4.95
20,Male,151.1,95.4,41.77,2765,57,7612,7.3,3.5,High,5.87,6.61
65,Male,181.3,60.5,18.39,2501,53,8149,7.7,1.6,Low,4.72,5.73
22,Other,179.3,58.9,18.33,2575,17,4771,6.3,2.2,High,3.78,4.48
21,Female,169.3,70.8,24.72,2465,67,9956,8.0,1.4,High,6.9,7.49
19,Female,178.8,89.8,28.1,2779,87,7454,7.3,3.2,High,6.17,7.01
24,Male,173.3,62.4,20.78,2952,106,8540,8.4,2.0,Moderate,6.22,6.91
43,Male,175.5,73.9,24.01,2156,56,12285,5.8,2.1,High,7.47,8.21
57,Male,180.3,76.1,23.41,2709,0,6503,4.9,4.4,Moderate,3.39,4.21
53,Male,176.2,59.8,19.26,1651,58,10975,6.5,3.2,Moderate,6.84,7.6
45,Male,179.3,45.0,14.0,1173,65,13050,7.0,3.2,High,8.5,9.44
22,Female,166.6,59.5,21.46,3213,38,12835,4.8,1.5,Low,2.99,3.6
55,Other,183.5,82.7,24.57,2133,51,7341,6.3,0.9,High,5.6,6.26
19,Female,164.5,86.8,32.07,2426,31,4595,8.5,3.5,Moderate,5.76,6.01
48,Male,164.5,86.9,32.11,1687,41,5515,7.6,0.8,Low,7.16,8.11
37,Male,185.1,89.0,25.96,1664,73,2446,7.2,2.1,Moderate,6.9,8.1
60,Male,183.8,66.7,19.75,1943,83,10401,5.7,1.9,Moderate,6.95,6.95
32,Male,177.7,62.9,19.9,2621,9,10618,8.5,1.8,Low,3.0,3.82
48,Female,176.4,84.8,27.25,2041,30,8410,6.5,2.2,Moderate,4.94,5.49
39,Male,187.3,74.2,21.15,2132,0,3183,7.1,1.6,Moderate,3.88,4.42
43,Female,167.0,94.3,33.8,1927,96,6721,7.5,1.5,Moderate,8.3,9.12
63,Female,141.9,84.9,42.17,2882,69,12830,7.2,2.8,Low,5.93,6.52
52,Male,170.2,101.1,34.91,2734,0,10133,8.8,3.6,Low,3.98,4.72
37,Male,182.8,69.6,20.84,2057,43,10740,7.7,1.0,Low,5.66,6.13
39,Male,175.0,97.2,31.76,2642,37,19578,7.4,2.8,Low,5.89,7.02
51,Male,164.1,114.6,42.59,2177,23,9148,6.9,3.1,Moderate,5.17,5.69
34,Female,160.5,79.0,30.66,2131,74,1000,7.5,3.0,Moderate,6.86,7.19
26,Female,167.9,87.0,30.87,2275,73,4146,6.7,2.4,Moderate,5.81,6.53
40,Female,149.0,61.3,27.59,2621,52,9069,7.2,2.1,Moderate,6.5,6.8
21,Female,159.5,94.1,36.99,1853,27,8065,6.6,3.3,Low,5.34,6.02
26,Male,169.0,98.3,34.44,2551,27,7398,6.4,2.9,High,5.29,6.47
38,Male,179.1,69.1,21.53,3548,46,7459,5.9,0.9,Moderate,2.55,3.13
56,Male,188.0,88.6,25.05,2391,32,5254,6.7,2.4,Low,4.06,4.19
55,Male,156.9,83.0,33.75,2317,44,9308,6.6,2.6,Moderate,5.48,5.93
30,Female,158.7,85.0,33.76,2257,60,12880,9.2,1.6,Moderate,6.25,7.13
38,Female,172.9,92.6,30.98,2539,2,14063,8.2,2.4,Moderate,4.69,5.33
25,Male,178.6,87.3,27.37,1494,23,13963,6.8,3.0,Moderate,5.04,5.89
54,Male,170.5,75.5,25.97,3150,44,4654,6.5,1.9,Moderate,3.83,4.21
29,Male,174.0,93.0,30.73,2790,88,7929,7.7,2.8,Moderate,6.23,6.68
56,Female,160.4,98.0,38.12,1977,68,6901,9.3,1.7,Moderate,6.91,7.73
58,Male,165.6,68.0,24.8,2315,44,10071,8.0,1.5,Moderate,5.65,6.81
51,Male,167.6,78.0,27.77,2021,56,7710,4.9,3.2,Moderate,5.97,6.43
33,Male,183.5,46.2,13.71,2449,42,7210,8.0,3.7,Low,4.11,4.72
63,Female,171.7,88.5,30.01,2330,75,13091,8.2,1.5,Low,6.97,7.96
50,Female,159.3,100.0,39.4,2414,57,8344,9.6,3.5,Moderate,5.59,6.24
49,Female,161.3,73.4,28.21,1785,80,8434,6.7,2.6,Moderate,7.0,7.82
59,Male,166.3,80.4,29.07,2059,7,9446,7.2,0.8,Moderate,5.57,5.91
60,Male,189.8,74.0,20.56,2873,22,10366,7.5,1.3,Moderate,3.54,4.14
21,Female,162.1,71.1,27.07,2033,52,10386,6.1,3.1,Low,7.17,7.55
60,Male,165.0,82.2,30.2,1100,58,13432,6.0,1.1,Moderate,8.11,8.12
54,Male,172.5,63.9,21.47,2224,112,3500,7.5,2.0,Moderate,6.27,6.56
27,Female,160.2,73.8,28.75,3505,0,9135,5.1,2.5,Moderate,2.27,3.03
32,Male,174.1,61.7,20.37,2724,44,7641,5.4,3.0,Moderate,3.94,4.73
54,Male,175.2,88.6,28.85,2007,42,6946,8.0,2.8,Moderate,6.29,7.16
28,Female,160.6,82.3,31.92,2274,51,10652,7.6,4.0,Moderate,7.02,7.8
39,Female,168.2,70.2,24.82,2639,93,12537,8.5,1.9,High,7.25,7.77
51,Male,168.4,78.7,27.75,1421,69,5928,7.6,2.7,Moderate,7.82,7.82
49,Male,179.1,74.0,23.07,1871,0,13904,7.0,3.0,High,5.29,5.48
61,Female,167.0,98.6,35.37,2499,87,2989,8.5,3.2,High,6.43,7.42
23,Male,170.0,70.1,24.23,3097,87,10065,6.5,3.5,Low,5.24,5.55
32,Male,185.8,89.4,25.89,2080,52,4882,6.6,2.2,High,6.23,6.81
65,Female,162.5,65.3,24.73,3083,0,5753,6.9,3.2,Moderate,2.64,3.26
45,Female,160.8,92.7,35.81,1922,40,8210,7.5,1.8,High,7.54,7.65
29,Other,183.8,96.7,28.61,1100,58,6604,6.9,2.5,High,7.52,8.24
31,Male,184.3,97.5,28.71,2671,72,1000,5.2,3.1,Moderate,4.81,5.94
34,Male,179.5,104.5,32.42,2570,0,10140,6.7,3.5,Moderate,3.8,4.39
44,Female,174.2,83.3,27.43,2668,23,10729,7.0,3.1,Moderate,4.53,5.04
31,Female,166.0,100.3,36.4,2648,75,7436,7.1,2.7,Moderate,6.54,6.73
47,Male,172.0,107.2,36.23,2395,87,7161,6.5,2.5,Moderate,5.55,6.06
39,Female,153.5,57.8,24.52,2170,57,6694,7.6,3.1,Moderate,6.16,6.95
47,Male,179.8,67.1,20.78,2189,77,2009,5.1,4.6,Moderate,6.15,6.74
25,Female,170.5,51.1,17.56,2069,57,1639,7.5,3.4,Moderate,5.72,6.17
47,Female,155.8,97.1,40.01,2099,71,10812,9.2,2.9,High,8.35,9.3
62,Male,173.1,50.8,16.98,1394,49,11726,6.3,1.4,Moderate,6.84,7.35
24,Other,179.3,46.0,14.29,1692,58,10088,7.1,1.8,Moderate,7.46,7.91
33,Other,163.0,58.2,21.93,2218,10,9327,6.7,2.3,High,4.31,4.96
51,Male,164.6,46.7,17.23,1179,65,10739,6.7,3.4,High,7.73,8.79
47,Male,154.2,82.9,34.87,1296,9,10506,5.8,1.8,Moderate,5.29,5.84
50,Female,174.4,58.5,19.22,2132,65,5251,9.4,3.2,Low,4.64,4.93
44,Male,167.8,47.6,16.89,2235,32,8778,7.5,2.7,Moderate,5.3,6.09
50,Male,166.8,77.2,27.77,2143,55,6963,6.2,2.9,Moderate,6.06,6.54
47,Male,176.7,78.3,25.09,1110,18,7009,6.1,2.4,Low,5.07,5.86
21,Female,162.3,45.0,17.09,3076,30,11990,7.1,2.1,High,4.49,4.49
54,Male,162.5,65.2,24.66,1581,55,13511,4.4,1.7,Low,6.86,7.48
39,Female,164.8,76.7,28.23,1890,66,1000,8.3,3.2,Low,6.22,6.74
20,Male,173.7,71.6,23.72,1669,75,7107,6.4,2.5,Moderate,6.85,7.11
37,Male,165.3,72.1,26.36,2949,12,6923,7.5,1.6,Moderate,3.51,3.69
38,Female,151.7,99.2,43.1,2510,2,12065,7.5,2.8,Moderate,4.3,4.8
22,Male,172.6,116.6,39.15,2063,17,2923,8.2,5.7,Moderate,6.26,6.49
65,Male,172.6,72.4,24.29,2028,15,1000,7.6,2.4,High,5.21,5.21
28,Male,184.4,54.2,15.94,2389,88,10873,7.9,4.1,Low,5.67,5.86
33,Female,158.4,73.8,29.39,1676,82,11370,8.2,0.8,High,8.5,8.67
39,Male,188.8,81.5,22.85,2490,17,1755,6.6,2.4,Moderate,3.06,3.67
57,Male,170.5,77.0,26.49,2025,92,7564,9.6,3.5,Moderate,7.07,7.26
53,Male,177.4,89.0,28.27,2559,80,13355,7.4,2.6,High,7.67,8.27
55,Male,182.2,117.8,35.5,2542,0,4226,7.0,2.0,High,4.44,4.7
29,Male,183.6,47.2,14.0,2003,16,8353,6.0,2.6,Moderate,4.15,5.02
58,Female,164.4,68.9,25.47,1273,0,9777,6.8,3.5,Moderate,4.24,4.97
57,Male,171.8,105.7,35.82,2176,42,3003,7.5,4.5,Low,6.13,6.63
40,Male,174.0,68.6,22.67,1575,45,6026,7.1,3.6,Moderate,6.74,7.39
44,Female,162.3,92.2,35.01,2339,45,2082,9.2,2.1,Moderate,5.09,5.89
19,Female,161.6,89.4,34.23,2171,0,7424,6.5,2.4,Moderate,3.34,3.96
54,Male,182.7,100.3,30.03,2006,5,5231,7.8,2.4,High,5.51,6.16
64,Male,181.2,112.4,34.26,1652,52,8726,5.6,1.8,Moderate,7.36,7.36
40,Male,173.3,84.0,27.97,2893,62,10221,9.6,2.5,Moderate,5.41,5.83
43,Female,160.3,46.6,18.11,2073,0,12860,5.6,2.4,Moderate,3.78,4.1
41,Male,170.9,65.4,22.38,3476,9,16162,9.5,1.5,Moderate,2.86,3.82
21,Male,168.3,117.3,41.44,2317,73,8726,6.8,3.4,High,7.33,7.79
47,Male,170.3,52.5,18.13,2475,10,6892,4.3,3.0,High,4.16,4.53
52,Male,165.0,86.9,31.93,2319,44,6688,8.6,2.0,Low,5.3,6.1
62,Male,179.0,45.0,14.05,2470,8,4622,7.1,2.7,High,4.45,4.52
62,Male,176.3,53.7,17.27,2846,68,9568,6.5,1.7,High,4.99,5.56
41,Female,162.7,94.0,35.5,2852,0,6267,7.8,2.1,Low,2.91,2.91
64,Female,162.5,78.6,29.79,1416,36,9813,7.8,3.2,Moderate,7.54,7.89
43,Female,143.6,71.2,34.54,2727,71,4734,7.5,3.0,Moderate,5.5,5.94
48,Female,160.7,63.3,24.53,2548,62,6368,8.4,2.1,Moderate,5.6,6.71
46,Male,177.0,45.0,14.36,2317,32,9513,7.3,2.9,High,5.4,5.95
65,Female,173.4,90.5,30.1,3156,25,7562,7.8,2.5,High,4.85,5.14
53,Female,173.1,72.9,24.33,3176,38,1278,6.4,1.7,Low,2.55,3.1
23,Female,168.0,50.6,17.94,2752,8,7946,7.9,2.4,Low,3.5,4.61
21,Female,160.3,78.5,30.55,2028,42,5193,6.4,3.0,Low,5.85,5.85
37,Male,188.1,88.5,25.0,1703,42,12135,5.7,2.9,High,6.37,7.24
42,Male,165.5,74.4,27.15,2677,33,11398,6.8,1.1,Low,3.6,4.33
50,Male,176.7,80.1,25.66,2979,73,1000,6.7,2.7,Moderate,4.08,4.64
41,Male,165.3,78.7,28.81,1285,15,10805,8.1,2.6,Moderate,6.45,6.94
42,Male,169.5,65.3,22.71,2843,0,9362,5.3,0.9,Low,2.02,3.12
62,Male,176.2,79.0,25.43,2172,30,2805,8.3,1.9,Low,4.62,5.47
34,Male,172.3,91.2,30.73,1395,48,11074,6.3,3.0,High,8.5,8.74
41,Female,173.6,96.6,32.06,2534,42,3520,4.0,3.8,Moderate,4.92,5.53
44,Female,169.3,92.2,32.19,2754,40,12008,5.6,1.1,Moderate,4.21,5.25
40,Female,170.4,65.8,22.68,2124,13,5738,6.6,3.5,Moderate,4.63,5.42
64,Male,181.1,89.5,27.28,1771,17,2686,7.5,0.9,Low,5.14,5.84
64,Female,147.5,86.4,39.72,3156,31,15422,6.8,3.9,Moderate,3.92,4.06
42,Female,162.2,65.2,24.79,1965,29,2587,5.5,2.4,Low,4.2,5.61
39,Female,166.4,69.6,25.17,2879,75,5178,6.1,2.0,Low,4.4,5.25
46,Female,161.1,90.2,34.79,1543,52,5865,5.6,2.9,Low,6.34,7.56
26,Male,179.2,102.8,32.02,2508,30,6405,7.3,1.7,Moderate,5.62,6.33
38,Male,176.5,45.4,14.56,2493,75,10445,6.9,3.1,Low,5.59,6.18
28,Female,155.0,107.5,44.76,2736,57,8202,7.7,2.5,Low,5.3,5.67
24,Other,171.4,99.0,33.68,3046,6,11515,4.9,0.8,High,4.55,5.49
22,Male,165.4,81.6,29.8,1893,0,9301,6.4,1.9,Moderate,4.29,5.41
46,Male,162.6,73.7,27.87,2560,7,2144,9.4,2.8,High,4.07,5.03
18,Male,160.6,85.0,32.95,1616,61,9924,7.8,3.6,High,8.5,9.89
49,Male,188.1,66.5,18.79,1611,69,8818,6.6,2.9,Moderate,7.27,7.92
38,Other,156.3,74.8,30.62,2010,0,5813,5.8,3.5,Moderate,3.91,4.29
35,Female,174.3,51.4,16.93,2504,63,15258,8.3,1.8,High,6.25,6.94
54,Male,167.4,46.7,16.64,3138,62,10129,8.8,3.3,Moderate,4.56,5.44
43,Male,183.5,120.0,35.64,3229,84,11296,5.6,3.3,Low,5.31,5.82
53,Male,156.4,79.1,32.36,2122,71,11418,5.7,1.1,Low,7.17,7.76
52,Male,172.1,81.7,27.57,2452,82,6529,7.3,3.6,High,6.63,7.31
19,Female,173.5,77.4,25.73,2771,58,10216,7.4,2.9,Low,5.79,6.56
28,Female,176.3,63.1,20.31,2682,57,9106,7.6,2.3,High,6.96,7.6
45,Female,160.4,72.5,28.18,2215,35,6050,9.2,2.3,Moderate,5.43,6.11
64,Male,158.5,79.6,31.72,2338,67,3724,5.8,1.7,Moderate,5.07,5.89
25,Female,162.6,74.5,28.17,2244,7,8084,7.0,3.2,Moderate,5.22,6.09
23,Female,157.6,64.5,25.96,2195,41,10054,7.9,2.9,Moderate,6.03,6.46
63,Male,171.2,86.6,29.55,2129,60,8056,7.9,3.1,Low,6.61,6.61
64,Female,166.7,81.4,29.29,2240,84,7361,6.2,2.7,Moderate,5.3,5.53
26,Female,163.5,85.1,31.82,2097,31,8095,6.3,2.8,Moderate,5.12,5.88
37,Female,155.8,90.7,37.35,1732,72,6995,6.4,2.3,Moderate,7.18,7.52
48,Male,177.3,74.9,23.85,2731,39,13422,9.0,3.6,Moderate,4.22,4.91
27,Male,170.6,75.0,25.74,2558,72,8945,5.8,3.1,Moderate,5.62,6.2
33,Female,156.1,104.7,42.96,3238,22,6297,6.6,2.8,Moderate,3.58,4.2
36,Male,169.4,61.0,21.27,2484,65,1671,7.9,2.5,High,5.14,5.91
48,Male,161.4,45.0,17.27,2091,42,7309,5.7,1.0,Low,4.85,5.87
32,Female,168.9,88.0,30.86,1986,11,5981,7.3,0.8,High,6.11,6.71
37,Male,179.1,66.7,20.78,2323,40,5851,4.7,2.3,Moderate,4.26,4.5
31,Male,177.2,58.6,18.67,2576,82,11299,7.2,3.7,Moderate,6.83,7.54
54,Other,174.2,93.9,30.94,2177,16,8279,7.1,2.0,Moderate,5.25,6.1
25,Female,160.8,75.4,29.14,1564,3,2111,7.2,2.0,Moderate,5.21,5.21
29,Female,162.2,55.3,21.0,1930,56,10165,6.0,1.7,Low,6.75,7.1
29,Female,160.8,112.8,43.65,2309,0,2462,7.3,1.4,Moderate,4.11,4.72
61,Male,170.2,49.0,16.93,2670,88,10426,7.0,1.8,Moderate,5.91,6.34
63,Male,181.7,76.4,23.17,1557,88,6337,8.6,2.9,Low,6.76,7.41
42,Female,169.8,45.0,15.61,2432,74,8304,7.8,2.2,Low,4.94,5.32
25,Male,169.5,82.9,28.83,2410,44,7912,5.3,2.1,High,5.04,5.97
54,Male,162.1,66.5,25.3,2074,91,7481,6.0,2.0,High,6.78,7.4
41,Male,182.8,92.7,27.74,2006,82,8733,6.3,2.8,Moderate,7.59,7.59
58,Female,168.0,77.7,27.53,1931,30,8286,7.2,3.0,Low,5.62,6.48
35,Male,174.6,102.3,33.57,2370,85,14544,6.8,0.9,Moderate,6.45,7.33
65,Female,172.0,70.3,23.76,2863,19,8783,6.8,1.9,High,3.89,4.48
56,Male,180.4,49.1,15.09,2898,39,8865,10.0,2.5,High,4.54,4.54
28,Female,171.9,82.3,27.85,1738,0,5516,6.4,3.0,High,4.14,5.06
52,Male,169.7,73.5,25.51,2206,49,9333,8.7,2.7,Moderate,5.88,6.12
31,Male,182.6,45.3,13.58,1203,36,4417,6.8,3.3,Moderate,6.03,6.51
34,Female,166.1,59.0,21.39,2354,32,12025,4.4,1.3,Low,3.92,4.32
30,Female,167.5,64.7,23.08,2598,40,2804,7.2,3.0,Moderate,4.84,4.93
50,Male,190.2,106.0,29.31,3085,28,5047,8.3,4.4,High,4.85,5.45
30,Male,171.8,90.7,30.75,1406,46,2298,7.8,2.6,Low,6.93,7.6
48,Male,174.2,71.7,23.65,1755,80,9468,7.3,2.7,Low,7.56,8.2
45,Male,166.8,86.5,31.09,2372,15,6516,7.0,3.1,High,5.16,5.69
54,Female,153.3,45.0,19.15,1490,69,10400,6.4,2.1,High,7.66,7.99
65,Male,169.5,67.8,23.61,2386,51,4585,8.1,1.7,Low,4.97,6.08
18,Female,162.0,85.2,32.46,2611,55,9860,6.5,2.7,Moderate,5.98,6.65
65,Male,160.8,81.0,31.32,1659,44,10029,6.2,1.1,Low,5.58,5.85
23,Female,164.2,68.3,25.33,2366,24,8741,7.5,3.0,Low,5.19,5.95
43,Male,168.9,77.3,27.12,1693,57,8108,6.6,3.1,Low,5.78,6.5
34,Male,179.8,84.1,26.0,2987,59,8480,8.5,1.2,Moderate,5.04,5.85
48,Male,173.9,77.8,25.74,2403,22,4812,7.6,2.7,Low,4.71,5.3
52,Female,161.0,93.5,36.09,1979,7,4236,6.1,2.4,High,5.17,5.56
59,Female,162.0,83.7,31.92,1680,47,9903,5.6,3.9,Low,7.23,7.35
37,Female,163.5,87.2,32.61,2494,66,6709,6.3,3.8,Low,4.41,4.82
62,Male,180.7,108.8,33.33,2978,73,9586,9.8,3.4,Low,5.85,5.87
33,Male,165.6,92.9,33.87,1914,78,13428,6.7,3.7,Moderate,7.65,8.36
27,Male,171.9,109.3,37.02,2080,55,6399,7.9,2.3,High,7.75,7.79
36,Male,176.8,65.9,21.09,1923,37,5899,5.4,2.8,Low,5.35,5.83
43,Female,163.2,49.3,18.53,3077,44,6865,5.7,2.4,Moderate,3.2,4.05
50,Female,169.9,75.5,26.16,1345,10,8136,6.8,1.7,Low,4.2,4.72
57,Female,171.1,73.9,25.26,2942,25,10149,9.0,2.7,Low,3.19,3.77
28,Female,174.4,104.3,34.27,2111,43,7900,5.5,2.5,Low,5.98,6.73
32,Male,157.4,57.7,23.27,2264,37,15274,6.2,2.4,Low,4.02,4.8
63,Male,164.4,76.6,28.33,2129,47,9472,8.1,2.5,High,8.05,9.01
39,Female,151.8,85.3,37.01,2419,6,10732,8.9,2.7,Moderate,4.15,4.95
29,Male,168.3,79.8,28.18,1935,12,7870,7.5,3.4,High,6.18,6.91
65,Male,161.2,74.9,28.83,2829,66,11541,7.8,2.1,High,6.65,6.65
39,Female,161.6,84.5,32.36,2849,21,7281,5.9,1.4,Moderate,3.88,4.56
65,Other,176.1,97.4,31.42,1808,26,5745,5.4,3.2,Moderate,5.14,6.32
62,Female,164.1,105.6,39.22,2633,47,11168,5.6,3.4,Low,5.18,6.01
61,Male,168.4,78.6,27.7,2121,18,7799,6.0,2.9,Low,4.56,5.5
45,Female,164.9,63.3,23.3,2325,75,8858,7.3,1.6,Low,6.02,6.38
56,Male,178.1,105.6,33.29,3062,9,11436,5.5,2.5,Low,2.92,3.49
64,Male,171.9,58.6,19.84,1962,45,8486,7.3,2.9,Low,5.28,6.08
30,Male,177.6,110.2,34.96,2763,24,7477,6.6,1.6,Moderate,4.2,4.95
19,Female,169.5,102.2,35.58,2528,49,6126,6.3,1.9,Moderate,4.74,5.62
33,Female,164.4,104.8,38.77,2202,31,11715,8.1,2.5,Moderate,5.6,5.8
48,Female,159.3,90.3,35.62,2483,44,6803,5.8,3.7,Moderate,4.92,5.24
44,Male,183.9,45.0,13.31,2424,79,7821,8.7,2.8,Low,5.11,5.26
21,Female,172.8,59.3,19.86,1720,25,9004,8.0,2.1,Low,4.59,5.28
44,Male,176.3,83.5,26.88,1996,25,8989,5.8,2.4,Moderate,4.83,5.36
26,Female,140.4,65.8,33.39,1777,36,11547,8.4,2.0,High,7.83,8.36
42,Male,170.4,72.3,24.91,2161,86,7755,5.7,2.2,Moderate,6.02,6.38
45,Male,159.5,89.0,34.98,2972,42,12817,8.6,3.3,High,5.43,5.74
48,Female,164.4,74.9,27.73,2590,79,7129,7.4,0.9,Moderate,6.03,6.63
37,Male,172.7,56.1,18.81,1583,40,9297,5.1,3.8,High,6.44,7.42
37,Female,165.3,93.9,34.4,2163,78,7356,5.4,4.6,Moderate,6.76,7.91
50,Male,185.3,87.3,25.42,2416,56,15325,6.5,2.7,High,6.51,7.66
53,Female,159.0,73.5,29.07,2672,60,6772,8.0,1.9,Low,5.0,5.44
56,Male,168.5,90.8,31.98,1974,4,7089,6.8,3.6,High,5.17,5.35
34,Male,180.5,79.7,24.45,1681,0,8401,6.8,2.9,Moderate,3.69,4.6
38,Male,170.2,102.0,35.21,2271,74,7066,7.0,2.1,Moderate,6.13,7.18
33,Male,179.5,80.7,25.06,2584,74,9100,4.6,1.7,Moderate,6.37,7.12
43,Female,156.9,101.8,41.36,2417,112,12301,8.0,2.2,Moderate,7.36,7.95
24,Male,183.9,45.0,13.3,1857,3,8515,8.6,2.8,High,5.07,5.45
38,Male,170.1,86.3,29.83,3177,58,8644,7.9,3.4,High,7.05,7.87
27,Female,159.1,70.8,27.98,2250,16,7197,6.5,2.9,Moderate,4.72,5.52
43,Male,159.0,62.5,24.73,2396,24,6232,5.9,3.0,Low,3.88,4.58
58,Female,161.5,98.9,37.88,1969,30,8337,5.7,2.3,Moderate,5.14,5.35
65,Female,151.0,94.0,41.24,2853,55,8026,5.6,3.4,Moderate,4.74,4.99
39,Male,174.0,45.0,14.87,2585,26,12106,9.7,2.4,Moderate,3.8,4.37
20,Female,163.6,90.9,33.95,2457,45,4643,6.9,4.3,Low,4.82,5.78
28,Male,170.9,88.7,30.37,1724,68,13090,8.1,2.0,Moderate,8.5,9.42
23,Male,184.8,65.0,19.02,2847,76,7486,8.0,3.0,Moderate,5.11,5.57
54,Male,170.6,63.0,21.64,2678,64,8519,7.2,4.6,Low,5.58,5.58
65,Female,172.6,49.4,16.57,2807,57,4273,5.9,3.5,Low,3.58,4.65
44,Female,168.4,71.9,25.36,2318,41,9966,7.6,3.3,Low,5.24,6.27
26,Female,161.0,74.8,28.87,2262,29,4638,5.7,2.9,High,5.28,5.92
19,Other,175.5,92.3,29.97,2208,60,9306,7.7,2.6,Moderate,7.06,7.51
64,Male,166.5,82.8,29.87,3439,15,8964,5.8,2.4,Moderate,2.94,3.43
33,Female,166.1,58.9,21.36,2028,48,6860,6.5,2.1,Low,5.38,6.31
23,Female,167.8,82.3,29.25,1706,14,1000,6.5,1.2,High,4.93,5.72
26,Female,166.4,73.4,26.53,2113,43,15562,8.7,3.2,Low,6.28,6.73
30,Female,161.2,61.2,23.56,2033,15,4310,4.1,1.2,Moderate,3.92,5.29
49,Other,192.0,49.4,13.39,2929,33,8954,9.8,3.2,Moderate,3.46,3.53
60,Male,183.3,89.2,26.57,1622,26,5445,6.0,2.3,Low,4.89,5.28
31,Female,168.2,86.0,30.42,2019,22,11668,6.9,1.7,High,5.07,5.47
50,Female,161.8,88.0,33.63,2395,42,6671,7.5,3.9,High,5.98,6.62
21,Female,156.2,64.9,26.61,2934,0,5368,7.4,1.3,Moderate,3.72,4.71
18,Male,180.1,81.1,25.0,2656,0,10083,8.0,2.0,Moderate,3.88,4.77
20,Other,156.5,53.2,21.73,3109,67,3548,7.7,2.1,Low,4.15,4.79
62,Male,177.2,60.2,19.19,2472,49,6553,9.4,2.7,Moderate,4.01,4.15
45,Female,165.6,78.6,28.65,2198,24,10415,7.9,2.0,Moderate,5.58,6.51
56,Female,152.1,82.7,35.76,2727,72,13273,6.9,3.9,High,6.74,6.94
19,Male,172.4,48.7,16.37,1616,27,4631,6.3,1.4,Moderate,4.56,5.02
19,Female,163.7,59.0,22.0,1445,28,5859,6.3,6.0,Moderate,5.51,6.08
58,Male,159.6,71.4,28.05,2788,23,9232,8.6,1.6,Low,3.75,4.07
22,Female,165.0,95.3,34.97,2405,98,1009,9.1,5.3,Moderate,5.11,5.42
25,Female,159.8,63.4,24.8,2782,51,12751,8.2,3.6,Moderate,6.26,7.17
42,Male,154.7,80.5,33.65,1873,50,4501,4.0,2.5,High,6.9,8.01
47,Female,162.4,82.4,31.26,2942,58,6469,4.3,2.8,Moderate,4.82,5.39
28,Male,181.0,73.5,22.43,2635,0,8912,7.0,2.3,Moderate,3.01,3.01
39,Female,156.1,82.8,34.01,2284,28,8179,6.8,2.9,Low,4.72,5.41
50,Female,160.3,53.8,20.93,2403,57,4627,7.0,1.9,Moderate,5.62,5.97
39,Male,182.4,66.2,19.9,2473,44,14025,8.5,3.2,Moderate,5.56,6.29
36,Female,156.7,103.8,42.3,1871,106,1000,8.4,2.8,High,8.02,8.73
21,Female,150.4,105.1,46.46,2107,30,4072,7.2,1.7,Moderate,5.78,5.78
39,Female,151.2,93.2,40.73,2465,71,5771,5.2,3.0,Low,5.06,5.52
56,Female,159.1,97.8,38.65,2087,67,4676,5.5,2.9,High,6.42,7.23
48,Female,152.8,45.1,19.34,1565,48,12268,7.1,2.0,Low,7.5,8.07
60,Female,159.6,60.9,23.93,2447,54,2195,7.5,2.2,Moderate,5.32,5.54
24,Male,168.9,72.4,25.39,2718,36,13451,5.5,3.1,High,4.26,5.09
18,Male,176.3,121.5,39.1,2834,0,7026,7.8,3.6,Moderate,4.49,4.51
44,Female,160.0,72.4,28.26,2566,54,3236,4.9,2.5,High,4.99,5.67
26,Male,178.1,91.4,28.81,2709,56,1000,4.0,3.4,High,4.87,5.28
46,Female,164.9,84.8,31.21,2793,61,7247,5.9,3.7,Low,4.51,5.26
61,Male,171.9,84.4,28.58,2339,46,5543,8.6,3.8,Moderate,5.75,6.27
34,Female,160.9,77.6,29.96,1240,72,8827,8.8,3.0,Moderate,8.5,9.27
44,Female,165.0,56.4,20.71,2879,20,6422,5.1,1.8,Moderate,3.19,4.26
50,Male,170.5,45.0,15.49,1853,86,11345,5.2,3.4,High,7.62,8.46
25,Male,189.2,101.1,28.24,1734,17,7501,7.9,2.4,High,6.19,7.03
61,Male,155.4,66.9,27.72,1748,41,6516,6.5,3.1,Moderate,6.01,6.82
27,Female,152.3,45.0,19.39,3542,64,11406,8.6,2.0,Low,4.62,4.62
56,Female,162.7,85.9,32.44,2520,30,8798,7.9,2.1,Low,4.7,5.33
49,Male,171.9,85.5,28.95,1779,65,10711,8.1,2.0,Low,7.95,8.64
24,Female,158.8,91.8,36.43,1958,35,12020,6.0,1.4,Moderate,5.84,6.64
52,Male,165.6,98.1,35.78,2299,48,6971,7.5,2.1,Moderate,5.79,6.36
27,Male,166.6,61.5,22.14,2571,39,8133,9.4,1.7,Low,3.32,4.17
46,Male,181.1,62.3,18.97,2439,28,10953,7.2,3.1,Moderate,4.7,4.96
64,Male,183.7,72.3,21.41,1835,108,1000,6.9,1.6,Low,5.03,6.33
63,Female,150.8,92.8,40.82,2458,21,7643,6.5,2.0,High,4.22,5.01
59,Female,162.9,45.0,16.95,1994,0,7212,5.1,2.6,High,3.63,3.91
41,Female,153.6,80.3,34.05,2823,22,9309,5.7,4.2,Low,3.49,4.56
44,Female,159.0,94.8,37.48,2328,48,5196,5.9,2.0,Low,5.24,5.45
32,Male,184.3,94.0,27.68,1920,34,11834,5.0,1.4,High,5.48,6.09
62,Male,177.3,90.8,28.86,2644,73,5417,5.1,1.4,Low,4.66,5.3
40,Female,161.1,97.1,37.43,2491,72,6393,4.1,1.8,High,5.87,6.33
55,Female,184.4,45.0,13.24,2062,36,5674,6.1,2.0,Low,4.35,4.91
35,Female,155.6,107.0,44.22,2665,0,12304,7.8,4.7,Moderate,4.27,4.89
53,Female,170.2,83.9,28.99,2614,9,1000,6.6,3.5,Moderate,3.86,4.08
28,Female,151.3,102.0,44.58,2900,44,14254,6.6,2.3,Moderate,4.92,5.62
53,Female,160.3,56.9,22.13,2655,1,13156,7.9,4.3,High,4.61,5.21
20,Female,152.6,46.4,19.95,2193,34,6022,9.0,2.0,High,4.52,5.8
23,Female,163.8,110.2,41.06,1454,84,11594,9.7,2.2,Moderate,8.5,9.62
34,Male,170.6,61.3,21.07,2393,54,8455,7.2,2.2,Moderate,5.06,5.41
41,Male,175.8,72.4,23.42,2470,46,13785,6.7,3.5,Moderate,5.96,6.51
52,Female,169.6,87.5,30.4,2325,15,11327,6.5,2.5,Moderate,4.95,5.3
35,Male,181.1,91.9,28.01,1100,50,15676,7.7,4.0,Low,8.08,8.59
18,Female,164.3,97.4,36.09,2639,37,2532,6.8,3.0,Moderate,4.71,5.61
33,Female,167.7,82.0,29.15,1843,51,8669,6.8,3.4,Moderate,7.08,7.64
39,Male,176.6,59.0,18.93,2642,65,1965,6.9,1.0,Low,3.76,4.19
44,Male,176.8,90.7,29.01,3150,70,6184,5.9,1.1,Moderate,3.97,4.78
48,Female,162.4,91.0,34.52,2173,48,15873,4.2,1.1,High,7.59,7.59
29,Female,166.4,45.3,16.37,2519,59,9638,6.2,2.2,High,6.02,6.48
47,Male,169.1,103.5,36.22,2316,30,11445,8.7,1.2,Moderate,5.68,6.76
48,Female,160.5,45.0,17.47,2562,76,9798,8.7,3.7,High,7.1,8.19
55,Male,160.2,96.6,37.65,2351,20,9576,8.1,2.4,Low,5.07,6.12
43,Male,173.0,66.6,22.24,2041,39,6171,6.4,3.2,Low,5.52,5.69
56,Male,171.8,90.7,30.73,1847,79,5519,6.1,2.2,Moderate,6.46,6.62
28,Female,159.9,87.2,34.09,3095,31,6077,8.9,3.3,Moderate,4.08,4.51
52,Female,160.1,77.3,30.18,2519,7,1000,5.7,0.8,High,3.27,3.88
20,Female,161.3,86.1,33.08,2715,33,7712,7.0,2.6,High,5.63,5.98
22,Male,159.9,76.4,29.9,2499,83,8839,9.0,3.1,Moderate,6.08,6.09
59,Other,171.2,90.9,31.0,2787,0,5832,7.1,3.1,Low,2.97,3.89
40,Female,156.6,117.3,47.85,1852,47,7542,6.6,2.3,Low,5.51,6.38
47,Male,193.8,53.9,14.34,2341,27,9837,8.4,1.1,Moderate,4.56,4.96
46,Male,168.7,45.0,15.82,2552,40,11096,7.1,3.5,Moderate,5.08,5.93
51,Male,174.6,70.5,23.14,2946,35,3807,7.2,2.2,High,4.87,5.8
29,Female,153.9,69.3,29.24,3636,71,5218,8.8,2.3,Low,3.74,3.74
26,Male,161.3,71.2,27.37,2503,46,10635,4.0,4.6,High,6.65,7.47
20,Male,169.8,61.3,21.27,1969,73,10061,7.4,2.7,Moderate,7.33,7.9
59,Female,158.1,93.7,37.5,1702,80,12705,6.1,2.1,Moderate,7.88,7.88
28,Female,161.7,53.1,20.33,1847,45,12560,6.8,2.1,Low,6.22,7.18
45,Female,157.8,86.1,34.57,1912,34,16452,7.1,3.2,Low,6.02,6.65
39,Female,159.2,89.5,35.32,1100,55,6975,6.2,1.9,Moderate,7.85,7.89
25,Male,182.2,83.7,25.22,1962,60,13524,7.3,3.1,High,8.21,8.95
37,Female,159.0,86.8,34.3,2658,12,4779,7.5,3.6,Moderate,5.16,5.82
21,Male,183.7,95.1,28.16,2337,51,16379,7.2,2.5,High,7.2,7.98
26,Male,166.1,79.0,28.62,2170,37,9591,7.1,3.5,Moderate,6.74,6.74
24,Other,184.2,71.8,21.14,1489,33,9897,6.9,2.5,Low,4.9,5.39
57,Male,173.6,86.8,28.77,2825,25,11464,6.9,2.0,Low,3.64,3.9
45,Male,186.7,88.8,25.47,2555,27,3256,7.1,1.1,High,4.71,5.25
62,Female,152.0,94.0,40.69,2293,80,4238,5.9,2.8,Moderate,5.8,5.81
38,Male,157.6,47.2,18.99,1198,34,8404,8.5,2.9,High,6.89,7.1
27,Male,180.8,74.7,22.85,2054,77,9210,6.9,3.5,Moderate,7.15,8.29
47,Female,168.8,58.8,20.64,2516,48,15288,6.5,3.4,Low,4.05,5.05
62,Female,164.1,88.1,32.72,2285,13,4677,7.5,4.5,Moderate,5.37,6.31
43,Female,166.5,91.1,32.87,2395,50,13390,6.9,2.1,Moderate,6.45,7.56
18,Male,187.0,73.1,20.9,2642,11,7070,8.5,2.9,Moderate,3.81,3.81
32,Female,159.9,64.9,25.38,2377,62,7021,8.1,2.0,Low,5.48,6.06
62,Female,154.7,88.7,37.09,2624,39,7426,7.1,3.4,Low,4.92,5.6
42,Male,170.6,75.6,25.99,1878,68,6931,8.1,1.8,Moderate,6.9,7.37
63,Male,166.6,103.7,37.36,1688,85,9702,7.3,3.4,Moderate,8.5,8.5
42,Male,184.6,109.9,32.27,2538,0,6617,5.6,1.9,Low,2.65,3.56
18,Female,155.5,96.0,39.69,2641,32,3063,8.1,3.3,Moderate,5.57,6.39
59,Male,173.5,82.2,27.31,2559,11,7062,4.7,3.7,Moderate,4.44,4.82
54,Female,159.7,110.9,43.45,2365,105,9598,4.0,1.2,Moderate,6.47,7.36
52,Other,170.3,82.3,28.38,2137,32,3091,7.8,1.4,Low,4.86,5.5
64,Male,177.4,69.4,22.04,2405,8,10036,7.5,2.8,High,5.41,6.23
27,Female,148.2,65.8,29.97,2489,107,12131,7.5,2.7,Low,7.32,7.6
61,Male,169.7,65.3,22.69,2519,24,13179,8.7,2.3,Low,3.78,4.46
29,Male,170.6,77.9,26.75,3603,0,9181,7.0,2.2,Low,1.86,2.55
64,Female,165.2,86.3,31.64,1839,12,1683,6.5,1.8,Low,3.13,3.65
27,Male,185.8,52.5,15.21,3912,49,10266,8.0,2.9,Moderate,4.65,4.65
44,Female,165.3,69.9,25.6,1671,46,11385,6.1,1.7,Low,6.39,7.05
55,Female,151.4,81.8,35.7,2492,21,5562,6.7,2.9,Low,4.24,4.93
21,Male,196.0,89.6,23.33,1702,31,7745,7.3,2.1,Low,5.34,5.61
21,Male,170.5,77.5,26.66,2453,46,9692,7.4,2.2,Low,5.94,6.74
58,Male,172.5,82.4,27.7,2791,82,14255,6.6,3.7,Moderate,6.3,6.98
20,Female,159.9,55.7,21.79,2316,54,7104,6.4,3.5,Low,4.13,4.87
47,Female,159.5,61.6,24.22,2786,29,11119,5.7,1.7,Low,3.22,3.69
63,Male,174.6,76.9,25.22,2088,38,9107,6.1,1.8,High,6.31,6.31
47,Female,158.1,87.2,34.86,1275,66,8697,9.2,3.3,Moderate,8.46,8.47
41,Female,155.0,82.2,34.19,2613,92,12656,6.7,1.3,Low,5.78,6.62
38,Female,149.2,62.7,28.16,2315,14,5090,7.2,3.9,Moderate,5.06,5.28
48,Male,182.4,73.7,22.18,2060,76,8806,5.2,2.7,Low,6.38,6.7
45,Male,175.7,105.2,34.09,2094,36,8095,10.0,2.1,Low,5.42,6.32
42,Male,177.0,87.8,28.02,2503,0,2725,6.0,2.6,Low,2.76,2.76
25,Male,182.9,75.1,22.45,1892,0,12314,5.6,3.8,Low,3.03,3.07
49,Male,165.1,59.5,21.84,2487,82,10901,6.9,0.8,Low,5.68,6.56
53,Male,194.0,65.2,17.32,2894,85,8118,5.9,3.5,Low,4.08,4.71
52,Male,169.9,78.1,27.06,3330,29,7085,7.4,3.7,Moderate,3.73,3.73
21,Male,171.2,83.0,28.31,3002,39,8000,5.2,2.3,Low,3.73,4.18
51,Male,164.3,88.2,32.66,2380,0,10475,8.4,2.5,Low,3.67,4.34
53,Female,162.4,85.0,32.21,2428,66,8185,8.1,2.7,High,6.59,6.81
26,Female,156.3,71.3,29.18,2099,44,5663,6.9,3.3,Moderate,5.98,6.07
58,Male,192.2,68.8,18.63,2067,1,6190,5.0,1.9,Moderate,3.65,3.66
43,Female,170.1,114.8,39.71,2736,50,7957,6.0,2.6,Moderate,5.13,6.02
40,Male,176.8,68.0,21.75,2146,6,4735,7.1,2.5,Moderate,4.48,5.44
52,Female,169.9,54.7,18.96,2483,60,9166,5.5,3.2,Moderate,6.14,7.01
42,Female,164.3,48.5,17.96,1818,14,5224,5.7,5.0,Moderate,4.33,5.36
44,Female,164.8,71.6,26.39,2985,54,4659,8.3,1.9,High,5.67,6.72
32,Female,149.5,94.9,42.45,2138,26,19175,7.2,2.7,High,6.86,6.93
62,Female,159.8,67.6,26.49,2843,0,14789,7.1,1.9,Low,3.19,4.14
64,Female,160.4,104.6,40.64,1948,72,8503,7.6,2.2,Low,8.02,8.66
24,Male,179.0,77.9,24.3,1921,74,10978,6.8,1.6,Low,6.99,8.25
53,Male,173.8,98.0,32.42,2964,30,11573,6.9,1.2,Moderate,4.14,5.92
19,Female,163.9,64.4,23.97,1986,52,7735,7.5,3.7,High,6.96,7.49
35,Male,167.6,64.6,23.01,1516,57,8989,8.0,2.9,Moderate,7.95,8.44
64,Female,170.1,79.6,27.52,1780,58,7082,7.6,2.7,Moderate,7.26,7.73
26,Female,161.1,86.7,33.42,2728,93,12394,8.8,1.8,Moderate,6.94,7.57
36,Male,172.3,74.8,25.18,2680,56,12443,7.0,2.5,Moderate,6.04,6.72
28,Male,176.1,83.3,26.85,1918,34,13466,5.4,1.6,Moderate,4.87,6.39
52,Female,150.7,88.6,39.01,1984,56,8930,8.3,2.6,Moderate,7.85,8.5
40,Male,160.4,52.4,20.39,2636,32,15587,6.7,2.9,Moderate,3.87,4.32
46,Female,167.5,71.9,25.61,2957,15,7732,6.1,2.1,Moderate,3.26,3.86
63,Female,166.7,68.7,24.7,2265,79,15164,7.9,1.9,Moderate,7.01,7.33
43,Male,176.4,69.5,22.35,2577,59,6378,7.4,2.2,Moderate,4.92,4.93
53,Female,157.3,85.3,34.5,2736,0,3458,5.5,3.3,Moderate,3.4,3.95
22,Female,158.1,68.9,27.59,3376,25,15097,7.8,2.8,High,5.32,6.74
28,Female,161.2,45.0,17.33,1722,66,10311,9.2,1.2,Moderate,7.37,8.28
63,Male,153.6,73.7,31.24,1965,1,9816,7.4,3.3,Moderate,4.86,5.29
59,Female,173.9,58.8,19.47,2046,23,6738,6.7,3.1,High,4.7,5.43
49,Female,167.6,86.9,30.96,2713,119,5041,5.0,2.8,High,5.0,6.48
36,Male,160.9,92.5,35.75,2174,35,5374,9.5,4.1,Moderate,6.12,6.79
27,Female,171.3,45.0,15.33,2456,75,8484,6.4,2.6,High,5.27,5.55
58,Female,160.2,64.1,24.96,2360,87,7474,5.3,3.0,High,5.81,6.44
55,Male,173.8,84.4,27.93,2300,19,1207,7.1,3.0,Low,4.06,4.89
29,Female,161.1,52.6,20.28,2353,52,13928,8.2,3.4,Moderate,6.14,6.89
46,Female,155.1,92.1,38.26,2814,102,6531,8.5,2.4,Moderate,6.44,7.55
47,Female,160.8,96.9,37.48,1814,57,12334,6.2,2.0,Moderate,7.8,8.43
40,Male,168.5,75.1,26.45,2225,111,5530,6.9,3.5,High,6.0,6.0
62,Female,169.2,64.1,22.39,1692,27,8541,7.0,3.4,Low,4.86,5.63
23,Other,175.9,45.0,14.55,2413,95,11403,8.2,3.7,Moderate,6.82,7.56
30,Female,172.0,92.7,31.32,2202,45,10920,7.7,3.0,High,7.45,8.17
22,Male,165.7,114.0,41.55,2834,35,7062,7.3,1.1,Moderate,4.67,4.97
51,Male,171.0,110.3,37.72,2297,62,9782,8.1,2.7,Moderate,7.14,8.43
48,Female,151.0,74.5,32.67,2078,41,10365,5.4,2.6,Moderate,6.1,6.32
65,Male,178.0,58.3,18.4,2176,42,7482,7.5,3.7,Low,5.41,5.67
44,Male,170.2,93.1,32.14,3161,58,4101,7.3,3.6,Low,4.59,5.11
25,Male,153.1,75.7,32.3,1514,0,5814,6.9,3.2,Low,4.27,5.33
39,Female,163.6,86.6,32.37,1986,22,6672,6.7,0.8,Low,4.54,5.62
22,Male,170.1,83.4,28.83,2318,65,8091,7.2,1.9,Moderate,6.41,7.23
50,Female,156.5,79.7,32.55,1981,72,13573,6.3,2.3,High,8.2,9.11
50,Female,152.4,96.5,41.57,2545,55,11176,10.0,2.3,Low,5.88,6.03
59,Other,180.5,97.2,29.82,2271,52,5143,8.6,2.8,Moderate,5.53,5.53
34,Female,167.6,68.6,24.42,2427,56,14427,8.3,3.9,Low,6.21,6.68
32,Male,181.9,61.4,18.55,2358,71,7724,6.4,3.3,Moderate,4.78,5.69
21,Female,164.8,45.0,16.57,2248,5,10352,5.9,1.8,Low,3.27,4.19
37,Male,171.6,71.8,24.38,1654,30,4713,6.7,1.9,Low,4.64,4.94
40,Other,158.5,58.3,23.22,2388,42,6417,7.1,1.8,High,6.04,6.3
54,Male,170.6,85.5,29.4,1418,50,11632,5.3,2.5,Moderate,7.57,8.58
54,Female,159.4,72.0,28.31,1964,0,4923,7.6,3.3,Low,3.89,4.56
24,Female,158.1,73.9,29.57,2544,9,8193,8.3,3.5,Low,4.48,4.48
31,Male,177.3,92.6,29.47,2894,44,9648,4.3,2.3,High,4.83,5.04
42,Female,168.6,85.2,29.94,3474,73,4419,5.9,2.6,Moderate,3.86,4.63
34,Male,170.6,75.9,26.09,2085,33,1778,8.5,4.1,High,6.01,6.19
19,Male,165.8,108.4,39.4,1867,26,11175,7.4,1.3,Moderate,5.91,6.16
58,Male,165.6,91.3,33.29,2561,59,18021,6.0,3.2,Moderate,6.5,6.77
53,Male,176.1,70.5,22.73,3234,35,9606,7.9,3.1,Moderate,3.7,4.6
42,Female,152.6,71.3,30.61,3066,69,10277,6.3,2.3,High,5.96,6.56
33,Female,161.1,92.2,35.53,1782,38,4905,6.7,2.6,High,6.83,8.02
58,Male,171.0,81.7,27.92,2229,13,13143,5.6,3.0,Low,4.13,4.58
19,Female,151.0,57.8,25.35,2725,84,6681,7.0,2.3,Moderate,5.79,6.32
39,Female,159.7,94.1,36.88,2759,79,12073,8.2,2.0,Low,6.33,7.05
56,Female,178.6,100.6,31.54,2595,18,10125,6.4,2.0,High,4.94,5.32
63,Male,183.9,99.3,29.36,2075,56,10210,7.8,4.3,Moderate,8.05,8.09
30,Female,153.3,105.8,45.01,2591,35,10076,6.9,2.2,Low,4.56,5.04
49,Male,174.9,115.2,37.68,2764,62,9965,8.3,2.8,Moderate,6.22,6.56
27,Female,174.4,109.1,35.89,1833,20,8991,6.4,3.3,Moderate,4.6,5.15
23,Female,163.4,84.1,31.5,2965,69,11392,8.9,2.4,High,6.66,7.05
34,Female,166.9,74.2,26.65,2795,78,5458,7.8,2.6,Moderate,5.31,6.07
60,Male,167.2,45.1,16.11,1929,18,7164,7.3,3.1,Low,4.06,4.54
51,Male,182.3,78.2,23.54,2762,46,13138,7.3,1.8,Moderate,5.8,5.84
41,Female,162.6,87.3,33.05,2706,79,8605,6.4,1.2,Low,5.45,5.83
31,Male,181.6,78.8,23.89,2725,16,6859,6.4,1.9,Moderate,3.72,3.9
24,Male,187.2,45.0,12.85,3087,26,11622,7.3,4.2,Moderate,4.36,5.64
30,Female,150.8,72.8,32.05,2294,63,10931,5.6,2.1,Moderate,6.37,6.98
25,Female,168.2,89.6,31.66,2465,40,3450,6.3,2.7,Moderate,5.18,6.02
26,Male,199.6,59.5,14.94,1100,0,10554,5.9,1.4,Low,3.61,4.17
51,Male,175.7,81.0,26.25,2857,36,8480,7.7,3.8,High,4.61,5.86
24,Other,165.3,85.8,31.4,2809,93,10491,7.7,2.3,High,7.45,7.61
20,Male,171.8,98.1,33.26,2978,102,8037,8.5,2.2,Moderate,5.89,6.22
44,Male,186.4,108.8,31.32,1831,27,9625,6.6,2.5,Moderate,4.88,5.87
31,Male,163.6,71.2,26.59,2781,19,1591,6.0,4.9,Moderate,4.0,4.42
39,Male,168.0,81.3,28.81,2809,32,4867,5.2,3.0,Moderate,3.7,4.04
24,Other,182.9,81.9,24.49,1974,95,10590,7.3,2.5,Low,7.63,8.03
28,Male,171.8,89.7,30.38,2827,68,17175,8.7,0.8,Moderate,6.78,8.06
39,Male,173.1,87.7,29.25,2531,85,9285,6.9,3.8,Low,6.07,7.39
51,Female,162.7,103.7,39.16,1450,72,5575,7.0,2.0,High,8.39,9.13
37,Male,168.3,45.0,15.89,2592,8,8473,7.0,1.8,High,3.5,4.17
44,Male,162.3,85.5,32.49,1916,18,4873,7.3,1.9,Low,5.29,6.16
43,Other,162.9,86.8,32.7,1462,25,12374,8.2,3.9,Moderate,6.95,7.69
30,Female,159.6,73.8,28.96,2483,30,8168,9.3,2.6,Low,3.93,4.59
31,Male,176.1,45.0,14.52,2267,26,11686,7.6,1.2,Low,3.96,4.4
38,Male,168.5,76.9,27.1,3001,29,7462,7.7,2.4,Low,4.32,4.71
19,Male,164.7,65.2,24.03,2390,62,11996,6.7,1.9,Moderate,6.42,7.19
50,Male,171.8,108.2,36.65,2689,48,2317,6.9,2.9,High,5.61,6.26
47,Female,155.3,84.8,35.12,2554,79,8085,6.9,2.3,Low,4.14,5.25
32,Female,169.6,63.7,22.15,2810,52,9888,6.6,1.2,High,5.76,6.27
35,Female,153.9,45.0,18.99,1856,26,7060,7.2,2.5,Moderate,5.11,5.38
33,Female,166.6,88.6,31.94,2399,50,9258,7.7,2.5,Low,6.98,7.07
49,Male,171.1,90.5,30.94,2229,2,9198,7.1,1.5,Moderate,4.48,4.81
54,Female,158.4,74.1,29.53,2626,0,11670,6.7,0.8,Moderate,2.83,2.92
23,Female,153.5,88.9,37.73,2427,63,10175,7.2,2.9,Moderate,7.09,8.1
37,Male,175.7,71.7,23.22,1992,73,9375,5.8,2.3,Moderate,6.93,7.38
18,Female,157.7,97.2,39.09,2131,47,11078,8.0,2.4,Low,7.26,7.59
39,Male,180.9,95.9,29.29,3124,34,3264,6.5,3.3,Moderate,4.21,4.98
29,Female,154.5,48.5,20.33,1452,7,5366,5.6,0.9,Moderate,4.71,5.99
34,Female,162.7,52.9,19.98,2654,77,3151,7.6,2.7,High,5.2,5.66
39,Male,192.4,114.6,30.94,2920,58,9920,7.6,3.2,Moderate,6.99,7.2
33,Female,160.4,94.8,36.86,2589,53,9448,6.0,2.4,Low,5.14,5.6
36,Male,175.9,55.3,17.87,3285,44,12848,7.7,1.3,High,4.28,4.28
54,Female,161.5,49.7,19.08,2769,31,9230,7.8,2.0,Low,4.73,5.51
56,Male,176.8,81.7,26.16,2492,13,5789,9.4,2.2,Low,3.54,4.34
18,Male,186.2,57.4,16.57,2066,52,8469,6.7,1.2,Moderate,5.24,5.68
36,Male,169.3,72.3,25.23,2501,29,1436,6.9,2.9,Low,3.63,3.83
58,Female,155.5,77.1,31.92,2640,33,6571,6.3,2.6,Moderate,4.9,6.34
43,Male,175.3,76.4,24.85,2301,93,1000,7.6,2.0,Moderate,5.81,5.98
27,Female,169.6,98.3,34.18,1928,43,9149,7.0,3.5,High,7.32,7.66
46,Male,172.3,111.0,37.41,1697,0,7022,8.2,2.1,Moderate,4.84,5.45
24,Male,171.2,69.4,23.67,2392,30,7537,6.5,3.9,Moderate,4.26,5.16
19,Male,179.9,57.6,17.82,1559,16,4739,7.6,2.4,High,5.44,5.99
48,Male,176.9,85.0,27.17,2064,41,5659,6.7,1.7,Moderate,5.45,6.07
42,Female,156.7,107.4,43.74,1100,5,10424,4.8,1.8,Low,5.13,5.95
54,Male,184.8,70.7,20.72,2716,57,2973,7.8,2.7,Moderate,4.42,6.14
34,Female,156.0,93.3,38.34,2877,36,9769,4.9,1.6,High,4.96,5.35
59,Female,165.5,62.9,22.97,2339,31,5160,6.8,2.7,Moderate,4.52,4.94
38,Female,169.3,78.4,27.36,3215,49,2116,6.8,2.2,Moderate,3.36,3.92
53,Female,165.2,57.1,20.93,2973,42,12292,7.0,2.2,Moderate,3.59,4.43
22,Female,152.4,78.2,33.68,2539,41,12652,7.1,2.6,Low,5.1,6.58
22,Female,155.4,75.9,31.43,2243,38,6111,7.0,3.5,Moderate,5.9,6.47
55,Female,170.2,88.9,30.71,2125,44,6077,7.4,2.1,Moderate,6.66,7.45
58,Female,156.4,110.0,44.99,2581,54,7121,6.9,2.8,Moderate,5.43,5.43
63,Female,168.8,71.0,24.91,2229,51,5164,10.0,3.0,Moderate,5.26,5.88
33,Male,175.6,45.0,14.6,2574,76,5781,6.6,1.5,Moderate,4.23,4.82
19,Female,163.0,74.4,27.99,2611,29,9575,5.5,3.1,Moderate,4.71,5.67
65,Male,178.6,83.4,26.13,2185,51,15258,5.3,3.3,High,7.77,8.19
46,Female,157.7,81.6,32.81,2847,113,6758,7.8,3.5,Moderate,6.72,6.89
29,Other,171.4,75.2,25.59,2185,43,11580,5.1,1.6,High,6.11,6.79
54,Female,163.6,104.8,39.16,2310,44,9235,5.5,1.7,Low,4.71,4.76
61,Female,162.7,80.5,30.41,1811,9,2147,5.4,2.6,Low,3.74,4.06
31,Female,165.2,76.1,27.88,2164,25,7914,7.5,2.5,High,5.75,6.37
54,Female,158.6,64.0,25.45,3379,42,7474,8.6,2.6,Moderate,3.82,3.82
55,Male,183.3,46.6,13.85,1849,59,13125,5.9,2.3,High,7.66,8.18
42,Male,168.2,83.9,29.67,2518,63,13268,7.5,2.8,Moderate,6.82,7.97
48,Male,180.4,82.4,25.32,2072,54,9318,4.0,0.8,Low,6.16,6.2
30,Male,162.0,58.9,22.46,1193,67,12249,6.1,3.2,Moderate,7.75,8.11
62,Other,167.0,77.2,27.67,2579,17,7487,7.7,3.9,Low,4.0,4.8
65,Female,159.7,75.4,29.56,2021,58,11917,6.6,2.1,Moderate,7.52,8.41
65,Female,165.2,66.8,24.45,2459,45,8351,8.2,2.8,Moderate,5.5,6.12
53,Male,187.4,63.7,18.14,2794,48,11841,4.3,4.1,Moderate,5.44,5.97
20,Female,150.4,85.3,37.71,2417,34,12197,6.1,2.6,Moderate,4.52,5.7
35,Male,167.1,73.9,26.49,2464,18,10507,7.5,2.9,Moderate,5.41,6.08
39,Female,169.4,67.4,23.47,1866,10,5404,7.5,4.3,High,5.59,5.82
64,Other,168.5,62.5,22.01,2653,53,6528,7.6,4.4,Low,4.95,5.59
44,Male,191.8,75.7,20.57,2205,58,10632,7.2,1.6,Low,5.04,5.6
43,Male,180.1,94.6,29.19,1300,41,11127,5.6,2.2,Low,6.53,6.97
25,Male,182.9,81.7,24.43,2713,44,8554,6.1,3.4,Moderate,4.38,4.4
56,Male,172.1,73.7,24.9,2866,24,6906,9.8,3.0,Low,3.25,3.84
34,Male,174.0,83.6,27.6,3040,59,8669,5.5,3.2,Moderate,5.35,6.15
22,Male,179.6,102.6,31.8,3385,46,7025,5.3,0.8,Low,3.23,4.1
65,Male,170.0,86.8,30.06,2686,34,7044,7.8,0.8,Low,4.12,4.72
27,Male,171.7,82.7,28.06,2556,69,14860,5.7,4.2,Moderate,5.89,6.5
18,Male,168.6,89.5,31.48,2845,63,6335,9.2,3.3,High,5.39,5.79
21,Female,173.0,75.2,25.1,1856,1,9777,10.0,2.9,Low,4.13,5.07
39,Male,174.4,81.3,26.74,1464,46,8535,6.7,1.5,Low,7.25,7.44
22,Female,156.1,69.2,28.41,2061,18,3707,7.4,2.2,Low,4.87,5.29
58,Male,176.3,50.1,16.12,2938,48,3586,4.8,3.1,High,4.0,4.32
42,Male,176.3,84.2,27.09,1969,0,7716,8.2,1.4,Moderate,5.08,5.64
33,Male,172.6,84.2,28.29,2532,50,1165,4.3,2.0,High,5.07,6.13
18,Female,165.4,72.8,26.61,2586,64,14406,5.4,2.9,Low,5.66,5.84
41,Male,174.8,96.6,31.62,2422,41,6734,7.1,3.1,Low,4.9,5.6
25,Female,166.9,65.0,23.34,1661,12,6448,7.7,2.1,Moderate,5.4,6.1
64,Male,174.4,46.1,15.17,2471,99,12280,5.2,3.5,Moderate,5.72,5.98
31,Other,182.8,65.5,19.59,2089,77,7507,6.3,3.5,High,7.04,7.58
40,Male,164.0,50.3,18.69,3151,30,10278,5.0,1.0,Low,2.41,2.69
18,Male,191.4,84.1,22.96,2868,37,5995,6.6,4.1,High,4.21,4.85
24,Female,159.1,64.5,25.46,2106,0,8159,6.0,3.6,Moderate,3.48,4.04
27,Male,177.3,95.7,30.45,3182,58,11389,6.2,2.8,Moderate,5.3,6.43
20,Male,168.0,95.3,33.79,2471,6,4983,7.8,2.5,High,5.41,5.74
52,Female,170.7,61.4,21.04,1464,63,9847,7.3,3.3,Moderate,8.16,8.7
63,Male,173.0,63.5,21.2,2260,73,1000,7.7,3.1,Moderate,5.37,5.84
65,Male,170.8,87.6,30.02,3117,43,12429,6.8,2.4,Moderate,4.53,5.6
30,Male,169.4,95.6,33.33,1890,15,6052,7.9,4.0,Low,4.94,5.37
55,Male,171.9,45.0,15.24,2265,79,7700,7.0,0.8,Low,4.59,4.88
42,Female,165.3,83.1,30.4,1620,45,7657,6.4,2.0,High,7.04,7.37
20,Female,146.0,45.0,21.12,1699,47,4588,7.7,3.0,High,6.76,7.09
22,Female,155.1,68.1,28.31,1882,18,4319,6.5,2.6,High,5.32,5.71
44,Male,168.3,97.7,34.48,1686,50,9824,6.6,3.2,Moderate,7.81,8.11
38,Female,153.2,132.2,56.31,1990,39,9989,8.3,1.3,Moderate,6.03,6.64
18,Female,168.2,73.7,26.06,3169,7,4901,8.2,2.4,Low,3.58,3.73
62,Male,177.7,55.6,17.6,2281,82,9893,6.6,3.6,Moderate,6.49,7.29
53,Female,156.9,68.8,27.92,2692,94,9952,8.0,1.3,Moderate,6.35,6.96
42,Female,148.0,79.2,36.14,2845,73,6676,5.5,2.4,Moderate,4.82,5.98
65,Female,158.0,65.9,26.41,1745,69,3472,6.7,2.1,Moderate,6.82,7.59
64,Male,177.1,61.4,19.57,1884,94,7868,6.1,2.9,Low,6.08,6.81
64,Male,172.7,70.3,23.59,2682,15,9277,7.0,3.0,Moderate,3.87,5.18
30,Female,156.4,85.1,34.78,1982,15,7793,7.9,2.7,Moderate,5.88,6.63
60,Female,155.0,75.0,31.19,2649,33,5926,7.7,2.3,High,5.8,6.33
42,Male,171.0,62.1,21.25,3138,53,9634,7.5,2.7,Moderate,5.05,5.35
52,Male,165.7,65.9,24.02,1572,36,12428,7.2,2.5,Moderate,6.71,7.81
59,Female,157.6,70.6,28.4,2121,16,5303,6.8,2.6,Moderate,4.91,5.16
25,Male,175.1,60.0,19.58,2200,45,6956,8.4,3.9,Low,5.13,5.34
39,Male,164.9,65.3,23.99,2036,42,17600,5.1,1.5,Low,5.33,5.53
24,Female,155.6,89.6,37.02,1996,68,9018,6.2,2.9,High,7.84,8.18
31,Male,186.4,73.9,21.26,2053,46,3566,7.5,1.8,Low,5.82,6.44
37,Male,161.2,46.4,17.88,2292,0,6328,8.8,4.4,Moderate,2.85,3.35
59,Male,172.5,96.4,32.4,2382,55,5350,6.6,2.7,Moderate,5.79,6.57
59,Female,151.2,85.5,37.42,2776,89,9331,6.7,1.5,High,6.37,6.59
36,Male,168.0,53.1,18.82,2287,45,9077,5.5,2.4,Moderate,5.16,5.45
33,Female,154.2,71.4,30.04,2859,72,5772,6.4,1.3,Moderate,4.78,5.43
43,Other,166.1,63.7,23.1,2004,30,14497,7.8,2.0,Moderate,5.58,5.85
61,Female,147.7,90.2,41.35,1699,60,8297,8.9,3.2,Low,6.51,6.63
64,Female,154.3,71.3,29.95,2147,24,6404,6.6,3.8,Moderate,4.6,4.67
28,Female,155.6,76.7,31.69,2531,38,3726,6.0,3.6,Low,4.51,5.09
26,Male,182.2,74.6,22.47,2730,38,4868,7.1,2.5,Moderate,4.96,5.53
51,Female,173.9,51.4,16.99,3030,58,3638,5.1,3.1,Low,3.28,3.84
32,Female,160.1,103.3,40.28,2445,21,7333,8.5,3.3,High,5.36,6.38
27,Female,160.8,89.9,34.77,2676,3,4902,5.5,4.6,Low,3.38,4.09
19,Male,181.0,64.5,19.71,2984,58,10743,7.4,2.1,Low,4.69,5.29
37,Male,188.0,81.5,23.04,1910,57,5954,7.4,4.0,Moderate,6.16,7.24
36,Female,164.8,95.5,35.18,2194,48,10940,7.8,1.6,Low,7.06,8.0
45,Male,181.2,79.0,24.07,3685,71,9720,7.3,3.7,Low,5.36,5.71
27,Female,162.9,106.0,39.97,2728,39,10259,7.0,2.0,High,5.8,6.69
52,Male,174.8,130.5,42.73,2555,52,11138,7.5,2.0,Low,6.16,7.38
50,Female,168.4,75.7,26.71,2746,35,14976,8.0,2.3,Moderate,5.3,6.52
40,Female,154.4,67.5,28.31,1632,37,5028,9.2,1.9,Moderate,6.41,7.35
26,Male,166.7,60.2,21.67,1976,54,10960,5.7,3.0,Low,5.82,6.56
42,Male,174.5,45.0,14.77,1793,108,9393,4.8,3.7,Low,7.73,8.43
50,Female,165.1,100.5,36.85,2509,65,11721,5.1,0.8,Moderate,6.24,7.35
35,Male,169.8,71.6,24.86,2115,60,8387,4.8,2.4,High,6.64,6.77
30,Male,173.1,93.8,31.3,2347,66,12116,5.6,1.6,Moderate,6.23,7.28
42,Female,164.4,97.4,36.03,2144,0,3479,5.4,3.4,Low,2.78,3.43
35,Male,182.9,58.5,17.5,1486,53,4484,6.5,3.9,Low,5.73,6.01
37,Female,165.5,61.2,22.36,2742,70,6007,8.0,2.4,Moderate,4.79,4.98
34,Male,190.6,109.4,30.11,1418,47,7738,7.8,2.0,Moderate,7.91,7.91
32,Male,175.2,76.7,25.0,1936,43,8162,6.3,1.1,Moderate,5.31,6.11
52,Female,163.2,66.1,24.82,1642,18,5409,6.4,4.4,Moderate,5.12,6.39
40,Male,161.1,59.2,22.82,1860,32,4531,9.4,3.8,High,5.54,5.96
40,Male,169.0,75.5,26.41,2400,21,5706,7.7,0.8,High,5.35,5.65
49,Female,169.2,105.1,36.74,2917,72,2017,7.2,3.2,Moderate,5.36,6.39
35,Female,161.6,90.3,34.61,1519,87,6991,7.1,1.6,High,7.86,8.5
22,Female,161.2,81.3,31.28,2021,99,7795,6.7,2.1,Moderate,6.47,7.51
58,Female,173.1,106.6,35.56,1425,21,9543,9.4,1.5,Low,4.99,5.25
20,Male,162.5,103.1,39.07,1997,26,8584,6.8,0.8,Moderate,4.67,5.5
45,Male,173.2,84.0,28.0,2335,24,14276,7.2,2.6,Moderate,5.38,6.61
30,Female,165.4,128.0,46.78,2683,16,10843,5.0,4.3,High,4.68,4.91
28,Female,161.3,73.5,28.26,1240,16,10580,6.2,1.8,High,5.61,6.1
20,Female,156.3,97.8,40.04,2575,30,9276,6.3,3.4,Moderate,4.39,4.87
61,Male,186.5,70.9,20.39,1813,69,9875,7.6,3.5,Moderate,7.33,8.2
38,Male,163.9,94.3,35.07,1691,24,7227,6.1,3.2,Low,5.13,6.17
34,Male,166.2,73.5,26.61,2333,74,8348,7.1,4.4,Moderate,5.98,6.34
53,Female,167.5,86.3,30.75,2613,83,14725,6.3,3.5,Moderate,6.53,8.01
19,Female,157.8,121.0,48.58,2249,52,7754,5.7,4.2,Moderate,5.62,6.24
45,Male,171.7,95.1,32.27,1753,79,3338,5.6,1.6,Low,6.27,6.67
41,Male,173.6,86.6,28.74,2249,6,10438,6.8,3.3,Moderate,4.56,5.66
44,Male,167.5,64.1,22.82,1937,29,11063,7.1,4.0,Low,4.71,5.36
23,Male,176.2,81.4,26.21,2602,50,8540,6.8,1.9,Moderate,5.71,6.18
63,Female,163.3,59.9,22.44,2837,51,1425,6.0,0.8,Low,3.26,3.67
29,Female,161.3,94.0,36.11,2805,85,12503,6.8,1.5,High,6.51,7.85
50,Male,164.7,93.5,34.46,2290,17,8804,6.6,1.9,High,4.84,5.09
53,Female,155.8,74.8,30.8,2861,29,6914,5.7,3.1,Moderate,4.37,5.37
34,Other,169.8,107.9,37.45,1789,42,12158,7.1,2.1,Low,6.91,7.22
24,Male,166.1,105.4,38.2,3191,30,1000,9.2,2.6,Moderate,3.2,3.59
32,Male,184.1,80.7,23.8,1786,15,8391,6.8,2.1,Low,4.35,4.92
56,Female,161.9,88.2,33.63,1284,31,6107,5.2,2.5,Low,6.19,6.95
61,Male,189.5,67.4,18.76,2982,38,13222,8.8,2.5,Moderate,4.4,4.42
62,Female,167.5,73.1,26.05,1944,85,8850,8.5,2.0,Low,8.03,8.44
28,Female,156.4,58.6,23.94,2358,16,4973,8.7,3.3,High,5.33,6.29
47,Male,173.4,69.4,23.07,1784,67,11983,6.9,3.8,High,7.88,8.84
25,Male,177.2,76.1,24.23,3481,80,1000,6.1,1.6,High,3.63,4.13
52,Female,170.8,48.1,16.49,3210,30,9777,5.9,2.8,Low,2.68,2.87
37,Male,184.6,88.4,25.95,3073,52,3578,8.4,1.3,Moderate,4.25,4.92
52,Female,158.6,96.4,38.33,2344,61,6381,8.9,1.0,Low,5.11,6.0
50,Female,162.8,77.9,29.39,2790,56,7157,5.9,3.5,Moderate,4.6,5.27
65,Female,164.7,45.0,16.6,2273,47,11185,4.0,4.4,Moderate,6.28,7.37
41,Female,158.1,73.4,29.39,2861,25,15711,7.0,2.3,Moderate,4.39,4.9
34,Female,171.3,52.9,18.03,2094,63,1771,5.9,4.2,Low,5.22,5.36
43,Female,166.1,67.0,24.31,3092,34,9562,6.2,2.0,Low,2.76,3.15
25,Male,186.1,104.1,30.05,2069,45,15708,6.7,2.4,Low,6.87,7.47
23,Male,163.6,45.0,16.8,2126,49,5994,7.5,4.1,Low,5.7,6.06
42,Male,163.1,63.3,23.81,2066,68,5777,6.1,1.8,Low,5.22,5.64
57,Male,166.4,92.9,33.55,2396,98,8825,7.2,3.4,High,7.81,8.75
43,Male,161.7,65.4,25.0,2105,24,10900,6.8,2.3,Low,3.77,4.09
55,Male,162.3,64.0,24.3,2543,46,10301,4.2,2.0,Low,4.91,5.05
26,Male,166.2,114.6,41.47,2059,3,6744,7.7,2.1,High,5.46,6.35
39,Male,183.9,84.8,25.09,2695,86,5191,6.5,0.8,High,4.68,5.51
47,Male,171.5,94.8,32.24,3059,46,12606,5.5,3.7,Moderate,5.75,5.99
34,Female,170.5,86.9,29.89,2338,36,5289,6.1,2.8,High,6.0,6.85
18,Female,165.9,80.9,29.4,3409,46,1293,7.2,2.5,Low,3.31,3.51
21,Female,164.3,100.8,37.32,2863,47,2913,7.1,2.0,Moderate,5.13,5.48
62,Female,165.8,112.3,40.86,3369,24,5983,7.8,2.9,High,5.33,5.54
47,Female,167.2,47.7,17.07,2269,78,13223,7.5,3.4,Moderate,6.54,6.98
30,Female,156.8,77.4,31.46,1469,63,3840,5.6,2.4,Low,6.65,7.45
30,Male,176.9,77.2,24.67,1946,66,13326,4.0,3.5,Moderate,7.43,8.12
19,Other,174.1,70.3,23.17,1997,25,12573,7.1,2.8,Moderate,5.69,6.01
63,Male,177.2,95.7,30.46,1823,24,8788,7.8,2.5,High,7.04,7.71
23,Female,159.8,82.6,32.35,1202,41,1000,6.8,3.4,Moderate,6.28,7.02
54,Female,165.3,112.7,41.21,2812,67,3855,7.8,2.1,Low,5.15,6.08
29,Male,178.2,97.8,30.81,1369,59,5782,5.8,1.5,Moderate,6.85,7.58
34,Female,152.8,102.6,43.94,2764,23,14057,6.6,2.6,Low,3.96,4.82
31,Male,170.6,56.4,19.38,3392,63,6007,5.9,2.6,Low,3.04,3.66
57,Male,180.7,63.5,19.44,1910,17,5294,7.8,2.4,Low,4.39,4.71
19,Male,166.3,65.0,23.48,2493,26,8659,5.9,3.7,Moderate,3.92,4.58
34,Male,174.9,101.8,33.29,2100,49,3066,9.5,3.1,Moderate,5.83,6.86
31,Male,197.1,60.6,15.6,2713,12,7913,6.4,2.5,Moderate,4.0,5.04
31,Female,168.0,61.1,21.66,1702,18,5205,8.0,2.6,Low,4.37,4.37
27,Female,160.3,57.8,22.5,2234,88,17407,6.4,2.7,Moderate,6.76,7.58
61,Male,176.2,127.6,41.1,2860,83,4788,8.6,3.1,Moderate,5.54,5.97
36,Female,159.6,75.4,29.63,2275,109,14754,8.6,2.6,Moderate,7.76,8.5
38,Male,172.4,87.5,29.46,1485,57,4009,6.6,2.5,High,7.82,7.95
36,Male,174.7,57.5,18.82,2920,63,8919,7.3,1.4,High,6.25,6.7
65,Female,162.8,95.3,35.96,1652,40,9751,8.5,2.0,Low,6.37,6.41
34,Female,163.5,46.1,17.24,2339,35,8496,7.4,2.8,High,5.32,5.77
34,Male,170.1,60.4,20.87,2591,69,8281,5.9,2.8,High,4.98,5.79
33,Male,190.2,64.8,17.93,2359,83,11015,7.1,1.3,Moderate,6.83,7.59
33,Female,165.2,81.9,30.04,3568,67,9460,6.1,2.1,High,5.4,6.75
22,Female,155.1,63.7,26.49,2666,21,7394,7.2,1.8,Moderate,4.61,5.03
47,Male,168.6,105.4,37.07,2198,55,5639,6.1,3.8,High,7.3,7.59
19,Male,181.5,87.1,26.44,2601,23,7419,7.4,2.8,Moderate,5.39,6.47
28,Male,179.9,65.6,20.27,2404,35,7376,4.9,3.0,High,4.88,4.88
27,Female,166.0,96.0,34.84,2322,90,7307,5.7,2.5,Low,5.19,5.85
31,Female,159.1,70.9,28.01,2421,11,8266,6.0,2.0,Moderate,3.26,4.04
54,Female,162.1,67.4,25.65,2082,105,3067,6.8,2.2,Low,5.47,5.47
46,Male,187.5,94.1,26.78,2406,60,4403,5.2,3.0,High,4.9,5.12
65,Female,155.6,45.0,18.59,2047,31,10911,5.9,2.4,Low,4.07,4.19
34,Female,165.1,91.2,33.48,1351,46,1000,7.9,3.1,Moderate,7.74,8.63
62,Male,166.4,65.2,23.52,2870,25,12189,8.1,2.7,High,5.55,5.92
20,Female,174.3,65.1,21.45,2017,29,6043,4.0,2.9,Moderate,4.98,5.49
42,Male,168.5,113.2,39.88,2370,47,13843,6.3,2.9,Moderate,6.07,6.11
56,Male,166.3,68.4,24.75,1919,35,12291,8.5,2.1,Moderate,6.58,6.9
43,Female,149.8,95.2,42.4,1934,18,6854,7.5,2.3,Moderate,5.96,6.28
62,Male,169.6,83.0,28.87,1780,38,7216,7.5,3.4,High,6.93,7.46
33,Other,177.2,84.9,27.02,2774,8,13576,7.7,4.2,High,4.67,5.16
19,Female,191.1,73.5,20.13,2894,9,12456,5.8,3.4,Moderate,3.07,4.18
55,Male,165.2,72.6,26.57,2312,9,11404,7.3,0.8,Moderate,5.37,6.21
21,Male,173.8,105.5,34.94,2031,91,12004,7.6,1.9,Moderate,8.5,8.5
54,Female,165.7,94.7,34.52,1453,56,4193,7.1,2.7,High,7.69,8.65
53,Male,179.1,69.0,21.5,2697,61,8718,6.5,1.6,Moderate,5.07,5.97
58,Female,169.0,59.2,20.73,1961,45,5303,6.9,1.6,Moderate,5.56,6.18
40,Male,173.8,67.5,22.34,1741,59,4103,5.6,2.2,Moderate,5.92,6.87
60,Male,176.2,95.7,30.82,2314,77,8573,7.7,2.9,Low,6.72,7.74
26,Female,153.1,99.2,42.34,2132,56,6551,5.3,3.2,High,7.02,7.45
38,Male,172.7,88.0,29.49,1540,90,7418,6.0,2.3,Low,7.21,7.39
23,Female,161.6,48.9,18.72,1609,43,6249,7.8,2.2,Low,6.46,7.26
54,Female,162.7,91.6,34.59,2468,61,3609,7.3,1.8,Moderate,5.75,6.07
52,Male,164.9,101.5,37.3,1972,64,13938,6.4,3.1,Moderate,7.67,8.36
56,Female,154.1,81.1,34.15,2555,18,8545,4.9,3.0,Moderate,4.45,4.69
54,Female,157.3,113.6,45.92,2373,46,2952,6.9,3.4,Low,4.97,5.91
32,Female,157.7,54.2,21.81,2823,0,8636,6.2,2.7,Low,1.92,2.26
21,Male,172.0,90.3,30.53,1883,41,13324,7.6,1.4,Low,5.88,6.41
62,Male,181.2,59.6,18.16,2416,37,11355,6.4,2.3,Moderate,4.43,4.94
41,Female,154.4,97.1,40.7,2619,35,6184,4.9,3.4,High,5.38,5.49
22,Female,166.0,89.0,32.29,1986,33,6268,5.3,1.0,High,5.52,6.5
62,Female,166.6,110.4,39.77,2863,59,4650,6.5,2.5,Moderate,5.38,6.43
65,Female,152.9,87.0,37.19,1466,20,5402,7.1,2.9,Moderate,6.22,6.77
39,Female,159.9,70.7,27.65,1883,97,5686,5.6,4.4,Moderate,7.44,7.77
54,Male,176.9,69.2,22.09,1448,60,2861,6.1,2.1,High,6.22,6.74
19,Female,155.1,73.5,30.54,1932,22,6446,8.0,2.5,Moderate,5.93,6.35
22,Male,158.6,68.8,27.35,2222,63,9203,8.3,4.1,Low,6.37,6.96
31,Male,172.7,102.2,34.28,2715,72,6551,7.3,2.1,Low,5.34,5.83
49,Female,169.7,101.0,35.08,2222,55,8760,6.7,3.6,Moderate,6.81,7.1
24,Female,164.1,51.1,18.97,2002,16,13676,6.3,3.0,Moderate,4.21,5.21
19,Male,186.3,78.7,22.68,1525,107,14424,7.6,2.4,High,8.5,9.03
50,Female,162.5,79.1,29.98,1692,62,7762,6.6,3.0,Low,6.29,7.56
54,Female,162.6,63.9,24.19,2455,10,11080,8.1,2.5,High,6.16,6.79
53,Female,161.4,85.9,32.99,2740,50,7416,8.2,4.6,High,6.26,6.72
56,Female,152.8,104.3,44.69,2090,38,6292,7.5,0.8,Moderate,6.65,7.15
56,Male,178.1,94.1,29.65,2905,45,4091,6.4,2.3,Low,3.97,4.44
46,Female,169.5,102.2,35.6,1825,11,8303,6.5,2.4,Low,4.04,4.6
42,Male,169.6,65.1,22.62,2104,46,11795,5.0,2.5,Moderate,6.85,7.53
59,Male,162.4,78.7,29.81,2146,21,3539,6.9,3.6,Low,4.55,4.76
34,Male,173.7,64.2,21.29,3064,35,6995,6.9,2.2,High,3.3,3.54
22,Male,165.6,82.3,30.01,2366,55,6826,5.3,3.0,Moderate,6.06,6.93
54,Female,148.9,83.9,37.84,1400,31,8864,9.8,2.8,High,6.51,7.29
31,Male,176.1,95.3,30.73,2775,36,8919,7.7,3.4,Moderate,5.0,5.05
64,Female,159.5,101.6,39.95,3222,67,9880,6.0,2.5,Low,5.15,5.93
37,Male,163.9,90.4,33.66,2175,20,14639,9.5,2.9,Moderate,4.81,5.7
58,Male,169.9,62.5,21.65,1851,26,4953,6.4,2.5,Moderate,4.12,4.81
20,Other,173.6,53.7,17.81,2732,9,4760,8.0,1.7,Low,3.16,3.18
49,Female,167.9,87.4,30.99,3282,21,8865,7.1,4.0,Low,4.0,4.13
39,Female,161.1,105.0,40.45,2724,48,13084,6.4,1.9,Moderate,5.32,5.9
40,Female,149.1,77.6,34.88,1488,62,2881,6.6,2.2,Moderate,6.69,7.95
30,Male,162.4,50.5,19.15,2677,22,9159,8.7,1.8,Low,3.47,3.88
64,Female,163.0,115.5,43.47,2502,62,7295,8.1,3.0,Moderate,5.95,6.76
36,Female,165.0,86.8,31.9,1822,47,10990,6.9,2.2,High,8.11,8.49
58,Male,171.5,81.1,27.56,2944,6,10198,4.5,4.0,Moderate,3.58,4.78
38,Female,156.2,57.0,23.34,2519,49,8169,7.4,3.1,Low,4.78,5.39
20,Female,141.9,78.3,38.9,2957,78,9706,5.5,2.4,Moderate,5.38,5.56
60,Female,154.6,90.4,37.79,1769,0,5696,7.6,1.8,Moderate,4.95,5.26
26,Female,165.4,87.1,31.82,2499,101,10800,6.1,2.5,High,6.83,7.12
30,Female,162.2,65.8,25.0,1852,27,12852,6.3,3.1,Moderate,4.59,5.23
59,Male,184.2,77.0,22.69,2423,0,8350,6.2,2.6,Low,2.81,3.17
60,Other,177.1,66.9,21.34,3038,48,6572,8.2,2.5,Low,3.53,3.95
62,Male,166.4,108.0,39.01,1586,68,7491,4.9,1.7,Low,6.57,7.85
38,Male,176.2,94.1,30.3,1615,37,10763,7.9,4.6,Moderate,7.33,7.72
54,Male,182.5,68.6,20.58,2777,53,7853,7.4,2.4,Low,3.99,4.65
33,Female,159.1,57.0,22.5,2292,104,3801,6.9,1.4,High,5.95,6.46
53,Other,176.0,83.0,26.79,2885,50,11332,6.5,1.6,Moderate,5.07,5.65
42,Female,156.7,69.1,28.16,1896,128,4560,7.6,2.3,Moderate,7.61,8.45
20,Female,163.8,70.5,26.25,2325,80,9485,6.5,4.4,Low,5.76,5.76
38,Other,173.7,57.6,19.08,2644,46,1467,6.5,2.4,Low,3.36,4.02
40,Female,163.4,59.8,22.39,2405,53,8378,7.1,2.3,Moderate,5.27,5.74
30,Male,176.7,80.9,25.91,1405,36,7760,9.1,3.4,Moderate,6.27,6.93
35,Female,161.5,73.2,28.07,3711,51,1115,5.2,3.4,Moderate,2.99,3.52
42,Male,176.0,122.9,39.69,2406,60,9164,7.6,3.2,Moderate,7.1,7.63
20,Male,166.5,88.7,32.0,1629,33,4145,6.8,2.8,High,5.93,6.64
25,Male,163.9,57.3,21.32,2457,6,8296,6.7,1.6,Moderate,3.91,4.32
54,Male,187.2,50.4,14.38,2514,81,6558,5.2,1.9,Low,4.02,5.3
34,Female,152.6,85.2,36.59,2796,72,2818,4.9,1.2,Low,4.42,4.68
47,Other,177.6,70.9,22.47,2763,5,4339,7.4,2.4,High,4.08,5.18
45,Male,171.3,102.0,34.77,2193,49,4620,5.5,2.2,Low,5.47,5.63
44,Female,159.9,83.1,32.5,1438,73,11438,8.2,2.1,Low,8.5,9.01
37,Male,166.1,45.0,16.31,2530,70,10925,5.8,2.9,High,6.2,6.91
41,Male,177.1,59.7,19.02,1478,25,15680,7.7,2.0,Low,5.5,5.78
57,Male,164.6,65.8,24.3,2907,72,6208,6.3,2.3,Moderate,4.59,4.84
64,Male,171.1,86.0,29.35,1933,45,6095,6.3,2.2,Low,5.13,5.64
30,Male,168.9,59.1,20.71,2617,55,8472,5.9,2.6,Moderate,4.48,5.4
50,Male,147.9,80.8,36.9,1971,19,6756,7.5,2.9,Low,5.28,5.91
64,Male,171.2,53.9,18.4,2053,0,5961,7.9,1.4,High,4.05,5.31
18,Male,166.8,78.1,28.07,1899,23,8190,6.6,3.0,Low,5.72,6.52
55,Female,162.3,84.7,32.13,2658,60,10462,7.7,2.8,Low,5.84,6.28
41,Male,174.0,104.3,34.45,1989,39,1000,7.0,3.0,High,6.96,6.96
64,Male,188.1,82.4,23.28,2684,63,5997,5.4,2.7,Moderate,4.45,4.51
45,Female,168.6,63.3,22.28,2002,75,3090,7.5,2.9,Moderate,6.63,7.13
58,Male,176.7,104.9,33.6,2184,35,7461,6.6,2.2,Moderate,5.6,5.65
25,Female,161.7,74.7,28.58,2317,32,9514,4.0,3.0,Moderate,4.99,5.52
24,Male,181.0,91.9,28.07,2376,0,11909,6.5,3.6,High,3.68,4.36
62,Female,162.4,67.0,25.38,1837,1,6481,5.0,2.2,Moderate,4.16,4.66
43,Female,148.7,79.6,35.99,2651,7,8371,5.5,2.2,Moderate,4.05,4.56
44,Female,157.9,63.6,25.49,2164,60,2112,6.7,3.2,Low,5.17,6.45
26,Female,158.1,83.8,33.54,2571,36,4988,6.9,2.1,Moderate,4.68,5.31
28,Male,190.7,92.5,25.42,2291,30,8724,6.0,2.0,High,5.45,6.0
57,Male,186.7,69.1,19.82,2593,26,3243,7.6,3.0,Low,4.09,4.34
32,Male,175.7,68.1,22.04,2094,23,12329,6.9,2.2,Moderate,4.52,5.12
46,Female,172.1,84.4,28.49,1905,70,9832,6.5,3.7,Low,7.27,7.71
33,Male,183.7,63.1,18.72,2513,47,4833,7.1,2.2,Moderate,4.89,6.12
30,Male,168.4,50.7,17.86,2053,72,2812,8.4,1.9,Moderate,6.49,7.29
25,Female,175.0,84.4,27.55,3029,0,5482,4.4,2.6,Moderate,2.43,3.53
62,Male,163.7,76.1,28.37,2333,59,4852,8.6,3.0,High,7.0,7.68
63,Male,191.8,75.7,20.57,1613,31,3740,6.3,2.9,High,5.37,6.4
23,Female,166.7,87.4,31.45,2007,37,3076,6.1,3.1,High,7.34,7.59
34,Male,174.6,89.9,29.5,1800,82,7193,6.5,2.1,Moderate,7.57,8.26
45,Female,163.5,75.1,28.08,2836,34,10562,5.9,3.6,Low,3.75,4.04
36,Female,160.3,57.8,22.5,2686,58,5511,5.8,1.1,Moderate,4.28,4.73
52,Female,157.8,66.5,26.7,2269,16,9557,8.0,1.9,High,5.57,6.18
30,Male,183.1,88.5,26.41,2445,46,6852,7.2,2.6,Moderate,5.75,6.01
20,Male,170.6,80.5,27.64,2256,0,10143,4.7,2.0,Moderate,3.74,3.83
34,Female,166.8,68.1,24.48,2730,43,5247,7.8,2.3,Moderate,5.26,6.2
46,Female,165.7,63.9,23.27,2559,55,8983,7.6,1.7,Low,5.05,5.06
26,Female,150.9,89.1,39.11,2649,75,8420,5.2,2.4,Moderate,5.16,6.35
57,Male,171.9,74.0,25.04,2204,22,12768,7.2,3.0,Moderate,5.26,5.57
18,Male,178.0,91.5,28.91,1984,30,9955,7.7,2.1,High,6.06,6.86
21,Male,176.9,93.8,29.97,2632,26,8896,5.1,1.8,Moderate,3.86,4.68
42,Male,179.8,72.4,22.39,3075,37,2855,7.3,2.2,Low,3.89,4.11
42,Male,176.1,95.1,30.65,2853,18,6161,6.2,3.6,Moderate,3.76,4.52
32,Female,151.8,80.5,34.93,3090,0,5198,7.7,3.6,Moderate,3.44,4.1
30,Male,166.8,82.8,29.76,2381,15,5122,5.9,2.2,Moderate,4.58,5.4
21,Female,162.5,45.0,17.04,1815,43,8054,8.3,3.1,High,7.26,8.29
49,Female,165.5,60.5,22.1,1859,40,8842,6.7,2.6,Moderate,5.57,6.45
36,Male,160.6,61.5,23.86,2989,60,8979,6.3,3.8,Moderate,4.92,5.21
23,Female,157.4,72.3,29.16,1369,68,12415,6.1,2.8,Moderate,7.94,8.5
37,Female,175.4,80.1,26.03,3052,32,9692,8.0,2.4,Moderate,4.91,5.22
62,Male,185.7,80.8,23.43,1906,0,3702,6.1,4.0,Moderate,4.2,4.6
30,Male,179.8,83.1,25.72,3261,56,8708,8.3,1.8,Low,5.12,5.89
60,Female,153.5,65.7,27.86,2264,44,10045,7.3,2.9,Low,5.41,6.22
30,Female,159.2,90.4,35.7,2661,37,12417,5.3,3.8,Low,4.07,4.87
26,Female,157.5,110.6,44.55,3492,79,7460,7.0,3.2,High,5.76,6.46
30,Other,170.9,71.6,24.53,2134,57,7494,7.1,1.9,High,7.14,7.89
33,Male,163.3,66.1,24.77,2126,48,11776,5.3,1.9,High,7.11,7.55
23,Female,144.0,65.7,31.66,1952,49,8625,7.0,1.3,Low,7.51,8.58
46,Female,159.8,79.5,31.15,1799,68,2405,7.7,3.9,High,7.54,8.38
34,Female,161.4,68.5,26.32,2135,25,1654,8.4,1.6,High,5.8,6.4
52,Female,152.5,46.9,20.15,2022,20,14442,8.3,3.2,Low,4.27,5.26
41,Female,172.6,51.8,17.38,1674,38,2001,9.9,1.3,Moderate,5.39,5.81
39,Female,157.8,96.4,38.68,2194,12,7414,7.0,4.9,High,6.17,6.81
40,Male,166.6,101.1,36.42,2524,43,11090,7.7,1.4,Moderate,6.04,6.96
25,Female,157.9,106.8,42.86,1852,47,1823,6.3,2.6,High,7.01,7.18
52,Male,177.2,82.1,26.15,2218,43,4214,9.3,3.7,Moderate,5.31,6.69
22,Female,171.2,60.2,20.54,3003,34,3636,5.9,2.0,Moderate,3.24,3.63
52,Female,179.3,70.1,21.81,1590,91,14303,9.2,3.1,Low,8.02,8.46
65,Female,167.2,51.2,18.29,3265,71,15063,9.1,2.3,Low,4.66,5.27
54,Male,182.9,50.5,15.08,1962,42,5430,6.1,2.9,Moderate,5.38,6.24
39,Female,174.0,82.6,27.28,2400,47,10028,8.2,3.6,Low,6.06,6.96
33,Male,183.9,87.7,25.94,2939,83,9078,7.5,2.2,Moderate,6.55,7.67
59,Male,188.0,113.3,32.04,3092,28,7017,6.5,3.9,High,4.48,5.06
30,Male,185.0,76.5,22.35,2534,17,2306,6.8,2.9,Low,2.71,3.42
41,Female,163.0,53.6,20.16,1952,51,16076,7.3,4.4,Moderate,7.63,7.69
55,Male,173.7,75.8,25.13,1908,56,1643,7.4,1.9,High,6.14,6.37
62,Other,163.7,72.9,27.21,2012,58,8742,8.8,2.0,High,8.28,8.85
62,Male,193.9,69.2,18.4,3244,68,5733,7.7,2.4,High,5.02,5.75
22,Female,151.2,84.2,36.83,2108,24,11528,6.1,1.5,Moderate,5.0,5.59
61,Female,150.6,56.1,24.74,2461,5,10960,7.9,3.4,Low,4.37,5.15
23,Female,163.4,80.4,30.11,1778,28,4574,4.9,2.5,High,6.02,6.6
46,Female,154.2,89.7,37.74,1721,61,5234,6.5,1.6,High,6.79,7.31
62,Female,162.0,103.6,39.48,2313,19,2574,6.7,1.9,Moderate,4.5,5.94
49,Female,163.0,83.6,31.47,2137,0,8681,7.8,1.8,Low,3.94,4.45
63,Female,163.3,96.8,36.3,2174,49,10488,9.1,3.4,Moderate,7.14,8.1
34,Male,177.7,70.0,22.17,1560,29,6454,7.3,3.0,Moderate,6.22,6.36
33,Male,182.6,72.5,21.76,2263,0,7143,6.6,2.5,High,3.71,4.35
33,Female,161.4,102.3,39.27,3074,47,14677,6.2,2.3,Low,4.73,5.1
35,Female,165.1,53.3,19.56,1873,34,11276,8.0,2.4,Low,5.11,6.4
50,Female,153.6,70.7,29.98,2748,91,12717,6.8,4.2,Moderate,6.23,6.63
39,Female,160.8,98.3,38.04,1100,47,1000,6.4,2.4,High,7.2,7.79
53,Male,179.7,74.2,22.99,1898,61,9915,8.1,3.4,High,8.5,8.81
37,Female,168.8,72.9,25.57,1344,44,8879,8.4,2.3,Low,7.62,7.91
32,Female,156.4,73.2,29.93,2918,28,3618,5.8,4.1,Moderate,4.75,5.32
27,Female,158.2,80.1,32.02,2739,31,4346,5.2,1.5,Moderate,4.43,5.16
44,Female,155.1,97.5,40.56,1782,75,7235,6.9,3.3,Low,6.63,7.6
61,Female,157.4,94.6,38.2,2444,65,3303,5.6,1.9,High,5.95,6.34
59,Female,152.2,78.2,33.76,2900,3,5204,5.5,4.6,Moderate,3.7,4.09
30,Other,166.6,97.7,35.21,2978,10,6384,5.8,3.2,High,3.73,4.78
40,Male,179.1,84.2,26.25,2097,11,10007,8.3,1.1,Moderate,5.57,6.73
51,Female,156.5,93.5,38.16,1195,74,5526,7.8,1.8,High,8.23,8.8
47,Female,161.4,59.5,22.85,1850,0,6434,9.9,3.2,Low,3.58,4.35
21,Male,179.1,109.3,34.09,2683,67,11585,6.2,3.2,Moderate,6.48,7.67
46,Male,161.5,82.0,31.44,3349,56,1825,8.6,3.1,Moderate,5.35,6.88
19,Female,157.7,45.0,18.09,2272,49,8795,7.6,2.7,Low,6.01,6.76
23,Male,175.7,107.9,34.96,1996,31,9362,6.3,2.3,Moderate,5.22,6.08
49,Female,156.1,78.1,32.06,3499,78,9458,6.8,3.6,Moderate,5.83,6.47
22,Male,181.9,70.9,21.42,2502,48,6245,6.3,1.8,Moderate,4.15,4.23
34,Male,176.8,67.1,21.46,1686,4,4272,7.3,2.6,High,4.91,5.63
46,Female,161.1,85.9,33.12,2240,11,13318,8.2,2.0,Low,4.28,5.36
49,Male,174.6,62.0,20.33,2799,0,5002,6.6,2.0,Low,1.77,2.1
39,Male,175.1,67.6,22.05,2264,78,4090,8.0,2.2,Low,4.62,4.62
22,Female,171.3,68.0,23.18,2697,84,8070,8.5,1.9,High,6.3,7.11
56,Female,150.5,72.7,32.12,1497,75,5413,8.8,3.1,Low,7.01,7.01
63,Male,187.6,68.7,19.53,1582,40,11677,5.6,1.3,Low,5.25,5.3
60,Female,163.6,93.4,34.89,1932,5,7071,6.9,3.0,Low,4.13,4.16
53,Female,158.8,82.9,32.88,2158,15,12131,7.9,2.0,Moderate,5.63,5.63
37,Female,164.3,85.1,31.52,2466,17,9570,5.7,2.6,Moderate,4.29,5.26
60,Male,157.5,89.0,35.89,2618,43,6641,5.4,2.4,Moderate,5.24,5.89
41,Male,175.7,76.3,24.74,3533,83,11899,7.0,2.2,Moderate,4.96,6.28
24,Female,165.6,59.6,21.74,1930,83,5722,6.5,3.7,Moderate,6.28,7.14
58,Female,155.9,110.5,45.44,2143,31,6879,6.8,2.3,Low,4.46,5.79
33,Male,162.0,94.7,36.07,1944,0,9852,6.4,3.2,Moderate,4.49,4.86
63,Female,150.1,107.0,47.52,2839,12,8793,9.6,3.2,Low,4.03,4.75
35,Male,176.1,96.6,31.15,2866,78,5642,6.4,2.4,Low,5.38,5.53
59,Female,158.6,69.7,27.71,2076,51,2622,7.7,1.5,High,6.54,7.04
43,Female,152.7,45.0,19.29,3332,35,7934,7.6,1.8,Low,3.26,4.36
40,Other,172.0,55.9,18.89,1945,33,5455,5.0,3.8,Moderate,4.12,4.71
32,Other,179.2,89.5,27.85,2814,23,8103,8.8,3.0,Moderate,5.01,5.53
58,Male,177.3,76.2,24.22,3027,11,6526,7.8,2.7,High,3.85,4.44
20,Female,159.9,70.4,27.56,1619,103,5488,7.2,2.1,Moderate,7.89,8.54
40,Male,175.1,45.0,14.68,2588,93,7061,8.3,4.2,Moderate,6.07,6.72
35,Female,161.9,77.8,29.68,1100,21,7743,6.9,1.8,Moderate,5.82,6.89
44,Female,154.4,58.5,24.54,2712,0,10432,8.1,2.7,High,3.71,4.05
30,Male,174.5,65.0,21.33,1749,49,9481,4.7,3.1,Low,6.85,7.37
49,Male,184.7,93.3,27.34,2583,40,15330,8.0,1.4,Moderate,5.54,6.17
36,Male,163.8,59.5,22.17,2677,62,8495,7.2,1.9,Moderate,4.75,5.03
27,Male,183.2,61.2,18.22,2860,68,5644,7.2,2.2,Low,4.38,4.82
27,Male,187.0,81.3,23.27,2745,12,7417,6.0,3.4,Low,2.78,3.65
51,Female,151.3,93.7,40.92,2327,80,9989,6.7,2.2,High,7.43,7.74
30,Female,166.7,70.8,25.47,2109,35,11511,6.7,1.3,Moderate,5.57,7.14
32,Female,162.0,104.4,39.77,2262,62,12695,5.6,1.2,Moderate,6.95,8.12
48,Female,179.9,55.0,17.0,1741,37,4440,7.4,1.9,Moderate,5.92,6.58
33,Female,159.3,51.8,20.43,2194,70,12482,8.9,1.3,Low,6.13,6.93
36,Male,173.2,50.3,16.76,2154,0,7838,5.3,3.3,Low,2.74,3.61
29,Female,181.8,48.3,14.6,1905,65,4755,7.6,3.3,Moderate,6.71,7.51
34,Female,163.4,84.1,31.5,1429,21,7286,6.5,2.6,Moderate,5.6,6.23
51,Female,161.5,60.4,23.15,1661,47,12237,6.4,2.4,Moderate,6.37,7.93
43,Female,155.1,52.6,21.87,1100,79,9600,7.1,3.3,Moderate,8.5,8.85
65,Female,172.7,84.8,28.45,2146,22,3757,7.1,3.2,Moderate,5.44,5.9
55,Female,153.9,92.8,39.2,2480,18,3784,7.2,1.7,Moderate,4.76,5.39
18,Female,165.0,96.9,35.6,1100,34,3686,5.6,1.8,Moderate,6.07,6.9
36,Male,183.9,93.8,27.72,2418,32,5439,8.3,3.2,Moderate,4.98,6.29
31,Female,160.7,61.5,23.81,2238,15,8271,7.1,2.8,Low,3.83,4.43
46,Male,182.7,83.0,24.85,1711,47,4058,7.7,3.1,Low,6.67,7.47
30,Male,162.8,86.9,32.79,2084,49,6500,8.5,1.8,High,7.48,8.22
64,Female,160.1,69.5,27.11,2825,57,12907,4.7,1.9,Moderate,5.08,5.65
32,Male,178.1,81.0,25.53,1812,22,13662,7.8,3.0,High,7.01,8.04
43,Other,173.3,55.5,18.47,2339,18,13426,6.8,2.0,Moderate,3.61,4.36
23,Male,164.5,66.7,24.64,2473,41,1717,8.2,1.2,Moderate,5.04,5.99
61,Female,164.3,84.7,31.36,1888,38,13858,6.0,2.0,High,6.76,7.26
61,Male,186.2,105.1,30.33,2804,38,8320,8.1,2.4,Low,4.32,4.73
56,Other,176.0,98.7,31.88,2501,25,8272,5.7,4.1,Low,4.48,4.96
34,Male,183.3,89.9,26.75,2174,54,11601,7.5,1.8,Moderate,7.47,8.17
20,Male,181.4,79.4,24.13,3481,18,10462,7.3,2.5,Moderate,3.46,4.45
52,Male,178.8,76.6,23.98,2806,41,1459,6.8,4.4,Low,3.91,5.24
38,Female,159.7,51.9,20.37,1456,36,5856,5.8,1.6,Low,5.54,6.2
65,Other,177.9,63.0,19.89,2105,44,6718,6.6,3.2,High,6.06,7.32
51,Other,185.5,63.5,18.48,3533,78,3344,8.1,2.0,High,4.41,5.23
43,Male,174.7,88.3,28.96,1808,8,11490,8.8,3.0,High,6.11,6.48
65,Female,152.4,95.0,40.88,2333,0,13036,9.3,4.7,Low,3.57,4.22
56,Male,162.0,91.3,34.77,2915,28,7963,7.6,3.3,High,5.65,6.52
40,Female,163.1,99.3,37.33,2626,12,9045,7.3,2.7,Moderate,4.67,5.57
18,Female,169.5,79.3,27.6,2698,0,7960,7.5,1.7,Low,2.43,2.86
22,Male,167.5,60.3,21.51,2668,93,8347,9.3,2.4,Low,4.75,5.23
39,Female,172.2,77.1,26.01,2312,60,11911,7.6,2.1,Low,6.24,6.72
44,Female,168.6,65.0,22.84,1903,63,1820,7.1,1.3,High,6.96,7.49
19,Male,186.7,89.8,25.77,2517,37,9701,6.7,0.8,Moderate,4.13,4.84
24,Male,181.1,71.5,21.82,2098,56,8041,6.8,1.9,Low,5.06,6.32
51,Male,166.6,76.2,27.45,2059,33,5502,7.5,2.6,Low,5.66,6.12
54,Male,160.7,90.5,35.03,3041,67,6238,6.1,3.6,High,5.39,5.42
19,Male,186.0,64.7,18.7,2109,50,14413,6.2,1.9,Moderate,7.16,7.16
42,Female,170.4,95.4,32.84,3153,43,3353,6.9,2.8,High,4.88,5.76
21,Male,186.7,53.7,15.42,2428,46,7410,6.5,1.1,Low,3.5,3.91
52,Female,155.7,83.5,34.45,2220,86,13703,7.7,1.9,High,8.14,8.83
58,Female,163.6,76.4,28.52,1391,49,3554,7.8,0.8,Low,7.26,7.61
59,Female,157.2,92.9,37.59,3359,16,6403,7.3,4.6,Low,3.96,4.51
46,Female,162.1,53.3,20.28,2297,54,8148,7.6,2.8,High,5.99,6.47
48,Male,172.4,50.4,16.98,1164,58,9444,7.1,2.7,Low,8.28,8.64
62,Male,185.4,91.5,26.62,2793,40,7718,4.0,3.1,Moderate,3.61,4.64
47,Male,185.1,71.0,20.7,2274,43,4866,5.9,4.9,Moderate,4.87,5.93
39,Other,175.2,76.4,24.87,1834,15,9565,7.8,2.2,Moderate,5.83,6.65
54,Other,169.2,66.1,23.1,2765,47,7647,6.0,1.7,Low,3.37,4.69
46,Male,184.4,94.4,27.76,1100,10,10197,8.0,4.4,Moderate,6.86,7.0
58,Male,157.8,83.4,33.48,1942,37,11232,8.1,1.5,Low,6.44,6.96
43,Female,168.3,82.3,29.08,2150,26,2798,6.7,3.8,High,4.7,5.18
59,Male,179.9,56.9,17.59,2726,72,11615,6.3,2.5,High,6.05,6.9
20,Other,167.4,87.0,31.07,3420,88,7108,7.0,3.0,High,5.72,5.88
19,Male,181.8,60.1,18.2,2177,12,10888,6.9,1.3,High,4.26,5.09
22,Male,173.8,66.1,21.9,2529,44,9728,7.8,4.9,Moderate,5.52,5.61
44,Male,169.6,53.4,18.57,3674,36,14489,4.2,2.3,Low,2.1,2.97
52,Male,181.7,75.2,22.77,2302,58,8021,6.1,2.0,Low,4.55,5.55
28,Male,165.3,97.2,35.55,2534,47,6588,5.8,3.1,High,5.21,5.41
25,Female,159.4,82.1,32.32,1681,34,6204,4.0,2.0,Moderate,6.18,6.65
59,Male,158.1,70.0,28.01,3279,47,4370,6.4,3.0,Low,3.78,4.79
54,Female,176.1,80.0,25.78,1943,38,10828,5.2,1.5,Low,5.81,6.89
49,Male,174.4,79.9,26.27,2434,89,4145,6.5,2.7,High,5.81,5.91
41,Male,169.7,79.2,27.5,2420,22,10797,6.4,2.1,Low,3.8,4.54
38,Male,177.1,81.2,25.88,2342,52,7217,7.5,1.9,Moderate,5.33,6.16
18,Male,173.4,59.3,19.72,2082,59,1828,6.7,1.8,Moderate,5.05,5.65
27,Male,182.4,79.9,24.01,2420,57,13208,5.0,3.4,Moderate,5.83,6.93
61,Male,178.5,46.4,14.57,3178,36,1000,7.4,2.3,Low,2.93,3.34
34,Female,160.6,88.4,34.25,3440,83,7713,9.9,2.4,Moderate,4.66,5.11
51,Female,150.5,58.2,25.67,2212,0,8818,8.3,3.0,Low,3.48,3.84
51,Female,170.1,99.2,34.3,2075,14,1000,7.8,3.6,Low,4.61,5.3
32,Male,171.6,45.0,15.28,1895,63,9544,6.8,1.8,Moderate,6.67,7.17
27,Female,171.0,108.1,37.0,3643,20,5655,6.4,2.8,High,3.43,4.34
51,Female,169.6,48.5,16.86,2364,18,7130,6.3,1.8,Moderate,3.69,4.17
22,Male,182.9,56.4,16.86,2857,31,12700,7.3,2.4,Low,4.11,4.65
41,Male,174.7,83.4,27.31,2648,23,8499,5.6,3.6,Low,3.5,4.19
60,Female,162.5,89.1,33.75,3404,62,6773,7.3,0.8,Moderate,4.45,4.78
52,Female,176.7,72.9,23.34,2176,70,7403,6.2,1.8,Low,5.26,6.23
54,Male,181.5,94.1,28.54,1746,47,14216,4.9,2.4,Low,6.55,7.41
21,Male,169.4,63.7,22.2,3229,74,9416,6.2,2.9,Low,4.91,5.76
27,Other,165.7,70.8,25.8,2751,6,4906,8.5,3.7,Low,3.43,3.69
31,Male,187.2,72.6,20.71,2528,47,6290,7.2,1.1,Moderate,4.81,5.97
32,Female,156.1,68.3,28.05,3067,82,3834,4.0,3.9,Low,4.35,4.35
27,Female,160.2,45.0,17.54,2556,72,6419,6.2,3.1,Low,3.72,4.6
64,Female,158.5,77.6,30.88,3084,85,13627,8.1,2.4,Low,5.84,6.51
25,Female,162.5,75.9,28.76,2423,28,7417,6.6,1.3,Moderate,4.3,5.15
51,Male,171.8,97.4,33.02,2750,70,3320,7.6,2.1,Moderate,5.91,6.46
46,Female,156.4,54.9,22.43,2563,33,9508,6.5,3.5,Low,4.34,4.99
47,Female,169.6,66.5,23.11,2137,61,6625,7.2,2.6,Moderate,7.08,7.95
28,Female,162.7,99.7,37.64,2197,81,9964,7.0,2.4,Low,8.17,8.79
32,Male,190.6,83.3,22.93,2103,22,7151,6.2,1.7,High,4.36,5.05
47,Male,172.4,87.9,29.56,2432,0,13058,7.7,3.3,Moderate,4.09,4.8
32,Male,162.8,86.2,32.49,2072,96,4812,8.8,2.5,Moderate,7.29,8.68
51,Male,160.2,86.2,33.59,2517,58,3921,7.5,2.4,Moderate,6.31,6.37
19,Female,159.6,110.8,43.47,2500,42,11281,7.1,2.5,Moderate,6.05,7.12
21,Female,149.4,79.6,35.67,2402,40,1000,6.0,2.0,Moderate,4.92,5.69
52,Female,160.3,59.8,23.27,2411,0,7398,8.1,1.9,Moderate,3.56,4.29
47,Female,160.2,89.5,34.87,2016,50,10802,6.4,1.2,Moderate,7.79,7.96
20,Male,173.8,67.8,22.45,2159,30,1000,7.7,2.0,Low,4.04,5.06
61,Male,180.7,76.0,23.27,1464,46,8226,7.9,1.0,Low,5.88,6.1
18,Male,174.4,84.7,27.85,2240,45,2764,8.2,3.0,Moderate,5.9,7.04
63,Male,174.1,63.2,20.85,1807,0,1543,8.2,2.0,Moderate,3.72,4.15
53,Male,169.4,68.8,23.99,2349,58,4269,8.2,2.2,Low,4.53,5.67
65,Male,185.4,86.6,25.19,1942,50,7358,5.5,2.6,High,6.68,7.05
63,Male,161.7,68.1,26.04,1274,54,5529,6.0,1.9,Low,5.65,5.94
33,Female,161.4,95.5,36.67,3426,39,11874,5.4,1.5,Low,3.58,4.17
54,Male,172.5,60.2,20.24,2184,46,8288,5.3,2.8,Moderate,5.24,5.6
28,Male,180.3,60.2,18.52,3023,49,6288,8.8,4.3,High,4.82,5.35
40,Male,173.8,112.3,37.17,2036,52,3415,5.8,3.4,Moderate,6.49,7.7
29,Female,155.7,50.5,20.81,3149,58,8784,5.6,3.8,Moderate,5.16,5.59
41,Female,163.9,77.5,28.87,1724,52,15206,6.9,1.4,Low,6.62,7.3
59,Male,185.1,111.3,32.48,2388,96,5539,6.1,2.4,High,5.67,6.85
38,Male,174.0,77.5,25.59,1753,24,5950,9.7,2.4,Moderate,4.89,5.59
22,Female,178.9,102.2,31.93,3600,34,4287,6.7,3.9,Low,3.38,4.39
33,Female,161.0,89.7,34.62,2175,92,12144,7.5,3.4,Moderate,8.5,9.31
55,Female,160.0,77.9,30.4,2714,40,11244,6.1,2.5,Low,4.59,5.56
43,Female,159.0,75.6,29.91,2525,71,6438,5.0,0.8,Moderate,5.26,5.85
44,Female,155.2,45.0,18.68,2287,48,5903,6.1,1.6,Moderate,4.08,4.91
38,Female,166.8,72.3,25.97,2558,38,4696,6.1,3.2,Moderate,4.6,5.85
32,Male,175.2,82.2,26.78,2979,72,6987,6.1,2.3,High,5.0,5.5
46,Female,158.0,82.2,32.91,2634,59,11569,5.1,2.5,Moderate,6.53,7.29
48,Male,176.6,122.4,39.24,2381,2,8145,7.2,3.2,Moderate,4.51,4.89
61,Female,155.1,83.1,34.52,2559,49,12506,6.6,3.6,Moderate,5.97,6.95
47,Male,177.2,89.3,28.45,3257,17,5479,5.1,1.9,Low,2.92,2.95
65,Male,174.8,99.0,32.41,2091,80,1000,7.1,3.1,Moderate,7.55,8.06
57,Female,168.1,87.7,31.04,1373,94,17118,7.9,4.1,High,8.5,9.47
21,Female,163.4,76.5,28.64,1751,97,8751,8.4,3.9,Moderate,8.5,9.06
36,Male,194.8,76.5,20.16,1788,55,10724,4.1,2.1,Moderate,6.85,6.85
36,Other,174.4,71.7,23.57,1859,32,5243,6.1,2.9,Moderate,4.91,5.26
18,Male,181.7,86.0,26.06,1876,54,3231,5.4,3.3,High,6.87,7.25
26,Male,168.2,74.9,26.49,2288,18,8541,6.2,2.6,Low,3.96,5.13
54,Female,161.3,89.2,34.29,2423,110,1029,8.7,2.4,Low,5.66,6.55
34,Male,168.4,59.8,21.11,2418,78,7065,6.1,1.0,Moderate,4.55,5.48
25,Male,177.6,80.6,25.55,1934,53,11578,6.4,1.8,Low,6.4,6.58
31,Female,172.8,105.9,35.48,2796,72,9569,6.0,2.0,High,6.21,6.83
31,Male,177.6,74.0,23.44,2567,31,8892,9.0,1.5,Low,3.49,4.66
26,Male,172.1,111.2,37.53,3090,13,14103,4.2,2.7,Low,3.41,4.34
22,Male,167.7,80.9,28.79,2723,0,9313,6.3,3.4,Moderate,3.33,3.77
54,Female,156.3,77.0,31.52,2125,47,1334,6.0,2.2,Low,5.02,5.91
57,Male,186.3,80.1,23.07,2952,39,7478,4.9,0.8,Moderate,3.53,3.7
41,Male,177.7,72.4,22.92,2436,59,14738,8.3,2.5,Moderate,6.33,6.65
47,Female,160.7,45.0,17.43,2698,45,6916,4.8,2.8,High,4.22,4.22
62,Male,182.8,93.8,28.09,2660,58,14524,6.4,2.8,Low,5.2,5.77
58,Male,166.9,117.5,42.19,2237,67,11582,6.9,2.0,Moderate,6.91,7.75
19,Female,163.1,86.6,32.56,2351,4,6570,6.1,1.5,High,4.9,5.18
63,Female,158.8,87.7,34.81,2234,69,4218,4.9,3.4,Moderate,5.6,6.18
21,Male,178.9,74.7,23.34,1873,33,9189,6.8,2.9,Low,4.3,4.63
19,Female,163.1,98.8,37.16,1227,59,12446,6.1,2.0,Low,7.82,8.23
37,Female,157.8,77.3,31.03,1953,73,2474,8.0,1.2,Moderate,7.12,7.37
53,Male,178.9,82.8,25.88,2399,73,8421,7.6,2.8,Low,5.64,6.69
21,Female,171.1,49.8,17.01,2842,48,1000,9.3,1.8,Moderate,3.36,3.73
32,Female,159.5,68.5,26.9,2697,49,6811,7.1,2.9,Moderate,5.13,5.65
30,Female,156.5,84.6,34.56,2160,69,2208,7.7,2.7,Moderate,7.78,8.21
37,Female,164.4,94.3,34.92,1959,2,9967,6.6,4.5,Moderate,4.39,5.12
65,Female,166.5,94.8,34.19,2210,18,5588,9.1,2.5,Moderate,5.08,6.57
33,Other,162.7,49.6,18.72,1812,37,12053,7.0,4.4,Low,6.55,8.14
28,Female,162.1,51.4,19.55,1242,7,6108,6.9,2.7,Moderate,4.68,5.22
23,Female,163.1,88.5,33.27,1527,37,5789,7.6,2.0,High,7.85,8.62
27,Female,163.6,64.6,24.11,2987,35,2346,6.2,1.7,Moderate,2.97,3.92
24,Female,164.4,94.1,34.84,3228,47,9368,6.4,1.8,Low,4.67,5.73
45,Female,165.0,48.7,17.88,2676,43,9722,7.6,3.0,Low,4.71,5.55
38,Male,179.4,76.2,23.7,2270,74,11289,7.9,2.7,Moderate,6.91,7.91
41,Male,171.6,77.4,26.29,1603,61,10293,7.7,0.9,Moderate,8.13,8.89
57,Female,156.3,86.6,35.48,2219,43,9404,6.9,3.5,Moderate,6.04,6.44
45,Male,175.9,59.4,19.21,2605,35,10085,7.3,3.9,Low,4.64,5.65
25,Female,167.3,45.0,16.08,2714,43,10438,8.2,0.9,Moderate,4.83,5.5
36,Female,149.5,81.1,36.28,2644,44,11176,5.7,3.5,Low,4.31,5.04
33,Female,149.5,87.5,39.12,2904,115,2653,7.0,4.1,Low,4.89,5.03
57,Male,190.2,96.1,26.58,3271,4,6383,4.0,1.0,Moderate,2.73,3.08
32,Female,172.6,71.5,24.0,2097,19,2319,7.9,2.2,High,5.28,5.76
24,Male,172.4,92.0,30.95,3702,14,9162,6.1,1.8,High,3.65,4.45
53,Female,162.7,86.7,32.77,1290,52,13704,6.1,3.5,Low,7.88,9.13
38,Male,167.7,101.8,36.18,1910,51,11137,6.9,2.2,Low,6.98,7.87
22,Female,160.2,77.0,30.01,2400,28,5875,7.7,2.2,Low,4.88,5.44
51,Female,164.1,46.9,17.39,2574,70,9768,9.9,3.0,High,5.59,5.87
28,Female,152.9,76.8,32.82,2209,55,9221,5.1,4.0,Low,5.55,6.6
59,Female,154.2,79.6,33.45,2052,71,8815,6.0,2.5,High,7.7,8.43
57,Male,162.5,87.3,33.08,3401,78,3438,7.3,2.2,Moderate,4.71,4.71
35,Male,168.9,50.4,17.67,2028,0,12602,6.1,2.3,High,3.77,4.75
44,Male,184.6,72.4,21.25,1790,64,3876,8.0,3.2,Low,5.71,6.46
45,Other,181.6,93.6,28.38,3145,8,6716,6.8,1.4,Moderate,2.99,2.99
49,Female,159.1,76.1,30.08,2724,51,11356,8.1,2.6,Low,6.61,7.44
21,Male,182.2,72.5,21.85,2847,42,6693,6.7,1.8,Moderate,3.81,4.46
33,Male,173.1,112.3,37.49,2397,44,8277,7.7,1.5,Moderate,5.8,5.96
26,Male,177.4,58.7,18.67,1612,11,8418,5.9,0.8,High,4.77,6.1
51,Female,167.9,100.2,35.56,2342,73,8230,9.3,2.1,Moderate,5.71,6.48
21,Male,172.0,96.4,32.57,1543,8,8402,5.0,3.6,High,5.66,6.11
42,Male,167.9,73.9,26.24,2421,66,8748,6.2,0.8,Moderate,5.78,6.12
52,Male,177.8,77.4,24.5,2626,4,8261,5.3,3.1,Moderate,3.31,3.86
63,Male,179.9,77.3,23.89,2837,44,4865,8.0,2.0,Low,3.7,4.27
31,Male,174.9,81.3,26.57,2253,95,2574,7.6,1.6,Low,5.93,6.75
18,Male,182.0,67.3,20.31,2674,111,11493,5.5,2.9,Low,5.16,5.7
52,Female,163.3,70.3,26.37,1848,0,11653,8.2,3.8,Low,4.83,5.31
18,Female,156.7,71.6,29.16,2783,25,9181,6.2,3.9,Low,3.62,4.3
21,Male,177.0,72.2,23.04,2637,30,9151,7.5,2.9,Low,3.86,4.32
65,Female,168.8,72.4,25.42,1899,108,4796,7.7,2.5,Low,7.53,8.11
59,Female,157.6,45.0,18.12,2565,43,1000,6.7,3.0,Moderate,3.34,4.44
51,Female,170.0,79.8,27.58,2844,75,7129,8.1,4.8,Moderate,5.01,5.46
58,Female,162.2,68.5,26.04,2339,53,1359,6.8,2.3,High,4.55,5.11
21,Male,178.2,45.0,14.17,1888,11,8645,7.4,3.6,Moderate,5.0,5.33
22,Female,160.5,71.7,27.83,2388,0,12564,6.7,2.1,Low,2.54,3.53
32,Female,143.4,71.1,34.59,2576,27,5843,4.8,1.9,High,4.77,4.78
19,Female,154.0,101.0,42.54,1884,109,6044,6.9,4.2,High,7.16,7.47
60,Male,162.0,68.3,26.02,1796,52,4479,6.0,2.6,Moderate,6.51,7.36
20,Male,154.1,90.0,37.93,2560,74,8154,8.7,2.8,Low,5.8,6.35
44,Male,184.2,102.9,30.32,2711,5,7883,5.4,3.1,High,3.81,4.71
58,Other,177.5,66.7,21.17,3374,35,4433,8.5,1.8,High,3.36,3.89
53,Female,154.1,77.1,32.47,2632,66,11194,6.8,2.2,High,6.3,6.66
29,Male,179.6,109.1,33.85,1695,14,17458,7.5,2.0,Moderate,6.33,6.89
40,Female,161.9,82.1,31.34,3319,43,12164,5.3,2.9,Low,4.07,4.21
44,Male,185.3,84.7,24.67,2827,20,7612,6.6,2.9,Moderate,3.67,3.98
54,Male,181.7,70.7,21.41,1297,68,7571,6.2,2.1,Moderate,6.5,7.42
38,Female,165.2,90.4,33.11,1784,56,6202,9.5,4.4,Low,6.2,6.71
31,Female,168.0,77.3,27.38,2054,64,6130,6.2,2.6,Low,5.8,6.39
56,Female,159.5,45.0,17.69,2719,69,11353,8.4,2.7,High,6.76,7.4
60,Female,181.8,71.6,21.67,1110,38,11505,8.4,3.8,Low,6.84,6.89
41,Female,153.5,56.7,24.08,2240,73,3906,8.4,1.8,Low,5.09,5.15
19,Female,158.3,80.0,31.93,2690,28,9282,6.3,2.1,Moderate,4.8,5.53
42,Male,179.4,61.5,19.11,1100,62,11888,9.2,2.9,High,8.5,8.96
60,Female,167.3,86.6,30.95,2673,0,6774,9.4,1.3,High,3.48,4.01
65,Female,165.4,78.8,28.8,2733,24,7259,7.4,2.4,Low,4.4,5.21
37,Male,167.4,55.5,19.82,1876,109,10435,6.4,4.4,Moderate,7.41,7.68
25,Male,172.7,69.1,23.18,1723,62,10535,6.0,4.2,High,7.84,8.24
45,Male,166.2,89.2,32.29,1868,62,9501,7.6,3.4,Moderate,8.16,8.64
57,Male,188.0,98.7,27.9,1100,21,8889,7.1,3.7,Low,6.69,7.41
63,Female,170.7,61.8,21.19,2136,14,9360,7.2,3.0,Moderate,5.14,5.61
20,Male,172.4,58.2,19.59,2409,37,7027,5.4,2.2,Moderate,4.75,5.13
31,Female,163.8,113.1,42.16,1690,43,4087,7.0,4.1,Moderate,7.19,8.39
40,Male,176.4,77.8,25.02,2786,98,2551,8.4,1.7,Moderate,6.06,6.67
22,Male,174.0,79.6,26.31,2351,73,10084,8.0,3.5,Low,6.58,7.41
60,Male,171.1,64.7,22.09,2430,48,8378,6.5,2.1,High,4.84,4.84
23,Male,166.5,81.9,29.52,2099,46,9594,6.9,2.2,Moderate,7.39,7.54
49,Other,174.0,108.9,35.95,2671,66,5098,5.2,3.1,Low,4.35,5.15
62,Male,169.6,82.6,28.69,2945,8,8359,6.2,4.4,Moderate,3.71,4.23
50,Male,172.9,97.2,32.5,2096,0,8275,6.6,3.9,Moderate,4.13,4.59
54,Male,189.7,78.5,21.83,2680,65,12476,7.8,2.9,Moderate,6.33,6.6
30,Male,175.4,59.5,19.36,2686,47,10981,6.2,2.7,High,5.34,6.28
57,Female,163.1,65.7,24.71,2508,8,5410,5.8,3.3,High,3.94,4.77
38,Female,153.1,57.9,24.7,3138,0,9765,7.9,3.8,Moderate,3.12,3.69
20,Male,167.7,81.9,29.12,1936,70,5385,6.5,1.0,Moderate,6.26,6.95
35,Female,180.3,100.0,30.78,2089,30,1000,6.0,2.5,Moderate,4.82,5.31
34,Female,173.5,80.9,26.87,1911,56,14040,8.0,1.7,Moderate,8.29,8.65
43,Female,141.2,72.5,36.35,2662,37,6687,7.6,2.4,Moderate,4.73,5.15
30,Female,162.4,63.8,24.17,2163,44,11638,6.8,1.5,Moderate,5.8,6.67
40,Male,167.4,84.4,30.13,1952,28,5685,6.6,1.0,High,5.29,5.75
38,Female,160.7,55.7,21.57,3131,42,5174,7.5,1.4,Moderate,4.06,4.68
33,Female,158.8,57.6,22.84,3204,61,6086,7.6,2.1,Low,3.66,4.11
51,Male,193.0,94.2,25.28,2135,37,8884,7.3,3.1,High,6.78,7.71
32,Other,178.8,73.0,22.84,1616,35,8616,7.1,1.9,High,6.88,7.25
54,Female,154.0,72.6,30.65,3231,62,9741,6.3,1.8,Low,4.74,5.87
30,Male,171.2,75.0,25.57,2535,63,6262,6.3,3.0,High,5.46,5.86
59,Female,161.6,91.1,34.87,2510,13,8141,6.8,2.9,Moderate,4.62,5.02
35,Female,155.5,81.0,33.51,2352,44,5048,5.8,4.1,Low,5.25,6.56
19,Female,169.9,64.6,22.4,1899,30,13142,5.7,3.4,Moderate,4.8,5.03
25,Female,151.2,65.3,28.56,2093,45,3400,6.9,1.7,Low,5.47,6.06
56,Female,158.1,74.5,29.8,2638,85,5123,8.2,2.0,Moderate,6.1,7.06
59,Female,158.0,83.4,33.42,2076,55,6518,4.5,3.3,High,6.87,6.93
28,Female,177.0,77.4,24.69,2516,105,16361,6.5,1.8,Moderate,6.85,7.54
46,Male,170.0,75.8,26.22,2306,51,10683,7.3,2.3,Low,5.92,5.98
45,Male,176.5,78.8,25.32,1771,40,5012,8.3,1.1,Low,6.06,6.67
24,Female,157.9,77.3,31.01,3110,44,10877,9.2,1.4,Moderate,4.38,5.69
39,Female,165.2,64.0,23.44,2597,48,9805,6.7,3.7,Moderate,5.11,5.11
51,Male,166.9,97.9,35.13,2465,54,8958,9.4,2.8,Moderate,6.61,7.18
64,Female,177.9,69.3,21.89,2577,17,10435,7.5,2.0,High,4.78,5.22
58,Female,171.8,80.3,27.2,1403,38,8203,8.0,2.2,Moderate,7.36,7.61
22,Female,163.3,45.0,16.87,2053,24,8597,5.7,4.1,Moderate,5.07,5.13
29,Male,182.2,74.1,22.34,1536,73,2564,7.5,2.0,Moderate,7.09,8.07
38,Female,173.4,58.2,19.37,2362,0,13050,8.1,3.0,Moderate,3.8,4.47
25,Male,162.5,60.4,22.87,2462,49,6433,6.2,3.4,Low,4.12,4.12
45,Male,182.8,121.6,36.4,2370,2,3669,4.0,3.9,Moderate,3.75,4.02
18,Female,159.1,82.5,32.6,2889,57,6234,7.2,1.8,Moderate,5.29,5.7
23,Female,153.2,100.1,42.62,1551,33,6375,6.7,1.3,Moderate,5.72,5.77
20,Male,171.0,93.4,31.93,1900,0,5195,8.6,1.6,Low,4.31,4.94
32,Female,160.4,95.7,37.21,2507,71,10721,6.4,3.3,Moderate,6.93,7.62
54,Female,167.1,74.4,26.65,2431,0,11409,6.2,4.4,Moderate,3.85,4.53
26,Male,183.5,106.9,31.76,1642,44,1142,5.6,3.3,High,6.63,7.93
65,Male,168.6,93.2,32.81,2898,64,6198,6.2,2.0,Moderate,4.82,5.09
30,Female,150.8,78.7,34.64,3071,83,6449,10.0,3.7,High,5.9,6.34
20,Female,163.5,82.7,30.96,2512,0,7397,5.1,2.2,Moderate,2.91,3.33
34,Male,168.9,75.5,26.49,1545,30,13972,5.4,1.9,High,5.86,6.76
53,Female,158.1,78.9,31.57,2379,75,5152,6.9,2.3,High,5.51,6.37
23,Female,158.7,77.2,30.65,2470,77,13468,9.4,2.1,Moderate,7.23,7.43
21,Female,164.7,84.9,31.28,2164,80,7488,7.9,2.0,High,7.9,9.01
58,Female,171.7,109.3,37.07,2973,116,13501,8.9,3.7,Low,5.92,6.2
46,Male,170.9,56.3,19.28,2242,30,6911,6.5,2.1,Moderate,4.23,5.13
34,Male,183.0,98.6,29.43,3352,55,6501,5.3,1.2,High,4.09,4.96
54,Male,181.1,71.4,21.76,2691,35,7920,6.5,3.1,Low,4.17,4.91
58,Female,156.6,100.9,41.14,2438,0,12522,6.9,1.7,Low,2.43,2.91
35,Female,161.9,72.0,27.47,2760,42,8554,7.0,1.8,Moderate,5.18,5.67
44,Female,161.7,85.4,32.66,3065,0,8732,6.7,3.2,Moderate,3.02,3.79
18,Male,173.9,75.1,24.84,2749,30,10228,7.7,1.9,Moderate,4.4,5.18
32,Female,163.2,46.8,17.59,2262,3,4920,6.1,2.2,Moderate,3.28,4.13
46,Male,185.7,109.3,31.68,1970,57,9178,5.9,2.6,Low,6.47,7.32
27,Male,182.0,61.0,18.42,1738,23,5801,5.6,2.3,High,5.52,6.24
65,Male,173.3,79.5,26.48,1100,0,13149,7.2,2.2,Low,5.03,6.13
64,Female,162.1,59.1,22.48,2387,69,9465,7.1,0.8,High,7.05,7.44
30,Male,186.3,53.9,15.54,2106,28,10424,8.3,2.4,Moderate,4.99,5.6
37,Female,176.5,74.3,23.84,2132,32,1000,8.9,4.1,Low,4.38,4.79
27,Other,173.0,67.3,22.5,2814,17,10473,5.6,3.2,Moderate,3.63,5.09
42,Female,153.8,57.0,24.09,2243,77,7378,7.0,2.3,Moderate,6.27,7.14
23,Male,169.9,77.4,26.79,3247,52,2969,6.8,3.0,High,4.45,5.41
36,Female,158.6,51.3,20.4,2013,27,8332,5.2,3.2,Moderate,4.56,5.32
44,Female,164.0,80.3,29.84,1814,0,2685,6.4,1.8,High,4.65,5.23
47,Male,163.5,75.7,28.33,1671,115,10138,8.9,3.7,Moderate,8.5,10.0
46,Female,150.0,45.0,20.0,2661,100,13018,6.2,2.7,Low,4.99,6.01
28,Female,159.6,68.6,26.93,2875,85,1733,6.0,2.3,Moderate,4.52,5.01
56,Male,169.4,86.4,30.11,2002,25,7895,6.9,4.0,Moderate,4.87,5.37
51,Female,164.0,58.9,21.88,1768,30,7422,8.1,0.8,Low,5.07,5.75
54,Male,169.3,87.2,30.43,3065,56,1036,6.6,1.5,Low,3.61,4.02
40,Male,167.3,85.8,30.65,1574,19,11207,7.2,3.2,Moderate,6.98,7.46
60,Female,164.8,59.7,21.97,2805,17,10189,4.3,3.2,Moderate,3.5,3.57
36,Male,172.8,77.8,26.06,2014,85,15091,7.7,4.1,High,8.5,8.5
56,Male,174.4,92.8,30.53,2498,43,9736,7.3,0.8,Low,4.36,5.65
27,Male,192.8,62.2,16.73,2838,13,4923,8.1,3.4,Moderate,3.97,4.39
29,Male,172.8,74.3,24.89,2538,71,9800,4.8,1.5,Moderate,5.49,5.98
43,Male,178.8,98.7,30.86,2152,28,12496,6.6,3.0,High,5.82,6.45
44,Female,162.3,62.6,23.75,2998,0,6372,8.2,2.5,Low,2.98,3.83
53,Male,173.5,86.3,28.66,2444,13,10983,6.3,3.4,Low,3.68,4.56
32,Male,176.2,58.6,18.87,4141,30,1000,7.1,2.4,Low,2.15,3.11
59,Female,159.0,75.1,29.72,1447,51,13162,6.5,3.5,High,8.28,9.08
33,Other,175.6,86.0,27.9,1440,49,10801,6.5,1.9,Low,7.16,7.67
43,Male,169.3,45.0,15.7,2797,79,1000,8.4,2.5,High,5.27,6.31
62,Male,170.0,68.4,23.65,2284,38,9339,5.3,2.8,Moderate,4.35,4.89
43,Male,174.1,85.7,28.27,2696,31,1047,6.9,4.1,High,4.22,5.18
50,Male,158.2,82.1,32.78,1750,79,5861,7.3,3.3,Low,7.6,7.67
61,Male,186.0,68.6,19.83,2327,72,10376,8.1,2.8,Moderate,6.33,7.38
64,Female,160.5,58.1,22.56,2528,39,7523,6.9,3.2,High,5.15,5.43
41,Female,147.9,89.3,40.81,2028,53,12398,8.2,3.6,Low,7.15,7.25
38,Male,179.3,72.2,22.45,2415,31,8223,6.9,2.9,Moderate,4.61,4.75
27,Other,182.6,87.8,26.32,1619,12,7868,7.1,1.7,High,5.97,6.64
43,Male,163.4,84.8,31.78,2497,106,11844,7.1,3.2,Low,7.09,8.49
62,Male,181.4,69.9,21.25,3022,29,6818,7.8,2.6,High,4.59,5.12
41,Male,170.6,97.3,33.44,1681,53,7911,7.7,2.3,Low,6.53,7.09
34,Male,192.3,67.3,18.2,1651,2,8373,5.7,1.9,Low,3.89,4.76
23,Female,161.6,99.4,38.07,2894,65,7763,7.3,3.1,Low,5.06,5.46
36,Male,181.3,101.8,30.98,1642,11,12060,7.6,3.1,Moderate,5.79,6.34
29,Female,163.2,96.9,36.36,2720,91,5666,8.8,1.7,Low,6.22,6.7
64,Male,191.6,74.7,20.37,2327,95,5093,5.8,1.6,Moderate,4.86,6.15
43,Female,158.1,123.8,49.55,2091,60,4284,7.6,4.3,Moderate,6.96,7.58
24,Female,156.8,80.7,32.82,3033,48,1000,6.6,3.4,Low,3.98,4.84
21,Female,161.1,82.3,31.72,2764,39,13193,7.2,2.7,Low,5.08,5.44
58,Male,177.2,77.6,24.7,2439,43,4847,5.7,3.1,Low,4.4,4.61
62,Female,149.0,57.7,25.97,1223,56,7164,7.0,2.2,Low,6.43,7.26
54,Female,170.9,101.3,34.69,2656,47,13452,7.4,2.4,Moderate,6.94,7.63
23,Male,153.3,67.7,28.8,1764,72,7503,5.8,2.6,Moderate,7.44,8.4
22,Female,156.9,94.6,38.42,2189,19,9800,8.7,3.5,High,5.9,6.19
27,Male,170.1,98.9,34.18,2303,87,3027,5.1,1.3,Moderate,5.43,6.0
54,Male,183.4,88.9,26.43,3248,33,12894,7.6,1.7,High,4.25,4.39
54,Female,152.9,65.5,28.03,2173,24,7574,4.1,1.5,Moderate,4.78,5.21
58,Male,183.6,71.9,21.32,1588,55,4435,6.7,3.4,High,6.61,6.71
22,Male,180.4,45.0,13.83,3034,56,4433,7.6,2.5,Low,4.36,4.86
25,Male,154.3,75.9,31.89,2662,0,13914,7.9,1.8,Low,3.63,4.69
61,Male,178.9,92.4,28.88,2681,31,5948,6.9,2.4,Moderate,4.33,4.63
62,Male,171.3,73.7,25.14,3044,0,4511,6.7,2.0,Moderate,2.41,2.7
52,Male,183.3,67.4,20.05,3161,26,6484,7.7,1.3,High,4.05,4.59
23,Female,163.6,72.6,27.12,1854,27,8158,8.1,3.7,Moderate,6.07,6.61
21,Female,156.5,99.9,40.78,1604,53,8531,8.7,2.5,High,8.5,9.37
20,Female,161.4,77.0,29.58,2721,22,9555,5.5,3.8,Low,4.08,4.22
51,Male,166.7,111.4,40.1,2168,29,8821,6.8,1.3,Moderate,4.99,4.99
58,Female,150.4,67.7,29.96,2214,81,10264,4.4,3.1,Moderate,6.96,7.58
48,Male,159.6,81.9,32.16,1739,102,7045,5.4,1.3,Low,6.94,8.13
30,Male,169.3,70.2,24.5,2591,19,15252,6.2,4.8,High,4.58,5.12
54,Female,154.6,115.3,48.24,2501,73,6290,8.0,1.0,Moderate,5.97,6.71
20,Male,162.5,81.2,30.76,2222,55,12733,6.4,4.2,Low,6.08,6.66
57,Female,158.2,116.3,46.48,1605,0,5903,6.7,2.6,Moderate,4.13,5.0
60,Female,153.5,70.4,29.9,2904,22,3002,7.4,2.4,Moderate,4.41,4.91
52,Female,171.3,105.5,35.96,2427,0,2165,6.2,3.1,Moderate,3.72,4.29
60,Male,170.0,80.1,27.72,2858,54,9063,4.6,1.8,Moderate,5.65,6.82
46,Male,166.4,93.1,33.6,1248,14,12066,6.1,3.3,Moderate,6.1,7.1
40,Male,171.5,56.0,19.06,2328,48,3971,6.9,3.4,Low,3.65,4.01
33,Female,166.2,84.3,30.53,1941,116,4928,7.6,2.6,Low,7.65,8.02
62,Female,160.0,58.8,22.95,2318,89,9351,6.8,2.8,Low,6.31,6.7
51,Female,172.5,82.6,27.77,2771,23,7991,7.5,4.3,Moderate,5.15,5.35
27,Male,179.6,50.7,15.71,2484,16,5950,8.1,3.2,Low,3.92,4.33
63,Female,164.1,76.3,28.34,2309,81,3522,8.3,1.9,Moderate,5.76,6.31
20,Female,154.8,97.7,40.76,2306,16,9081,7.2,3.3,High,5.91,6.24
46,Female,165.4,87.9,32.1,1520,72,10285,5.6,2.1,High,8.42,9.2
27,Female,153.1,55.8,23.81,1846,121,9721,5.5,1.9,Moderate,7.06,7.07
49,Male,180.4,45.0,13.83,2860,63,8092,5.6,3.1,Moderate,4.63,4.82
37,Male,157.5,86.9,35.06,2047,78,4305,5.7,1.7,High,7.23,8.06
38,Female,156.2,106.5,43.62,2870,74,9100,7.1,2.6,Moderate,6.63,7.89
50,Male,182.8,60.6,18.14,2713,29,8839,9.3,3.2,Low,3.37,4.06
54,Male,178.1,115.8,36.5,2739,53,3403,7.3,4.3,Low,5.15,5.46
36,Male,188.8,77.9,21.85,2466,18,6941,6.9,3.2,Low,3.26,3.47
65,Male,187.6,45.0,12.78,2081,81,9282,8.2,1.3,High,7.43,7.89
41,Female,159.0,49.9,19.75,2224,14,7726,6.0,1.4,Low,3.59,4.63
25,Male,172.0,91.9,31.06,2620,64,1138,8.3,4.2,Low,5.55,6.33
18,Male,166.3,80.3,29.04,1237,76,5758,8.2,2.0,Moderate,7.83,8.0
27,Female,162.0,104.7,39.89,2921,31,5525,7.1,1.2,High,5.05,5.78
51,Female,162.3,56.4,21.42,2049,24,9957,9.5,1.7,Low,4.2,5.3
43,Male,169.3,80.1,27.97,2256,40,17094,8.3,3.3,Moderate,5.7,6.72
34,Male,166.7,78.1,28.13,2261,20,8468,7.1,2.7,Moderate,4.87,5.93
41,Male,177.2,75.4,24.02,2280,49,3807,6.8,3.2,Low,4.12,5.0
58,Male,187.6,71.1,20.21,1643,19,7438,6.5,2.6,Moderate,5.14,5.29
45,Male,181.5,71.5,21.7,2375,21,8037,6.8,1.6,High,4.17,4.49
20,Male,171.4,81.1,27.61,2597,60,10648,6.9,1.0,Low,5.0,6.21
20,Female,156.2,83.4,34.22,1277,62,12347,6.6,1.8,Low,7.66,8.14
41,Female,155.5,82.5,34.15,1649,36,12868,6.7,2.7,High,6.72,6.72
37,Female,149.2,99.7,44.78,2747,0,9880,5.6,1.5,High,3.23,4.04
58,Male,173.2,56.4,18.8,2654,77,7997,6.3,3.5,Moderate,4.59,5.56
45,Male,172.4,45.4,15.27,2449,32,13191,5.1,1.7,Low,3.17,3.75
54,Other,179.2,96.3,29.99,1958,102,6783,7.5,1.1,Low,6.91,7.7
46,Female,156.5,61.0,24.92,2657,41,8190,7.1,2.6,Low,4.64,4.95
34,Female,158.6,71.2,28.28,1698,48,7147,6.9,3.3,Low,6.15,6.59
49,Male,167.8,67.0,23.79,2231,32,1000,8.1,3.9,Moderate,4.98,4.98
47,Male,176.4,66.6,21.39,1646,51,12451,6.0,1.1,Low,6.05,6.28
52,Female,158.3,51.8,20.65,2218,142,10364,6.1,3.9,Low,6.21,7.31
27,Female,154.6,67.7,28.36,1784,35,1000,5.2,2.8,Moderate,5.89,5.89
48,Male,164.9,89.7,32.97,2677,80,11506,8.2,2.0,Low,6.71,7.17
31,Female,169.5,77.9,27.13,2516,47,6937,7.7,3.2,Low,4.92,5.33
55,Female,162.9,87.1,32.82,2014,77,11459,8.6,3.8,Moderate,8.36,9.17
56,Female,157.7,69.1,27.76,2845,0,8265,8.9,1.1,Low,2.3,2.3
47,Male,184.7,94.3,27.62,1821,99,3249,6.5,2.2,Moderate,6.64,6.97
63,Female,147.6,68.8,31.58,2282,54,8092,6.1,2.1,Low,4.59,4.98
43,Female,161.0,45.0,17.36,1992,37,4855,4.8,3.2,Low,4.98,5.72
19,Male,183.1,83.7,24.96,2671,70,3719,5.7,3.9,Moderate,4.77,5.37
47,Female,155.5,91.8,37.99,2621,49,11034,6.6,2.7,Moderate,5.63,5.65
55,Female,156.7,67.9,27.65,2950,12,9370,4.5,2.3,Low,2.9,3.38
22,Female,159.1,99.6,39.33,2341,0,13241,5.7,3.0,High,4.25,4.57
23,Male,163.0,62.7,23.6,1100,96,6619,6.9,2.4,High,7.3,8.06
31,Female,169.6,90.1,31.3,2084,38,4629,8.1,0.8,Moderate,6.29,6.8
58,Male,181.0,109.4,33.39,3082,27,10235,6.1,3.1,Low,3.92,5.13
43,Male,184.7,78.7,23.05,2137,30,5082,7.2,3.5,Low,4.63,5.0
64,Male,167.5,73.9,26.35,1341,86,6914,9.2,3.6,High,7.47,7.87
59,Male,171.8,76.1,25.77,2524,31,9837,4.8,1.6,Low,4.16,4.57
44,Male,169.5,107.3,37.33,2562,63,7559,8.3,3.1,Low,5.64,6.18
50,Female,162.6,85.3,32.22,1936,35,6289,7.5,4.0,Low,6.76,7.66
33,Female,165.8,116.6,42.44,2176,9,3090,8.5,4.9,Low,4.64,5.09
22,Male,175.7,83.0,26.88,1876,70,11279,8.2,3.0,Low,7.62,8.08
37,Other,172.2,66.2,22.34,2561,75,6710,6.2,3.5,Low,4.34,5.06
46,Male,195.3,67.5,17.7,2328,25,10163,7.0,1.7,Moderate,4.85,5.12
26,Female,156.0,79.1,32.5,1717,43,9700,5.2,1.6,Low,6.8,7.63
28,Female,160.4,45.0,17.49,2295,47,11819,6.4,3.5,Moderate,5.65,6.12
18,Female,170.6,69.5,23.86,1933,57,7175,7.0,0.8,Moderate,6.89,7.17
53,Female,159.0,69.8,27.62,3030,100,6782,7.4,2.7,Low,5.84,5.84
61,Female,168.6,82.3,28.94,2746,35,4121,7.9,3.9,High,6.1,6.31
57,Male,180.8,113.0,34.57,2238,35,6100,8.9,3.2,Moderate,5.28,5.8
36,Male,171.9,79.0,26.73,2340,40,9194,6.5,3.2,Moderate,5.27,5.84
46,Male,171.1,45.0,15.38,2806,18,5140,8.4,2.6,Low,3.56,4.06
64,Male,171.8,61.5,20.86,2213,0,9105,7.3,2.2,Moderate,3.81,3.89
46,Male,165.4,82.7,30.25,2679,48,13135,5.4,4.5,High,6.69,7.22
32,Male,179.1,79.7,24.85,3038,59,6441,6.8,3.7,High,4.97,5.03
34,Female,155.9,107.2,44.13,2054,45,3399,7.1,3.4,Moderate,7.05,7.21
52,Female,161.5,95.3,36.53,3123,43,6553,6.0,2.6,Moderate,4.27,5.25
39,Female,158.2,94.7,37.88,2977,19,3020,5.8,2.1,High,4.06,4.61
58,Female,164.4,74.1,27.4,2424,52,12669,5.7,3.6,Low,5.17,5.91
59,Male,183.4,97.8,29.07,2078,49,8296,6.3,2.3,Moderate,6.17,7.26
19,Male,182.2,61.9,18.64,2418,58,5450,6.0,2.7,Moderate,4.59,5.16
52,Female,165.7,95.4,34.74,2177,54,6040,8.5,3.2,Moderate,7.25,8.18
35,Female,162.2,72.9,27.73,1903,56,3862,4.1,2.8,Low,5.24,5.97
42,Male,184.8,51.9,15.2,2566,81,11538,7.1,4.0,Low,6.08,6.41
30,Male,170.7,88.7,30.44,1788,61,14430,7.6,1.4,Low,7.75,8.29
35,Female,156.0,103.2,42.39,2130,58,2770,5.8,2.7,High,6.59,6.91
33,Male,183.6,70.7,20.98,2137,0,11651,6.7,4.5,Moderate,3.89,4.69
20,Male,180.7,106.1,32.49,1617,74,7139,6.6,3.4,Moderate,7.66,8.6
55,Male,171.7,48.2,16.35,2629,36,12436,6.9,2.4,High,4.79,4.9
24,Female,169.1,56.5,19.74,2185,47,1581,7.8,3.3,Low,5.36,5.64
36,Female,162.7,75.4,28.47,2949,9,8788,7.7,2.6,Moderate,4.19,4.65
27,Female,160.4,71.3,27.72,2177,103,6572,6.3,3.9,Moderate,7.1,7.4
25,Female,171.4,66.0,22.47,2096,0,10306,5.2,3.3,High,4.45,4.95
35,Female,149.1,80.4,36.15,1847,86,8213,7.2,1.8,Moderate,8.23,8.94
62,Male,167.9,68.5,24.3,2319,56,8077,6.2,2.8,High,5.52,6.55
63,Female,155.8,71.5,29.46,2322,0,7629,6.4,3.0,Moderate,3.67,4.08
36,Female,163.5,83.0,31.06,2670,102,13468,7.3,3.0,Low,7.06,7.45
42,Female,157.9,66.0,26.47,2333,59,7387,6.5,2.9,Moderate,5.37,6.08
65,Male,172.7,76.1,25.52,3346,0,11024,7.4,3.1,Low,2.39,2.96
29,Female,171.2,66.4,22.65,2528,33,10199,10.0,3.0,Moderate,4.21,4.25
63,Female,175.0,56.3,18.38,1806,59,11110,7.8,2.0,Low,8.06,8.34
23,Male,192.3,91.7,24.81,1764,92,4448,8.6,2.2,Moderate,7.17,7.64
28,Male,166.5,108.7,39.25,2567,33,10475,7.6,2.4,High,6.21,7.07
34,Male,162.7,97.2,36.69,1790,0,9179,7.1,2.7,Low,4.45,5.43
19,Female,174.1,84.0,27.7,2597,85,3836,7.6,2.4,Low,5.25,5.46
57,Female,147.2,66.5,30.67,2747,58,7256,7.6,3.6,Low,4.93,5.25
59,Male,172.5,72.8,24.47,2759,0,16029,8.0,1.7,Low,2.73,3.62
36,Female,156.9,97.0,39.41,1865,54,6628,7.1,1.0,Low,6.85,7.27
58,Male,177.3,45.0,14.32,2760,57,6713,5.4,4.4,Moderate,4.49,5.2
55,Male,175.1,71.5,23.31,2461,35,9577,5.2,1.9,Moderate,4.91,5.43
56,Male,163.6,91.2,34.07,1996,21,6106,7.6,3.6,Moderate,5.95,6.54
56,Female,157.4,57.5,23.21,2220,27,8491,5.6,3.1,Low,4.08,4.52
45,Female,167.5,85.6,30.5,2535,35,6428,7.8,1.9,Moderate,5.37,6.34
23,Male,188.5,84.8,23.85,1963,54,9408,8.6,2.5,High,7.68,7.72
62,Male,188.8,51.8,14.53,2450,67,7783,6.7,2.3,Moderate,4.83,5.27
47,Female,162.8,79.6,30.0,3022,0,14831,8.5,2.9,Moderate,3.68,4.63
61,Female,150.0,66.9,29.73,2782,52,8161,7.3,1.9,Moderate,4.91,5.42
64,Female,157.0,85.5,34.69,2340,58,7220,7.0,2.4,Low,5.99,6.54
26,Female,168.3,90.1,31.78,2417,49,11603,7.1,2.6,Low,6.24,7.15
37,Female,162.4,85.2,32.29,2030,33,3131,6.0,3.6,Moderate,5.43,6.17
27,Male,153.8,79.3,33.53,2045,84,13921,5.8,2.2,Low,7.43,8.31
20,Female,162.9,83.2,31.34,1531,82,4540,5.0,1.7,Moderate,7.23,8.23
64,Male,183.1,56.8,16.96,2425,34,12173,6.1,2.1,Moderate,3.9,3.97
62,Male,172.4,77.4,26.05,2641,42,13098,9.6,2.9,Low,4.55,4.97
62,Male,168.3,63.7,22.49,2264,66,6159,5.2,1.0,Moderate,4.56,4.85
60,Male,181.9,96.6,29.19,1861,80,6496,5.6,3.7,Low,5.6,6.29
49,Female,173.9,90.3,29.87,2333,22,7617,6.0,2.6,Low,4.45,5.4
43,Other,174.7,90.2,29.56,2970,15,10175,6.1,3.0,Moderate,4.14,4.14
65,Female,163.3,108.8,40.82,2748,52,4506,7.3,2.8,Moderate,5.16,5.18
44,Male,173.1,72.1,24.05,2285,13,7617,6.3,2.0,High,4.43,4.43
48,Female,163.0,68.1,25.65,3323,0,6903,6.8,1.6,High,2.86,3.14
28,Female,170.6,71.6,24.63,3649,22,3970,6.0,2.0,Moderate,3.1,3.69
53,Male,176.7,49.2,15.74,2059,56,4342,6.4,1.2,Low,5.1,6.24
57,Female,170.5,50.6,17.39,2177,88,8448,6.9,2.9,Low,5.75,5.86
50,Female,157.3,89.2,36.04,2646,25,8386,6.8,2.5,Low,4.27,5.68
41,Male,161.2,52.9,20.35,1843,41,5326,9.4,1.2,Low,4.9,5.65
